﻿Country Name,Country Code,Series Name,Series Code,1990 [YR1990],1991 [YR1991],1992 [YR1992],1993 [YR1993],1994 [YR1994],1995 [YR1995],1996 [YR1996],1997 [YR1997],1998 [YR1998],1999 [YR1999],2000 [YR2000],2001 [YR2001],2002 [YR2002],2003 [YR2003],2004 [YR2004],2005 [YR2005],2006 [YR2006],2007 [YR2007],2008 [YR2008],2009 [YR2009],2010 [YR2010],2011 [YR2011],2012 [YR2012],2013 [YR2013],2014 [YR2014],2015 [YR2015],2016 [YR2016],2017 [YR2017],2018 [YR2018],2019 [YR2019]
Afghanistan,AFG,Access to clean fuels and technologies for cooking (% of population),EG.CFT.ACCS.ZS,..,..,..,..,..,..,..,..,..,..,8.8,9.51,10.39,11.46,12.43,13.49,14.81,15.99,17.44,18.84,20.68,22.33,24.08,26.17,27.99,30.1,32.44,..,..,..
Albania,ALB,Access to clean fuels and technologies for cooking (% of population),EG.CFT.ACCS.ZS,..,..,..,..,..,..,..,..,..,..,39.8,42.7,45.23,47.62,50.53,53.25,55.57,58.14,60.75,63.24,65.23,67.81,69.96,71.78,73.98,75.37,77.42,..,..,..
Algeria,DZA,Access to clean fuels and technologies for cooking (% of population),EG.CFT.ACCS.ZS,..,..,..,..,..,..,..,..,..,..,86.47,87.68,88.87,89.4,90.3,90.97,91.09,91.56,92.06,92.42,92.41,92.49,92.47,92.83,93.1,92.7,92.62,..,..,..
American Samoa,ASM,Access to clean fuels and technologies for cooking (% of population),EG.CFT.ACCS.ZS,..,..,..,..,..,..,..,..,..,..,..,..,..,..,..,..,..,..,..,..,..,..,..,..,..,..,..,..,..,..
Andorra,AND,Access to clean fuels and technologies for cooking (% of population),EG.CFT.ACCS.ZS,..,..,..,..,..,..,..,..,..,..,100,100,100,100,100,100,100,100,100,100,100,100,100,100,100,100,100,..,..,..
Angola,AGO,Access to clean fuels and technologies for cooking (% of population),EG.CFT.ACCS.ZS,..,..,..,..,..,..,..,..,..,..,37.27,37.96,38.49,39.24,39.94,40.75,41.39,41.91,42.58,43.32,44.1,44.8,45.36,46.15,46.67,47.36,48.05,..,..,..
Antigua and Barbuda,ATG,Access to clean fuels and technologies for cooking (% of population),EG.CFT.ACCS.ZS,..,..,..,..,..,..,..,..,..,..,96.66,96.97,97.2,97.4,97.57,97.7,97.9,98.03,98.1,98.24,98.34,98.43,98.48,98.55,98.61,98.67,98.75,..,..,..
Arab World,ARB,Access to clean fuels and technologies for cooking (% of population),EG.CFT.ACCS.ZS,..,..,..,..,..,..,..,..,..,..,73.7024969934552,74.944858542399,76.2580659438521,77.1204645424229,78.0944394052279,79.0620019628621,79.8516823469299,80.5705365032685,81.2108836772367,81.8096311688039,82.3681009091237,82.7832181221041,83.1200958063735,83.5331307614721,83.8973307800787,84.1715958810689,84.5107329364941,..,..,..
Argentina,ARG,Access to clean fuels and technologies for cooking (% of population),EG.CFT.ACCS.ZS,..,..,..,..,..,..,..,..,..,..,94.8,95.21,95.62,96.02,96.28,96.68,96.84,97.02,97.34,97.49,97.63,97.82,97.94,98.1,98.16,98.29,98.4,..,..,..
Armenia,ARM,Access to clean fuels and technologies for cooking (% of population),EG.CFT.ACCS.ZS,..,..,..,..,..,..,..,..,..,..,81.97,83.79,85.48,86.88,88.6,89.72,90.91,91.67,92.55,93.33,94.04,94.77,95.1,95.69,96.12,96.62,96.9,..,..,..
Aruba,ABW,Access to clean fuels and technologies for cooking (% of population),EG.CFT.ACCS.ZS,..,..,..,..,..,..,..,..,..,..,..,..,..,..,..,..,..,..,..,..,..,..,..,..,..,..,..,..,..,..
Australia,AUS,Access to clean fuels and technologies for cooking (% of population),EG.CFT.ACCS.ZS,..,..,..,..,..,..,..,..,..,..,100,100,100,100,100,100,100,100,100,100,100,100,100,100,100,100,100,..,..,..
Austria,AUT,Access to clean fuels and technologies for cooking (% of population),EG.CFT.ACCS.ZS,..,..,..,..,..,..,..,..,..,..,100,100,100,100,100,100,100,100,100,100,100,100,100,100,100,100,100,..,..,..
Azerbaijan,AZE,Access to clean fuels and technologies for cooking (% of population),EG.CFT.ACCS.ZS,..,..,..,..,..,..,..,..,..,..,73.19,76.11,78.64,80.9,83.01,84.79,86.11,87.67,89.21,90.38,91.38,92.25,92.96,93.71,94.44,95.1,95.54,..,..,..
"Bahamas, The",BHS,Access to clean fuels and technologies for cooking (% of population),EG.CFT.ACCS.ZS,..,..,..,..,..,..,..,..,..,..,100,100,100,100,100,100,100,100,100,100,100,100,100,100,100,100,100,..,..,..
Bahrain,BHR,Access to clean fuels and technologies for cooking (% of population),EG.CFT.ACCS.ZS,..,..,..,..,..,..,..,..,..,..,100,100,100,100,100,100,100,100,100,100,100,100,100,100,100,100,100,..,..,..
Bangladesh,BGD,Access to clean fuels and technologies for cooking (% of population),EG.CFT.ACCS.ZS,..,..,..,..,..,..,..,..,..,..,7.24,7.78,8.16,8.73,9.2,9.74,10.36,10.92,11.59,12.2,12.9,13.63,14.33,15.06,15.96,16.68,17.72,..,..,..
Barbados,BRB,Access to clean fuels and technologies for cooking (% of population),EG.CFT.ACCS.ZS,..,..,..,..,..,..,..,..,..,..,97.4,97.66,97.91,98.16,98.35,98.49,98.65,98.8,98.92,99.01,99.08,99.17,99.24,99.3,99.36,99.41,99.44,..,..,..
Belarus,BLR,Access to clean fuels and technologies for cooking (% of population),EG.CFT.ACCS.ZS,..,..,..,..,..,..,..,..,..,..,93.69,94.36,94.84,95.32,95.7,96.13,96.43,96.75,96.93,97.19,97.43,97.57,97.69,97.85,97.91,98.01,98.18,..,..,..
Belgium,BEL,Access to clean fuels and technologies for cooking (% of population),EG.CFT.ACCS.ZS,..,..,..,..,..,..,..,..,..,..,100,100,100,100,100,100,100,100,100,100,100,100,100,100,100,100,100,..,..,..
Belize,BLZ,Access to clean fuels and technologies for cooking (% of population),EG.CFT.ACCS.ZS,..,..,..,..,..,..,..,..,..,..,78.18,78.87,79.42,80.01,80.57,80.98,81.47,82.07,82.48,82.82,83.31,83.78,84.17,84.54,84.84,85.18,85.43,..,..,..
Benin,BEN,Access to clean fuels and technologies for cooking (% of population),EG.CFT.ACCS.ZS,..,..,..,..,..,..,..,..,..,..,1.83,2.06,2.28,2.58,2.89,3.24,3.49,3.91,4.19,4.46,4.78,4.99000000000001,5.34,5.58,5.85,6.06,6.44,..,..,..
Bermuda,BMU,Access to clean fuels and technologies for cooking (% of population),EG.CFT.ACCS.ZS,..,..,..,..,..,..,..,..,..,..,..,..,..,..,..,..,..,..,..,..,..,..,..,..,..,..,..,..,..,..
Bhutan,BTN,Access to clean fuels and technologies for cooking (% of population),EG.CFT.ACCS.ZS,..,..,..,..,..,..,..,..,..,..,31.67,33.34,35.16,36.36,38.11,39.58,40.85,41.81,43.54,44.98,46.33,47.2,48.11,49.76,50.65,51.75,52.5,..,..,..
Bolivia,BOL,Access to clean fuels and technologies for cooking (% of population),EG.CFT.ACCS.ZS,..,..,..,..,..,..,..,..,..,..,65.29,66.5,67.76,69.01,70.11,71.49,72.6,73.66,74.69,75.8,76.55,77.59,78.52,79.5,80.45,62.55,64,..,..,..
Bosnia and Herzegovina,BIH,Access to clean fuels and technologies for cooking (% of population),EG.CFT.ACCS.ZS,..,..,..,..,..,..,..,..,..,..,38.07,39.56,41.48,42.57,44.63,45.7,47.63,49.34,50.79,52.48,54.24,55.89,57.44,58.82,60.38,62.22,63.38,..,..,..
Botswana,BWA,Access to clean fuels and technologies for cooking (% of population),EG.CFT.ACCS.ZS,..,..,..,..,..,..,..,..,..,..,45.12,46.53,47.72,49.24,50.64,52.01,53,54.39,55.38,56.73,57.59,58.72,59.92,61.05,62.12,63.15,64.08,..,..,..
Brazil,BRA,Access to clean fuels and technologies for cooking (% of population),EG.CFT.ACCS.ZS,..,..,..,..,..,..,..,..,..,..,86.91,87.89,88.8,89.55,90.3,91.04,91.67,92.17,92.73,93.27,93.66,94.07,94.48,94.77,95.1,95.38,95.59,..,..,..
British Virgin Islands,VGB,Access to clean fuels and technologies for cooking (% of population),EG.CFT.ACCS.ZS,..,..,..,..,..,..,..,..,..,..,..,..,..,..,..,..,..,..,..,..,..,..,..,..,..,..,..,..,..,..
Brunei Darussalam,BRN,Access to clean fuels and technologies for cooking (% of population),EG.CFT.ACCS.ZS,..,..,..,..,..,..,..,..,..,..,100,100,100,100,100,100,100,100,100,100,100,100,100,100,100,100,100,..,..,..
Bulgaria,BGR,Access to clean fuels and technologies for cooking (% of population),EG.CFT.ACCS.ZS,..,..,..,..,..,..,..,..,..,..,64.96,68.7,72.09,75.09,77.62,79.75,81.48,83,84.2,85.22,86.04,86.7,87.27,87.71,88.11,88.42,88.65,..,..,..
Burkina Faso,BFA,Access to clean fuels and technologies for cooking (% of population),EG.CFT.ACCS.ZS,..,..,..,..,..,..,..,..,..,..,2.83,3.06,3.35,3.57,3.85,4.21,4.48,4.8,5.16,5.51,6.01,6.43,6.82,7.33,7.88,8.46,8.93000000000001,..,..,..
Burundi,BDI,Access to clean fuels and technologies for cooking (% of population),EG.CFT.ACCS.ZS,..,..,..,..,..,..,..,..,..,..,0.619999999999998,0.619999999999998,0.629999999999997,0.639999999999996,0.649999999999995,0.670000000000004,0.670000000000004,0.690000000000002,0.700000000000001,0.690000000000002,0.719999999999998,0.760000000000005,0.770000000000004,0.770000000000004,0.81,0.829999999999997,0.849999999999995,..,..,..
Cabo Verde,CPV,Access to clean fuels and technologies for cooking (% of population),EG.CFT.ACCS.ZS,..,..,..,..,..,..,..,..,..,..,56.79,58.2,59.38,60.37,61.44,62.64,63.4,64.56,65.39,66.33,67.17,67.96,68.49,69.48,70.06,70.63,71.05,..,..,..
Cambodia,KHM,Access to clean fuels and technologies for cooking (% of population),EG.CFT.ACCS.ZS,..,..,..,..,..,..,..,..,..,..,4.66,5.18,5.69,6.22,6.73,7.35,7.98,8.72000000000001,9.47,10.32,11.22,12.02,12.98,14.05,15.28,16.36,17.69,..,..,..
Cameroon,CMR,Access to clean fuels and technologies for cooking (% of population),EG.CFT.ACCS.ZS,..,..,..,..,..,..,..,..,..,..,9.88,10.57,11.27,11.91,12.64,13.5,14.13,15.06,15.87,16.76,17.6,18.45,19.44,20.22,21.06,21.98,23.04,..,..,..
Canada,CAN,Access to clean fuels and technologies for cooking (% of population),EG.CFT.ACCS.ZS,..,..,..,..,..,..,..,..,..,..,100,100,100,100,100,100,100,100,100,100,100,100,100,100,100,100,100,..,..,..
Caribbean small states,CSS,Access to clean fuels and technologies for cooking (% of population),EG.CFT.ACCS.ZS,..,..,..,..,..,..,..,..,..,..,78.3359458130408,79.5102923268249,80.6716811426433,81.6458868127875,82.749133171121,83.6576945245769,84.5791086253311,85.5220976369868,86.3345385495771,87.1582322683622,87.9000163268104,88.6391566034643,89.2357081839313,89.8589857236413,90.4770373682484,91.001065149566,91.4965427997004,..,..,..
Cayman Islands,CYM,Access to clean fuels and technologies for cooking (% of population),EG.CFT.ACCS.ZS,..,..,..,..,..,..,..,..,..,..,..,..,..,..,..,..,..,..,..,..,..,..,..,..,..,..,..,..,..,..
Central African Republic,CAF,Access to clean fuels and technologies for cooking (% of population),EG.CFT.ACCS.ZS,..,..,..,..,..,..,..,..,..,..,0.570000000000004,0.600000000000001,0.600000000000001,0.609999999999999,0.639999999999996,0.629999999999997,0.690000000000002,0.680000000000003,0.729999999999997,0.739999999999996,0.780000000000003,0.819999999999999,0.839999999999996,0.839999999999996,0.870000000000004,0.919999999999999,0.970000000000004,..,..,..
Central Europe and the Baltics,CEB,Access to clean fuels and technologies for cooking (% of population),EG.CFT.ACCS.ZS,..,..,..,..,..,..,..,..,..,..,87.4773973209458,88.5132265200419,89.4406268856217,90.259447100956,91.0035998817136,91.6047242377592,92.2135068090159,92.7583153910692,93.2630575080258,93.671145849005,94.0490809006889,94.3678080794948,94.6649573070051,94.8847791848689,95.1382272082721,95.335098809596,95.485364421507,..,..,..
Chad,TCD,Access to clean fuels and technologies for cooking (% of population),EG.CFT.ACCS.ZS,..,..,..,..,..,..,..,..,..,..,3.29,3.26,3.28000000000001,3.21,3.22,3.21,3.19,3.16,3.23,3.19,3.14,3.15,3.18000000000001,3.15,3.13,3.13,3.13,..,..,..
Channel Islands,CHI,Access to clean fuels and technologies for cooking (% of population),EG.CFT.ACCS.ZS,..,..,..,..,..,..,..,..,..,..,..,..,..,..,..,..,..,..,..,..,..,..,..,..,..,..,..,..,..,..
Chile,CHL,Access to clean fuels and technologies for cooking (% of population),EG.CFT.ACCS.ZS,..,..,..,..,..,..,..,..,..,..,86.1,86.65,87.33,87.88,88.52,88.95,89.38,89.87,90.21,90.53,90.8,91.15,91.39,91.67,91.91,92,92.28,..,..,..
China,CHN,Access to clean fuels and technologies for cooking (% of population),EG.CFT.ACCS.ZS,..,..,..,..,..,..,..,..,..,..,46.78,47.95,48.61,49.52,50.04,50.83,51.8,52.5,53.37,54.07,54.91,55.66,56.4,57.24,57.8,58.54,59.26,..,..,..
Colombia,COL,Access to clean fuels and technologies for cooking (% of population),EG.CFT.ACCS.ZS,..,..,..,..,..,..,..,..,..,..,79.58,80.86,81.88,82.99,83.86,84.83,85.69,86.3,87.24,87.89,88.49,89.05,89.62,90.12,90.87,91.29,91.79,..,..,..
Comoros,COM,Access to clean fuels and technologies for cooking (% of population),EG.CFT.ACCS.ZS,..,..,..,..,..,..,..,..,..,..,0.629999999999997,0.749999999999995,0.900000000000001,1.06000000000001,1.29,1.53,1.82,2.11,2.58,3.12,3.68000000000001,4.31,5.10000000000001,6.06,7.05,8.15,9.34,..,..,..
"Congo, Dem. Rep.",COD,Access to clean fuels and technologies for cooking (% of population),EG.CFT.ACCS.ZS,..,..,..,..,..,..,..,..,..,..,3.57,3.62,3.63,3.61,3.61,3.62,3.61,3.65,3.68000000000001,3.73,3.77999999999999,3.84,3.83,3.9,3.93,3.94,4.02,..,..,..
"Congo, Rep.",COG,Access to clean fuels and technologies for cooking (% of population),EG.CFT.ACCS.ZS,..,..,..,..,..,..,..,..,..,..,10,10.5,11.08,11.76,12.52,13.25,14.07,14.86,15.71,16.63,17.53,18.52,19.64,20.63,21.59,22.74,24.13,..,..,..
Costa Rica,CRI,Access to clean fuels and technologies for cooking (% of population),EG.CFT.ACCS.ZS,..,..,..,..,..,..,..,..,..,..,87.8,88.34,88.76,89.31,89.65,90.07,90.55,90.8,91.2,91.51,91.89,92.13,92.53,92.69,92.91,93.2,93.45,..,..,..
Cote d'Ivoire,CIV,Access to clean fuels and technologies for cooking (% of population),EG.CFT.ACCS.ZS,..,..,..,..,..,..,..,..,..,..,17.81,17.79,17.66,17.63,17.61,17.58,17.62,17.78,17.8,17.68,17.93,17.87,17.96,17.89,18.03,17.96,18.23,..,..,..
Croatia,HRV,Access to clean fuels and technologies for cooking (% of population),EG.CFT.ACCS.ZS,..,..,..,..,..,..,..,..,..,..,80.41,81.68,82.85,84.03,85.07,85.77,86.93,87.55,88.48,89.18,89.91,90.54,90.91,91.33,91.96,92.28,92.7,..,..,..
Cuba,CUB,Access to clean fuels and technologies for cooking (% of population),EG.CFT.ACCS.ZS,..,..,..,..,..,..,..,..,..,..,68.34,69.42,70.37,71.31,72.2,73,73.78,74.61,75.35,75.86,76.59,77.01,77.76,78.2,78.64,79.04,79.44,..,..,..
Curacao,CUW,Access to clean fuels and technologies for cooking (% of population),EG.CFT.ACCS.ZS,..,..,..,..,..,..,..,..,..,..,..,..,..,..,..,..,..,..,..,..,..,..,..,..,..,..,..,..,..,..
Cyprus,CYP,Access to clean fuels and technologies for cooking (% of population),EG.CFT.ACCS.ZS,..,..,..,..,..,..,..,..,..,..,100,100,100,100,100,100,100,100,100,100,100,100,100,100,100,100,100,..,..,..
Czech Republic,CZE,Access to clean fuels and technologies for cooking (% of population),EG.CFT.ACCS.ZS,..,..,..,..,..,..,..,..,..,..,93.2,93.82,94.4,94.83,95.26,95.65,95.91,96.19,96.46,96.68,96.78,96.77,96.99,97.07,97.14,97.17,97.13,..,..,..
Denmark,DNK,Access to clean fuels and technologies for cooking (% of population),EG.CFT.ACCS.ZS,..,..,..,..,..,..,..,..,..,..,100,100,100,100,100,100,100,100,100,100,100,100,100,100,100,100,100,..,..,..
Djibouti,DJI,Access to clean fuels and technologies for cooking (% of population),EG.CFT.ACCS.ZS,..,..,..,..,..,..,..,..,..,..,5.3,5.51,5.74,6.02,6.23,6.49,6.85,7.17,7.59,7.90999999999999,8.38,8.84,9.25,9.79,10.29,10.89,11.52,..,..,..
Dominica,DMA,Access to clean fuels and technologies for cooking (% of population),EG.CFT.ACCS.ZS,..,..,..,..,..,..,..,..,..,..,78.36,79.5,80.85,81.69,82.73,83.74,84.47,85.29,85.97,86.86,87.45,88.01,88.66,89.19,89.67,90.06,90.6,..,..,..
Dominican Republic,DOM,Access to clean fuels and technologies for cooking (% of population),EG.CFT.ACCS.ZS,..,..,..,..,..,..,..,..,..,..,80.23,81.07,81.79,82.68,83.43,84.1,84.73,85.58,86.2,86.73,87.31,87.9,88.4,88.99,89.5,89.93,90.41,..,..,..
Early-demographic dividend,EAR,Access to clean fuels and technologies for cooking (% of population),EG.CFT.ACCS.ZS,..,..,..,..,..,..,..,..,..,..,31.9796470208212,33.3331109238487,34.4750016478234,35.472824877883,36.803699348243,37.8991021585718,39.2256842541074,40.4713101595282,41.7039519807767,42.7575783678516,44.1676921913328,45.2467720227565,46.395520277137,47.4934322042391,48.4690658568925,49.3432383420233,50.2777304273398,..,..,..
East Asia & Pacific,EAS,Access to clean fuels and technologies for cooking (% of population),EG.CFT.ACCS.ZS,..,..,..,..,..,..,..,..,..,..,45.1598858723578,46.1834233435989,46.9557973901329,47.8949126596625,48.6838596465152,49.7021514746678,50.8994416586295,51.9495106501619,53.1768310749308,54.3023793845809,55.4961720807958,56.5483612340412,57.6179503712295,58.6906423449069,59.5429495049337,60.4426266776132,61.2594853216179,..,..,..
East Asia & Pacific (excluding high income),EAP,Access to clean fuels and technologies for cooking (% of population),EG.CFT.ACCS.ZS,..,..,..,..,..,..,..,..,..,..,39.1823477992585,40.3390407000924,41.2185324066152,42.2858853579028,43.1866177221871,44.3452177416336,45.6907213362803,46.8735721583298,48.2374924948237,49.4999307535393,50.8344044370736,52.0215678977888,53.221098582781,54.4265759486624,55.3871165615626,56.4004072590081,57.3199594703214,..,..,..
East Asia & Pacific (IDA & IBRD),TEA,Access to clean fuels and technologies for cooking (% of population),EG.CFT.ACCS.ZS,..,..,..,..,..,..,..,..,..,..,39.6446242905566,40.8115695016938,41.6979001079903,42.7766303895007,43.6831263826244,44.8507822169879,46.2066066304502,47.398203397,48.7724029666119,50.0415832156482,51.3855215613941,52.5799338530357,53.7862065706419,54.9992261462074,55.9602784123392,56.9803517344454,57.9009872273654,..,..,..
Ecuador,ECU,Access to clean fuels and technologies for cooking (% of population),EG.CFT.ACCS.ZS,..,..,..,..,..,..,..,..,..,..,87.18,87.89,88.85,89.75,90.29,90.83,91.62,92.1,92.57,93.09,93.57,93.99,94.39,94.73,95.02,95.24,95.58,..,..,..
"Egypt, Arab Rep.",EGY,Access to clean fuels and technologies for cooking (% of population),EG.CFT.ACCS.ZS,..,..,..,..,..,..,..,..,..,..,83.28,85.24,87.71,88.85,90.28,91.98,93.14,94,94.6,95.34,95.99,96.27,96.48,96.85,97.11,97.31,97.62,..,..,..
El Salvador,SLV,Access to clean fuels and technologies for cooking (% of population),EG.CFT.ACCS.ZS,..,..,..,..,..,..,..,..,..,..,56.51,59.04,61.49,63.83,66.11,68.09,70.27,72.29,74.16,75.76,77.68,79.15,80.64,82.34,83.52,84.71,86,..,..,..
Equatorial Guinea,GNQ,Access to clean fuels and technologies for cooking (% of population),EG.CFT.ACCS.ZS,..,..,..,..,..,..,..,..,..,..,22.97,23.27,24.33,24.82,25.71,26.39,27.12,28.23,28.83,29.64,30.58,31.1,31.51,32.97,33.75,34,34.39,..,..,..
Eritrea,ERI,Access to clean fuels and technologies for cooking (% of population),EG.CFT.ACCS.ZS,..,..,..,..,..,..,..,..,..,..,6.08,6.49,7.07,7.56,7.88,8.76,9.3,9.96,10.58,11.37,12.13,12.73,13.4,14.01,14.78,15.6,16.32,..,..,..
Estonia,EST,Access to clean fuels and technologies for cooking (% of population),EG.CFT.ACCS.ZS,..,..,..,..,..,..,..,..,..,..,79.41,81,82.27,83.25,84.79,85.64,86.64,87.58,88.38,89.26,90.04,90.54,91.18,91.65,92.14,92.61,92.89,..,..,..
Eswatini,SWZ,Access to clean fuels and technologies for cooking (% of population),EG.CFT.ACCS.ZS,..,..,..,..,..,..,..,..,..,..,27.24,28.72,29.98,31.63,32.96,34.57,35.93,37.26,38.78,40.01,41.57,42.82,44.49,45.73,47.15,48.52,49.7,..,..,..
Ethiopia,ETH,Access to clean fuels and technologies for cooking (% of population),EG.CFT.ACCS.ZS,..,..,..,..,..,..,..,..,..,..,1.07,1.18,1.31,1.45999999999999,1.58,1.79,1.96,2.1,2.36,2.51,2.69,2.82,3.01,3.11,3.25,3.4,3.51,..,..,..
Euro area,EMU,Access to clean fuels and technologies for cooking (% of population),EG.CFT.ACCS.ZS,..,..,..,..,..,..,..,..,..,..,99.2366245012706,99.2974879556949,99.3511785396081,99.4031743362909,99.4486191934508,99.4845398763643,99.5204140544146,99.5501910680126,99.5792370261616,99.6029864125689,99.6238746881681,99.6364784230773,99.6526324686417,99.6647315204618,99.6765872116474,99.6843919470564,99.6868627631163,..,..,..
Europe & Central Asia,ECS,Access to clean fuels and technologies for cooking (% of population),EG.CFT.ACCS.ZS,..,..,..,..,..,..,..,..,..,..,92.316620988211,92.8660485942416,93.3811431170714,93.8338924053925,94.2587784572461,94.6512047467122,95.0315461788573,95.3582614790292,95.6791004662982,95.9420264336536,96.2086070688395,96.4303739406486,96.6424228869293,96.8319236955029,97.0279312982006,97.191634412763,97.3289359712423,..,..,..
Europe & Central Asia (excluding high income),ECA,Access to clean fuels and technologies for cooking (% of population),EG.CFT.ACCS.ZS,..,..,..,..,..,..,..,..,..,..,82.5101300224189,83.6810416796517,84.7853397957071,85.7604725993179,86.68632156618,87.5560530134336,88.404703016893,89.1371894857885,89.8650454397921,90.4740373821842,91.1092176293183,91.6599722917346,92.163239191356,92.6168694544569,93.0836637365213,93.4802526096277,93.8164994410141,..,..,..
Europe & Central Asia (IDA & IBRD),TEC,Access to clean fuels and technologies for cooking (% of population),EG.CFT.ACCS.ZS,..,..,..,..,..,..,..,..,..,..,84.2962751181989,85.3539108066607,86.3488676446922,87.2269569157758,88.0588344966918,88.8367735389137,89.6006317183045,90.2550059384995,90.9082954212924,91.453358478012,92.0184791910593,92.5109141477107,92.9583344546062,93.3618993710299,93.7798791096707,94.132475874205,94.4332680186699,..,..,..
European Union,EUU,Access to clean fuels and technologies for cooking (% of population),EG.CFT.ACCS.ZS,..,..,..,..,..,..,..,..,..,..,96.5398124661719,96.8494398954669,97.1214819014685,97.3601325161627,97.5736870735655,97.7485828288536,97.9201410272213,98.0746264608895,98.2150494955775,98.3269354663002,98.4321728100076,98.5118180899927,98.5931217915583,98.6547922587852,98.7237086930912,98.7779410999539,98.8181213739602,..,..,..
Faroe Islands,FRO,Access to clean fuels and technologies for cooking (% of population),EG.CFT.ACCS.ZS,..,..,..,..,..,..,..,..,..,..,..,..,..,..,..,..,..,..,..,..,..,..,..,..,..,..,..,..,..,..
Fiji,FJI,Access to clean fuels and technologies for cooking (% of population),EG.CFT.ACCS.ZS,..,..,..,..,..,..,..,..,..,..,31.13,31.58,32.43,32.91,33.47,33.98,34.69,35.39,35.8,36.33,36.91,37.47,37.93,38.32,38.83,39.16,39.56,..,..,..
Finland,FIN,Access to clean fuels and technologies for cooking (% of population),EG.CFT.ACCS.ZS,..,..,..,..,..,..,..,..,..,..,100,100,100,100,100,100,100,100,100,100,100,100,100,100,100,100,100,..,..,..
Fragile and conflict affected situations,FCS,Access to clean fuels and technologies for cooking (% of population),EG.CFT.ACCS.ZS,..,..,..,..,..,..,..,..,..,..,17.3076742094555,17.7015358552146,18.0949005451242,18.4415009132349,18.796230239031,19.1759529464638,19.5424761766687,19.8976133281493,20.2642167382278,20.6008968830385,20.9621939583628,21.3012145674754,21.6255086562652,21.9836837054861,22.3023467872988,22.6034943910209,22.9960300921904,..,..,..
France,FRA,Access to clean fuels and technologies for cooking (% of population),EG.CFT.ACCS.ZS,..,..,..,..,..,..,..,..,..,..,100,100,100,100,100,100,100,100,100,100,100,100,100,100,100,100,100,..,..,..
French Polynesia,PYF,Access to clean fuels and technologies for cooking (% of population),EG.CFT.ACCS.ZS,..,..,..,..,..,..,..,..,..,..,..,..,..,..,..,..,..,..,..,..,..,..,..,..,..,..,..,..,..,..
Gabon,GAB,Access to clean fuels and technologies for cooking (% of population),EG.CFT.ACCS.ZS,..,..,..,..,..,..,..,..,..,..,58.72,60.59,62.4,64.33,65.35,67.19,68.85,69.84,71.14,72.06,73.57,74.64,75.75,76.53,77.3,78.13,79.12,..,..,..
"Gambia, The",GMB,Access to clean fuels and technologies for cooking (% of population),EG.CFT.ACCS.ZS,..,..,..,..,..,..,..,..,..,..,3.19,3.17,3.17,3.16,3.18000000000001,3.15,3.19,3.14,3.16,3.22,3.18000000000001,3.24,3.2,3.26,3.27,3.23,3.3,..,..,..
Georgia,GEO,Access to clean fuels and technologies for cooking (% of population),EG.CFT.ACCS.ZS,..,..,..,..,..,..,..,..,..,..,41.19,43.74,46.15,48.62,51.27,53.61,56.49,58.89,61.46,63.75,66.26,68.57,70.47,72.26,74.35,76.36,77.79,..,..,..
Germany,DEU,Access to clean fuels and technologies for cooking (% of population),EG.CFT.ACCS.ZS,..,..,..,..,..,..,..,..,..,..,100,100,100,100,100,100,100,100,100,100,100,100,100,100,100,100,100,..,..,..
Ghana,GHA,Access to clean fuels and technologies for cooking (% of population),EG.CFT.ACCS.ZS,..,..,..,..,..,..,..,..,..,..,5.89,6.48,7.15,7.76,8.54,9.44,10.17,11.04,12.07,13.11,14.05,15.11,16.43,17.58,18.82,20.37,21.71,..,..,..
Gibraltar,GIB,Access to clean fuels and technologies for cooking (% of population),EG.CFT.ACCS.ZS,..,..,..,..,..,..,..,..,..,..,..,..,..,..,..,..,..,..,..,..,..,..,..,..,..,..,..,..,..,..
Greece,GRC,Access to clean fuels and technologies for cooking (% of population),EG.CFT.ACCS.ZS,..,..,..,..,..,..,..,..,..,..,88.2,89.16,89.83,90.58,91.19,91.77,92.26,92.66,92.98,93.3,93.63,93.77,93.98,94.1,94.22,94.31,94.29,..,..,..
Greenland,GRL,Access to clean fuels and technologies for cooking (% of population),EG.CFT.ACCS.ZS,..,..,..,..,..,..,..,..,..,..,..,..,..,..,..,..,..,..,..,..,..,..,..,..,..,..,..,..,..,..
Grenada,GRD,Access to clean fuels and technologies for cooking (% of population),EG.CFT.ACCS.ZS,..,..,..,..,..,..,..,..,..,..,92.93,93.39,93.84,94.18,94.59,94.82,95.11,95.33,95.56,95.73,95.89,96.08,96.22,96.4,96.46,96.5,96.58,..,..,..
Guam,GUM,Access to clean fuels and technologies for cooking (% of population),EG.CFT.ACCS.ZS,..,..,..,..,..,..,..,..,..,..,..,..,..,..,..,..,..,..,..,..,..,..,..,..,..,..,..,..,..,..
Guatemala,GTM,Access to clean fuels and technologies for cooking (% of population),EG.CFT.ACCS.ZS,..,..,..,..,..,..,..,..,..,..,39.34,39.75,40.11,40.71,40.94,41.56,41.93,42.35,42.8,43.19,43.42,43.94,44.24,44.46,44.88,45.06,45.23,..,..,..
Guinea,GIN,Access to clean fuels and technologies for cooking (% of population),EG.CFT.ACCS.ZS,..,..,..,..,..,..,..,..,..,..,1.15,1.19,1.18,1.21,1.25,1.19,1.23,1.25,1.25999999999999,1.23,1.22,1.24,1.25999999999999,1.23,1.25,1.24,1.24,..,..,..
Guinea-Bissau,GNB,Access to clean fuels and technologies for cooking (% of population),EG.CFT.ACCS.ZS,..,..,..,..,..,..,..,..,..,..,1.38,1.35,1.39,1.39,1.35,1.39,1.4,1.41,1.39,1.44,1.45999999999999,1.43,1.44,1.45999999999999,1.5,1.45999999999999,1.52,..,..,..
Guyana,GUY,Access to clean fuels and technologies for cooking (% of population),EG.CFT.ACCS.ZS,..,..,..,..,..,..,..,..,..,..,36.33,38.72,41.52,43.89,46.48,48.99,51.81,54.33,57.03,59.48,61.85,64.31,66.38,68.64,70.79,72.59,74.48,..,..,..
Haiti,HTI,Access to clean fuels and technologies for cooking (% of population),EG.CFT.ACCS.ZS,..,..,..,..,..,..,..,..,..,..,3.22,3.29,3.33,3.34,3.46,3.54,3.56,3.59,3.75,3.8,3.86,3.92,4.01,4.1,4.17,4.27,4.34,..,..,..
Heavily indebted poor countries (HIPC),HPC,Access to clean fuels and technologies for cooking (% of population),EG.CFT.ACCS.ZS,..,..,..,..,..,..,..,..,..,..,6.80057994297894,7.02210248369724,7.28961121156208,7.54027321440057,7.81193721925891,8.11928462393802,8.41648955034464,8.71315936659733,9.04626685634172,9.34781762132645,9.71398009009962,10.0603496740091,10.4237171304815,10.7810710713576,11.155872137319,11.2632592574725,11.6798735712299,..,..,..
High income,HIC,Access to clean fuels and technologies for cooking (% of population),EG.CFT.ACCS.ZS,..,..,..,..,..,..,..,..,..,..,99.0684601795648,99.1247020768462,99.1724983778879,99.2126721893639,99.2547483361379,99.2784672051309,99.3084264569841,99.3318701141049,99.3599090251848,99.373664821857,99.3949016546681,99.40001043673,99.4146550411089,99.4233280842429,99.4292194277576,99.4288564116998,99.4315708945156,..,..,..
Honduras,HND,Access to clean fuels and technologies for cooking (% of population),EG.CFT.ACCS.ZS,..,..,..,..,..,..,..,..,..,..,29.93,31.66,33.44,35.23,36.93,38.43,40.04,41.46,42.9,44.28,45.59,46.89,48.31,49.51,50.68,51.87,53.1,..,..,..
"Hong Kong SAR, China",HKG,Access to clean fuels and technologies for cooking (% of population),EG.CFT.ACCS.ZS,..,..,..,..,..,..,..,..,..,..,..,..,..,..,..,..,..,..,..,..,..,..,..,..,..,..,..,..,..,..
Hungary,HUN,Access to clean fuels and technologies for cooking (% of population),EG.CFT.ACCS.ZS,..,..,..,..,..,..,..,..,..,..,100,100,100,100,100,100,100,100,100,100,100,100,100,100,100,100,100,..,..,..
IBRD only,IBD,Access to clean fuels and technologies for cooking (% of population),EG.CFT.ACCS.ZS,..,..,..,..,..,..,..,..,..,..,47.3717896510648,48.650600053351,49.6370613787652,50.6019047917427,51.6371440957493,52.6207995141938,53.7926650303011,54.8052866921206,55.8799804668473,56.7915296198022,57.9582957832211,58.8907908814574,59.8805954394995,60.8586582890773,61.6695860223012,62.4511936830756,63.260249783399,..,..,..
Iceland,ISL,Access to clean fuels and technologies for cooking (% of population),EG.CFT.ACCS.ZS,..,..,..,..,..,..,..,..,..,..,100,100,100,100,100,100,100,100,100,100,100,100,100,100,100,100,100,..,..,..
IDA & IBRD total,IBT,Access to clean fuels and technologies for cooking (% of population),EG.CFT.ACCS.ZS,..,..,..,..,..,..,..,..,..,..,39.7953136179013,40.8192662571199,41.6038442625673,42.3682649031514,43.1944874962804,43.9731776500601,44.9029571171228,45.7081062336147,46.5625320731542,47.2794087719153,48.2043272979217,48.9394286331746,49.7104063808248,50.471554580009,51.1100129119343,51.7307930981351,52.3721869417137,..,..,..
IDA blend,IDB,Access to clean fuels and technologies for cooking (% of population),EG.CFT.ACCS.ZS,..,..,..,..,..,..,..,..,..,..,16.7889271643176,17.5113687568393,18.1196572321347,18.7035017002555,19.4284485606095,20.0011631663369,20.6367375191722,21.3066297165424,21.9828737540395,22.6078103052098,23.3829790837192,24.1381629186063,24.8654181310334,25.6007339111983,26.3657292472796,27.1758308227829,27.9000142737374,..,..,..
IDA only,IDX,Access to clean fuels and technologies for cooking (% of population),EG.CFT.ACCS.ZS,..,..,..,..,..,..,..,..,..,..,9.95602005236927,10.2912066775266,10.6424474639903,11.0068126635266,11.3712610809677,11.7813940849982,12.2229197793972,12.6624287733709,13.1244568205976,13.5424415551246,13.9931013387387,14.3857408816682,14.7437287161077,15.1066216513975,15.4972455877505,15.9165538861653,16.4004995626326,..,..,..
IDA total,IDA,Access to clean fuels and technologies for cooking (% of population),EG.CFT.ACCS.ZS,..,..,..,..,..,..,..,..,..,..,12.2422274117488,12.7057481238633,13.1410334791549,13.5765148014227,14.0593851061621,14.5226313959922,15.02865254862,15.5457267368446,16.0808458068109,16.5702048601488,17.1335685175871,17.6522076483818,18.1373742308589,18.6288313239048,19.1486343200502,19.7021253903491,20.2688875996398,..,..,..
India,IND,Access to clean fuels and technologies for cooking (% of population),EG.CFT.ACCS.ZS,..,..,..,..,..,..,..,..,..,..,22.15,23.85,25.01,25.93,27.41,28.34,29.74,30.95,32.06,32.82,34.4,35.42,36.64,37.81,38.8,39.88,41.04,..,..,..
Indonesia,IDN,Access to clean fuels and technologies for cooking (% of population),EG.CFT.ACCS.ZS,..,..,..,..,..,..,..,..,..,..,5.42,6.93,9.05,11.29,14.41,18.1,21.99,26.28,31.03,35.7,40.19,43.93,47.73,51.13,54.17,56.49,58.37,..,..,..
"Iran, Islamic Rep.",IRN,Access to clean fuels and technologies for cooking (% of population),EG.CFT.ACCS.ZS,..,..,..,..,..,..,..,..,..,..,85.68,88.14,90.14,91.74,93.21,94.25,95.26,95.88,96.5,96.98,97.36,97.63,97.89,98.12,98.29,98.42,98.49,..,..,..
Iraq,IRQ,Access to clean fuels and technologies for cooking (% of population),EG.CFT.ACCS.ZS,..,..,..,..,..,..,..,..,..,..,74.95,78.65,81.76,84.63,86.96,89.01,90.77,92.14,93.38,94.24,95.1,95.72,96.18,96.71,97.04,97.39,97.63,..,..,..
Ireland,IRL,Access to clean fuels and technologies for cooking (% of population),EG.CFT.ACCS.ZS,..,..,..,..,..,..,..,..,..,..,100,100,100,100,100,100,100,100,100,100,100,100,100,100,100,100,100,..,..,..
Isle of Man,IMN,Access to clean fuels and technologies for cooking (% of population),EG.CFT.ACCS.ZS,..,..,..,..,..,..,..,..,..,..,..,..,..,..,..,..,..,..,..,..,..,..,..,..,..,..,..,..,..,..
Israel,ISR,Access to clean fuels and technologies for cooking (% of population),EG.CFT.ACCS.ZS,..,..,..,..,..,..,..,..,..,..,100,100,100,100,100,100,100,100,100,100,100,100,100,100,100,100,100,..,..,..
Italy,ITA,Access to clean fuels and technologies for cooking (% of population),EG.CFT.ACCS.ZS,..,..,..,..,..,..,..,..,..,..,100,100,100,100,100,100,100,100,100,100,100,100,100,100,100,100,100,..,..,..
Jamaica,JAM,Access to clean fuels and technologies for cooking (% of population),EG.CFT.ACCS.ZS,..,..,..,..,..,..,..,..,..,..,73.16,74.88,76.48,77.81,79.36,80.57,81.72,82.99,83.97,85.08,86,86.94,87.67,88.43,89.22,89.89,90.5,..,..,..
Japan,JPN,Access to clean fuels and technologies for cooking (% of population),EG.CFT.ACCS.ZS,..,..,..,..,..,..,..,..,..,..,100,100,100,100,100,100,100,100,100,100,100,100,100,100,100,100,100,..,..,..
Jordan,JOR,Access to clean fuels and technologies for cooking (% of population),EG.CFT.ACCS.ZS,..,..,..,..,..,..,..,..,..,..,97.28,97.59,97.69,97.98,98.11,98.24,98.37,98.41,98.56,98.65,98.74,98.84,98.9,98.95,98.94,99.04,99.06,..,..,..
Kazakhstan,KAZ,Access to clean fuels and technologies for cooking (% of population),EG.CFT.ACCS.ZS,..,..,..,..,..,..,..,..,..,..,82.85,84.31,85.55,86.59,87.73,88.76,89.6,90.52,91.42,91.82,92.68,93.08,93.57,94.12,94.64,95.07,95.34,..,..,..
Kenya,KEN,Access to clean fuels and technologies for cooking (% of population),EG.CFT.ACCS.ZS,..,..,..,..,..,..,..,..,..,..,1.99,2.35,2.68,3.15,3.65,4.27999999999999,4.93,5.65,6.39,7.24,8.02,8.95,9.9,10.74,11.83,12.76,13.42,..,..,..
Kiribati,KIR,Access to clean fuels and technologies for cooking (% of population),EG.CFT.ACCS.ZS,..,..,..,..,..,..,..,..,..,..,2.26,2.21,2.22,2.22,2.25,2.28,2.36,2.46,2.59,2.74,2.99,3.15,3.59,3.94,4.38,4.9,5.52,..,..,..
"Korea, Dem. People's Rep.",PRK,Access to clean fuels and technologies for cooking (% of population),EG.CFT.ACCS.ZS,..,..,..,..,..,..,..,..,..,..,3.06,3.4,3.75,3.94,4.39000000000001,4.81,5.28999999999999,5.71,6.17,6.8,7.29,7.81,8.38,8.89,9.71,10.08,10.8,..,..,..
"Korea, Rep.",KOR,Access to clean fuels and technologies for cooking (% of population),EG.CFT.ACCS.ZS,..,..,..,..,..,..,..,..,..,..,96.21,96.36,96.46,96.47,96.6,96.57,96.59,96.57,96.73,96.66,96.8,96.68,96.79,96.8,96.77,96.68,96.68,..,..,..
Kosovo,XKX,Access to clean fuels and technologies for cooking (% of population),EG.CFT.ACCS.ZS,..,..,..,..,..,..,..,..,..,..,..,..,..,..,..,..,..,..,..,..,..,..,..,..,..,..,..,..,..,..
Kuwait,KWT,Access to clean fuels and technologies for cooking (% of population),EG.CFT.ACCS.ZS,..,..,..,..,..,..,..,..,..,..,100,100,100,100,100,100,100,100,100,100,100,100,100,100,100,100,100,..,..,..
Kyrgyz Republic,KGZ,Access to clean fuels and technologies for cooking (% of population),EG.CFT.ACCS.ZS,..,..,..,..,..,..,..,..,..,..,51.72,53.71,56.08,58.36,60.08,62.04,64.43,66.25,68.67,70.04,72.15,73.86,75.27,76.91,78.38,79.98,81.25,..,..,..
Lao PDR,LAO,Access to clean fuels and technologies for cooking (% of population),EG.CFT.ACCS.ZS,..,..,..,..,..,..,..,..,..,..,3.99,4.04,4.21,4.13,4.29,4.27999999999999,4.56,4.55,4.79000000000001,4.73,4.83,5.04,5.13,5.22,5.42,5.54,5.62,..,..,..
Late-demographic dividend,LTE,Access to clean fuels and technologies for cooking (% of population),EG.CFT.ACCS.ZS,..,..,..,..,..,..,..,..,..,..,56.8409473948829,57.9551897663437,58.7428058123707,59.6602202525544,60.3401766730605,61.1900452826344,62.1502014350544,62.9131693773533,63.8092585632543,64.5839985339914,65.4157403821479,66.1791903442435,66.9388820868874,67.7272898174926,68.3472931931285,69.0500286833922,69.7208053569966,..,..,..
Latin America & Caribbean,LCN,Access to clean fuels and technologies for cooking (% of population),EG.CFT.ACCS.ZS,..,..,..,..,..,..,..,..,..,..,78.0778227593202,79.0262452472268,79.9032856150269,80.7405224953332,81.50225932775,82.2481425406383,82.882873447951,83.453972801375,84.056984650363,84.5911907436318,85.0458464165284,85.5029147126773,85.9453787695497,86.3406907436128,86.7413606714637,86.6877902264602,87.0089037048176,..,..,..
Latin America & Caribbean (excluding high income),LAC,Access to clean fuels and technologies for cooking (% of population),EG.CFT.ACCS.ZS,..,..,..,..,..,..,..,..,..,..,77.6280828914177,78.5997467586651,79.4930550387383,80.3491654713644,81.1233309931074,81.8874326974516,82.5352016631254,83.114665762442,83.7322052141239,84.2787275462721,84.743848424012,85.2091000673001,85.6623811952471,86.0653114194202,86.4748460041455,86.4163873356755,86.7414883628291,..,..,..
Latin America & Caribbean (IDA & IBRD),TLA,Access to clean fuels and technologies for cooking (% of population),EG.CFT.ACCS.ZS,..,..,..,..,..,..,..,..,..,..,78.2690746636368,79.2133149816427,80.0874585311451,80.921138942094,81.6787018921392,82.4219220675167,83.0518767154437,83.6158135434667,84.2143092163505,84.7473409845377,85.1951259399659,85.6516868410454,86.0872222646319,86.480789722736,86.8798643633683,86.8164422312465,87.1351575289746,..,..,..
Latvia,LVA,Access to clean fuels and technologies for cooking (% of population),EG.CFT.ACCS.ZS,..,..,..,..,..,..,..,..,..,..,85.93,87.05,88,88.95,89.9,90.49,91.22,91.87,92.49,92.87,93.37,93.83,94.14,94.5,94.85,95.05,95.28,..,..,..
Least developed countries: UN classification,LDC,Access to clean fuels and technologies for cooking (% of population),EG.CFT.ACCS.ZS,..,..,..,..,..,..,..,..,..,..,7.35415881592534,7.66124732672245,7.98606275255705,8.33154992311893,8.6662826172443,9.04270115711728,9.4324313258883,9.80691600096528,10.2110925867285,10.6103233365689,11.0780049816496,11.53132756565,11.9685568439315,12.4392998993502,12.9241638575921,13.41958950619,13.968547730032,..,..,..
Lebanon,LBN,Access to clean fuels and technologies for cooking (% of population),EG.CFT.ACCS.ZS,..,..,..,..,..,..,..,..,..,..,..,..,..,..,..,..,..,..,..,..,..,..,..,..,..,..,..,..,..,..
Lesotho,LSO,Access to clean fuels and technologies for cooking (% of population),EG.CFT.ACCS.ZS,..,..,..,..,..,..,..,..,..,..,18.14,19.03,20.61,21.48,23.05,24.1,25.29,26.69,27.63,28.78,29.86,30.68,31.96,32.99,33.93,34.74,35.61,..,..,..
Liberia,LBR,Access to clean fuels and technologies for cooking (% of population),EG.CFT.ACCS.ZS,..,..,..,..,..,..,..,..,..,..,0.619999999999998,0.619999999999998,0.590000000000002,0.619999999999998,0.629999999999997,0.629999999999997,0.629999999999997,0.639999999999996,0.629999999999997,0.670000000000004,0.649999999999995,0.670000000000004,0.690000000000002,0.680000000000003,0.71,0.700000000000001,0.71,..,..,..
Libya,LBY,Access to clean fuels and technologies for cooking (% of population),EG.CFT.ACCS.ZS,..,..,..,..,..,..,..,..,..,..,..,..,..,..,..,..,..,..,..,..,..,..,..,..,..,..,..,..,..,..
Liechtenstein,LIE,Access to clean fuels and technologies for cooking (% of population),EG.CFT.ACCS.ZS,..,..,..,..,..,..,..,..,..,..,..,..,..,..,..,..,..,..,..,..,..,..,..,..,..,..,..,..,..,..
Lithuania,LTU,Access to clean fuels and technologies for cooking (% of population),EG.CFT.ACCS.ZS,..,..,..,..,..,..,..,..,..,..,100,100,100,100,100,100,100,100,100,100,100,100,100,100,100,100,100,..,..,..
Low & middle income,LMY,Access to clean fuels and technologies for cooking (% of population),EG.CFT.ACCS.ZS,..,..,..,..,..,..,..,..,..,..,38.9908254674221,40.0313919620783,40.8288989801621,41.605649624243,42.4450718662361,43.2369688628107,44.1803962337706,44.9982928684028,45.8654997704607,46.594647425802,47.5338928537368,48.2804206945578,49.064342255513,49.8373217791907,50.488039462005,51.1193983511867,51.771814180424,..,..,..
Low income,LIC,Access to clean fuels and technologies for cooking (% of population),EG.CFT.ACCS.ZS,..,..,..,..,..,..,..,..,..,..,9.37401631092868,9.57213276746942,9.80204377646415,10.0098608649749,10.2596619020849,10.5530020574171,10.8903884122499,11.216263062503,11.5748563687411,11.8625781801967,12.1427919665348,12.3414821712053,12.4794119110219,12.6157266871892,12.7734562822618,12.9464501146142,13.196768988878,..,..,..
Lower middle income,LMC,Access to clean fuels and technologies for cooking (% of population),EG.CFT.ACCS.ZS,..,..,..,..,..,..,..,..,..,..,25.3037333834301,26.5977818918453,27.6982104351363,28.6478659403685,29.9503822671684,31.0214648688557,32.3291237669951,33.5559542606695,34.775241856178,35.8307372212353,37.2619961459958,38.3621735174748,39.5538478745167,40.6882119900337,41.7165850853631,42.6481047570734,43.6354997096761,..,..,..
Luxembourg,LUX,Access to clean fuels and technologies for cooking (% of population),EG.CFT.ACCS.ZS,..,..,..,..,..,..,..,..,..,..,100,100,100,100,100,100,100,100,100,100,100,100,100,100,100,100,100,..,..,..
"Macao SAR, China",MAC,Access to clean fuels and technologies for cooking (% of population),EG.CFT.ACCS.ZS,..,..,..,..,..,..,..,..,..,..,..,..,..,..,..,..,..,..,..,..,..,..,..,..,..,..,..,..,..,..
Madagascar,MDG,Access to clean fuels and technologies for cooking (% of population),EG.CFT.ACCS.ZS,..,..,..,..,..,..,..,..,..,..,1.1,1.11,1.1,1.08,1.03,1.02,1.03,1.02,0.990000000000002,0.970000000000004,0.960000000000005,0.939999999999996,0.960000000000005,0.939999999999996,0.919999999999999,0.900000000000001,0.91,..,..,..
Malawi,MWI,Access to clean fuels and technologies for cooking (% of population),EG.CFT.ACCS.ZS,..,..,..,..,..,..,..,..,..,..,1.75,1.77,1.83,1.91,1.94,1.98,2.01,2.07000000000001,2.15,2.2,2.18,2.25,2.33,2.35,2.43,2.49,2.5,..,..,..
Malaysia,MYS,Access to clean fuels and technologies for cooking (% of population),EG.CFT.ACCS.ZS,..,..,..,..,..,..,..,..,..,..,94.53,94.99,95.28,95.58,95.87,96.03,96.32,96.34,96.46,96.43,96.47,96.56,96.62,96.49,96.38,96.3,96.3,..,..,..
Maldives,MDV,Access to clean fuels and technologies for cooking (% of population),EG.CFT.ACCS.ZS,..,..,..,..,..,..,..,..,..,..,32.18,38.56,45.18,51.9,58.33,64.78,69.74,74.19,78.36,81.46,84.43,86.7,88.63,90.45,91.71,92.88,93.83,..,..,..
Mali,MLI,Access to clean fuels and technologies for cooking (% of population),EG.CFT.ACCS.ZS,..,..,..,..,..,..,..,..,..,..,1.3,1.28,1.25,1.24,1.17,1.18,1.17,1.13,1.09,1.09,1.02,1.05,1,1,0.970000000000004,0.929999999999998,0.960000000000005,..,..,..
Malta,MLT,Access to clean fuels and technologies for cooking (% of population),EG.CFT.ACCS.ZS,..,..,..,..,..,..,..,..,..,..,100,100,100,100,100,100,100,100,100,100,100,100,100,100,100,100,100,..,..,..
Marshall Islands,MHL,Access to clean fuels and technologies for cooking (% of population),EG.CFT.ACCS.ZS,..,..,..,..,..,..,..,..,..,..,13.21,15.94,19.37,23.21,27.9,32.72,37.98,42.91,47.68,51.79,55.38,58.58,60.84,62.6,63.57,64.63,65.35,..,..,..
Mauritania,MRT,Access to clean fuels and technologies for cooking (% of population),EG.CFT.ACCS.ZS,..,..,..,..,..,..,..,..,..,..,29.04,30.08,31.23,32.34,33.48,34.51,35.61,36.87,37.75,38.91,40.08,41.31,42.34,43.35,44.26,45.66,46.56,..,..,..
Mauritius,MUS,Access to clean fuels and technologies for cooking (% of population),EG.CFT.ACCS.ZS,..,..,..,..,..,..,..,..,..,..,87.35,87.68,88.69,89.24,90.09,90.43,91.17,91.43,91.64,92.23,92.27,92.56,92.62,92.74,92.94,93.11,93.34,..,..,..
Mexico,MEX,Access to clean fuels and technologies for cooking (% of population),EG.CFT.ACCS.ZS,..,..,..,..,..,..,..,..,..,..,80.68,80.97,81.25,81.61,81.96,82.27,82.52,82.83,83.15,83.41,83.74,84,84.24,84.59,84.87,85.15,85.35,..,..,..
"Micronesia, Fed. Sts.",FSM,Access to clean fuels and technologies for cooking (% of population),EG.CFT.ACCS.ZS,..,..,..,..,..,..,..,..,..,..,10.92,11.04,11.04,11.04,11.1,11.21,11.13,11.23,11.39,11.42,11.5,11.45,11.63,11.64,11.69,11.79,11.97,..,..,..
Middle East & North Africa,MEA,Access to clean fuels and technologies for cooking (% of population),EG.CFT.ACCS.ZS,..,..,..,..,..,..,..,..,..,..,84.8818990406263,86.4785594453119,88.0142864104435,89.0658008299361,90.1590984835313,91.1302231832585,91.8963274909705,92.5053685352518,93.0292215787125,93.4950782606976,93.8790017880051,94.1293960969707,94.3137559453926,94.5672679724969,94.7464029855846,94.8527925682885,94.9840969205231,..,..,..
Middle East & North Africa (excluding high income),MNA,Access to clean fuels and technologies for cooking (% of population),EG.CFT.ACCS.ZS,..,..,..,..,..,..,..,..,..,..,83.4276542776225,85.1907663868731,86.8951609844332,88.0463331949841,89.2534630333353,90.3320713740193,91.1623018840497,91.8197457411216,92.3881812336197,92.897293234864,93.3156026652953,93.5880452367387,93.7937806023693,94.0838155766525,94.2915387839902,94.4104793630518,94.5668288196233,..,..,..
Middle East & North Africa (IDA & IBRD),TMN,Access to clean fuels and technologies for cooking (% of population),EG.CFT.ACCS.ZS,..,..,..,..,..,..,..,..,..,..,83.4276542776225,85.1907663868731,86.8951609844332,88.0463331949841,89.2534630333354,90.3320713740193,91.1623018840497,91.8197457411216,92.3881812336197,92.897293234864,93.3156026652953,93.5880452367387,93.7937806023693,94.0838155766525,94.2915387839902,94.4104793630518,94.5668288196233,..,..,..
Middle income,MIC,Access to clean fuels and technologies for cooking (% of population),EG.CFT.ACCS.ZS,..,..,..,..,..,..,..,..,..,..,41.4965198641157,42.6480089595383,43.5371673665212,44.4091010054126,45.3485790574474,46.2347791037412,47.2851178879726,48.202089343077,49.1715139325829,49.9970763572734,51.0545218522905,51.9083764879939,52.8102210901609,53.7015367383657,54.4582767597138,55.1954346123632,55.9508849255697,..,..,..
Moldova,MDA,Access to clean fuels and technologies for cooking (% of population),EG.CFT.ACCS.ZS,..,..,..,..,..,..,..,..,..,..,68.34,70.95,72.9,75.22,77.23,78.95,81.2,82.55,83.92,85.17,86.71,87.92,88.89,89.89,90.81,91.34,92.19,..,..,..
Monaco,MCO,Access to clean fuels and technologies for cooking (% of population),EG.CFT.ACCS.ZS,..,..,..,..,..,..,..,..,..,..,100,100,100,100,100,100,100,100,100,100,100,100,100,100,100,100,100,..,..,..
Mongolia,MNG,Access to clean fuels and technologies for cooking (% of population),EG.CFT.ACCS.ZS,..,..,..,..,..,..,..,..,..,..,21.83,22.92,24.09,25.22,26.49,27.63,28.72,30.32,31.57,32.68,34.18,35.57,36.69,38.33,39.82,41.32,42.8,..,..,..
Montenegro,MNE,Access to clean fuels and technologies for cooking (% of population),EG.CFT.ACCS.ZS,..,..,..,..,..,..,..,..,..,..,55.03,55.87,56.95,57.76,58.98,59.87,60.71,61.97,62.67,63.91,64.8,65.33,66.43,67.02,68.04,68.57,69.35,..,..,..
Morocco,MAR,Access to clean fuels and technologies for cooking (% of population),EG.CFT.ACCS.ZS,..,..,..,..,..,..,..,..,..,..,89.7,90.68,91.49,92.19,93.08,93.62,94,94.5,94.87,95.22,95.61,95.82,96.12,96.27,96.43,96.6,96.75,..,..,..
Mozambique,MOZ,Access to clean fuels and technologies for cooking (% of population),EG.CFT.ACCS.ZS,..,..,..,..,..,..,..,..,..,..,3.07,3.08000000000001,3.13,3.09,3.11,3.21,3.25,3.25,3.3,3.28000000000001,3.4,3.46,3.48000000000001,3.56,3.56,3.62,3.69,..,..,..
Myanmar,MMR,Access to clean fuels and technologies for cooking (% of population),EG.CFT.ACCS.ZS,..,..,..,..,..,..,..,..,..,..,4.72,5.18,5.74,6.23,6.69999999999999,7.46,7.97,8.77,9.33000000000001,10.24,11.14,12.13,13.24,14.45,15.44,16.97,18.4,..,..,..
Namibia,NAM,Access to clean fuels and technologies for cooking (% of population),EG.CFT.ACCS.ZS,..,..,..,..,..,..,..,..,..,..,32.51,33.22,33.76,34.64,35.13,35.87,36.52,37.31,37.72,38.34,38.88,39.59,40.11,40.53,41.25,41.32,42.2,..,..,..
Nauru,NRU,Access to clean fuels and technologies for cooking (% of population),EG.CFT.ACCS.ZS,..,..,..,..,..,..,..,..,..,..,73.9,76.29,78.59,80.41,82.11,83.7,85.27,86.21,87.4,88.13,88.95,89.42,89.98,90.54,90.88,91.16,91.33,..,..,..
Nepal,NPL,Access to clean fuels and technologies for cooking (% of population),EG.CFT.ACCS.ZS,..,..,..,..,..,..,..,..,..,..,14.92,15.45,16.18,16.96,17.67,18.13,19.02,19.78,20.42,21.25,22.31,23.1,23.81,24.59,25.5,26.56,27.62,..,..,..
Netherlands,NLD,Access to clean fuels and technologies for cooking (% of population),EG.CFT.ACCS.ZS,..,..,..,..,..,..,..,..,..,..,100,100,100,100,100,100,100,100,100,100,100,100,100,100,100,100,100,..,..,..
New Caledonia,NCL,Access to clean fuels and technologies for cooking (% of population),EG.CFT.ACCS.ZS,..,..,..,..,..,..,..,..,..,..,..,..,..,..,..,..,..,..,..,..,..,..,..,..,..,..,..,..,..,..
New Zealand,NZL,Access to clean fuels and technologies for cooking (% of population),EG.CFT.ACCS.ZS,..,..,..,..,..,..,..,..,..,..,100,100,100,100,100,100,100,100,100,100,100,100,100,100,100,100,100,..,..,..
Nicaragua,NIC,Access to clean fuels and technologies for cooking (% of population),EG.CFT.ACCS.ZS,..,..,..,..,..,..,..,..,..,..,34.08,35.22,36.45,37.66,38.78,39.84,40.91,42.16,43.22,44.41,45.61,46.71,47.81,48.98,50.06,51.41,52.3,..,..,..
Niger,NER,Access to clean fuels and technologies for cooking (% of population),EG.CFT.ACCS.ZS,..,..,..,..,..,..,..,..,..,..,1.01,1.07,1.13,1.14,1.25,1.25999999999999,1.32,1.37,1.43,1.45,1.55,1.61,1.67,1.7,1.77,1.88,1.91,..,..,..
Nigeria,NGA,Access to clean fuels and technologies for cooking (% of population),EG.CFT.ACCS.ZS,..,..,..,..,..,..,..,..,..,..,0.839999999999996,0.919999999999999,1.02,1.1,1.25999999999999,1.39,1.57,1.72,1.96,2.19,2.44,2.74,3.09,3.48000000000001,3.92,4.39000000000001,4.91,..,..,..
North America,NAC,Access to clean fuels and technologies for cooking (% of population),EG.CFT.ACCS.ZS,..,..,..,..,..,..,..,..,..,..,100,100,100,100,100,100,100,100,100,100,100,100,100,100,100,100,100,..,..,..
North Macedonia,MKD,Access to clean fuels and technologies for cooking (% of population),EG.CFT.ACCS.ZS,..,..,..,..,..,..,..,..,..,..,43.92,45.71,47.2,48.89,50.6,52.08,53.54,55.22,56.55,58.3,59.28,60.59,61.79,62.88,64.14,64.9,65.63,..,..,..
Northern Mariana Islands,MNP,Access to clean fuels and technologies for cooking (% of population),EG.CFT.ACCS.ZS,..,..,..,..,..,..,..,..,..,..,..,..,..,..,..,..,..,..,..,..,..,..,..,..,..,..,..,..,..,..
Norway,NOR,Access to clean fuels and technologies for cooking (% of population),EG.CFT.ACCS.ZS,..,..,..,..,..,..,..,..,..,..,100,100,100,100,100,100,100,100,100,100,100,100,100,100,100,100,100,..,..,..
OECD members,OED,Access to clean fuels and technologies for cooking (% of population),EG.CFT.ACCS.ZS,..,..,..,..,..,..,..,..,..,..,96.9455204295207,97.0360309407272,97.1152802578076,97.1989408871481,97.2777710338812,97.3450724400255,97.4048190870747,97.4582415051657,97.5312758242457,97.5761243325439,97.6319585373527,97.6644205761098,97.7106055288639,97.7593755351393,97.8096545358447,97.8420865069967,97.8745883063,..,..,..
Oman,OMN,Access to clean fuels and technologies for cooking (% of population),EG.CFT.ACCS.ZS,..,..,..,..,..,..,..,..,..,..,84.56,86.01,87.32,88.48,89.57,90.5,91.34,92.06,92.69,93.22,93.71,94.06,94.38,94.74,94.9,95.06,95.22,..,..,..
Other small states,OSS,Access to clean fuels and technologies for cooking (% of population),EG.CFT.ACCS.ZS,..,..,..,..,..,..,..,..,..,..,44.0803084335863,44.8572735436994,45.715645044462,46.5265649650339,47.4486904739784,48.4050541943068,49.4046059243919,50.4608076881815,51.4392273678274,52.391303062695,53.2184025091773,53.8640840056642,54.4745480187487,55.0348142235861,55.5266751432409,55.9341038899139,56.3910169958585,..,..,..
Pacific island small states,PSS,Access to clean fuels and technologies for cooking (% of population),EG.CFT.ACCS.ZS,..,..,..,..,..,..,..,..,..,..,21.6275751700297,22.0353507008676,22.5782179073631,22.9940588176989,23.4342706537604,23.8488078520284,24.344862110951,24.8311399165761,25.2026844743851,25.5941602715804,25.9435681724482,26.2169038383305,26.3864715569793,26.5335795813457,26.7229355970456,26.8054983136314,26.9462071077199,..,..,..
Pakistan,PAK,Access to clean fuels and technologies for cooking (% of population),EG.CFT.ACCS.ZS,..,..,..,..,..,..,..,..,..,..,22.62,24.14,25.39,26.63,28.12,29.23,30.5,31.81,33.05,34.17,35.59,36.85,38.13,39.47,40.74,42.13,43.32,..,..,..
Palau,PLW,Access to clean fuels and technologies for cooking (% of population),EG.CFT.ACCS.ZS,..,..,..,..,..,..,..,..,..,..,64.37,67.31,70.1,72.59,74.7,76.68,78.29,79.72,81.07,82.05,83.15,83.91,84.66,85.3,85.85,86.39,86.9,..,..,..
Panama,PAN,Access to clean fuels and technologies for cooking (% of population),EG.CFT.ACCS.ZS,..,..,..,..,..,..,..,..,..,..,78.71,79.46,80.38,81.16,81.88,82.62,83.26,83.98,84.56,85.23,85.84,86.37,86.9,87.37,87.98,88.47,89.01,..,..,..
Papua New Guinea,PNG,Access to clean fuels and technologies for cooking (% of population),EG.CFT.ACCS.ZS,..,..,..,..,..,..,..,..,..,..,6.83,7.23,7.46,7.86,8.24,8.52,8.94,9.24,9.84,10.09,10.59,10.92,11.43,11.95,12.41,12.85,13.43,..,..,..
Paraguay,PRY,Access to clean fuels and technologies for cooking (% of population),EG.CFT.ACCS.ZS,..,..,..,..,..,..,..,..,..,..,44.49,45.8,47.32,48.53,50.08,51.58,52.84,54.29,55.71,57.16,58.4,59.77,61.18,62.46,63.73,65,66.22,..,..,..
Peru,PER,Access to clean fuels and technologies for cooking (% of population),EG.CFT.ACCS.ZS,..,..,..,..,..,..,..,..,..,..,35.28,40,44.1,48.13,51.72,54.92,57.57,60.08,62.34,64.53,66.13,67.86,69.53,70.95,72.41,73.87,75.06,..,..,..
Philippines,PHL,Access to clean fuels and technologies for cooking (% of population),EG.CFT.ACCS.ZS,..,..,..,..,..,..,..,..,..,..,36.28,37.09,37.87,38.53,39.15,39.29,40.23,40.52,40.75,41.05,41.56,42.06,42.43,42.69,42.83,43.21,43.22,..,..,..
Poland,POL,Access to clean fuels and technologies for cooking (% of population),EG.CFT.ACCS.ZS,..,..,..,..,..,..,..,..,..,..,100,100,100,100,100,100,100,100,100,100,100,100,100,100,100,100,100,..,..,..
Portugal,PRT,Access to clean fuels and technologies for cooking (% of population),EG.CFT.ACCS.ZS,..,..,..,..,..,..,..,..,..,..,100,100,100,100,100,100,100,100,100,100,100,100,100,100,100,100,100,..,..,..
Post-demographic dividend,PST,Access to clean fuels and technologies for cooking (% of population),EG.CFT.ACCS.ZS,..,..,..,..,..,..,..,..,..,..,98.0288711272564,98.1720525818361,98.2921376835868,98.4061744337201,98.5056429181061,98.5935808035053,98.6781351616619,98.7442754579327,98.8134925198102,98.8637230089529,98.9259730637515,98.9602873802117,99.0124170460618,99.0481245263522,99.0804642506049,99.1053180679249,99.1334098513198,..,..,..
Pre-demographic dividend,PRE,Access to clean fuels and technologies for cooking (% of population),EG.CFT.ACCS.ZS,..,..,..,..,..,..,..,..,..,..,8.35813741947844,8.70465813215019,9.05564624426099,9.38865073875121,9.72836806370898,10.0661474041456,10.3930339738365,10.6904059343348,11.0196733998514,11.3398559615506,11.7422602649617,12.1566002767632,12.5878742031207,13.0534973444026,13.5304420562953,13.9991417094459,14.4703328615545,..,..,..
Puerto Rico,PRI,Access to clean fuels and technologies for cooking (% of population),EG.CFT.ACCS.ZS,..,..,..,..,..,..,..,..,..,..,..,..,..,..,..,..,..,..,..,..,..,..,..,..,..,..,..,..,..,..
Qatar,QAT,Access to clean fuels and technologies for cooking (% of population),EG.CFT.ACCS.ZS,..,..,..,..,..,..,..,..,..,..,92.1,93.26,94.26,95.02,95.62,96.17,96.59,96.94,97.23,97.46,97.71,97.96,98.07,98.25,98.32,98.44,98.49,..,..,..
Romania,ROU,Access to clean fuels and technologies for cooking (% of population),EG.CFT.ACCS.ZS,..,..,..,..,..,..,..,..,..,..,64.5,66.78,68.69,70.71,72.63,74.2,75.88,77.33,78.59,79.71,80.96,82.04,83.01,83.73,84.6,85.33,85.88,..,..,..
Russian Federation,RUS,Access to clean fuels and technologies for cooking (% of population),EG.CFT.ACCS.ZS,..,..,..,..,..,..,..,..,..,..,92.69,93.36,94.07,94.57,95.03,95.5,95.96,96.28,96.64,96.93,97.22,97.42,97.62,97.81,98.03,98.15,98.25,..,..,..
Rwanda,RWA,Access to clean fuels and technologies for cooking (% of population),EG.CFT.ACCS.ZS,..,..,..,..,..,..,..,..,..,..,0.290000000000001,0.309999999999999,0.319999999999998,0.339999999999996,0.349999999999995,0.370000000000004,0.409999999999999,0.429999999999997,0.439999999999996,0.439999999999996,0.470000000000004,0.480000000000003,0.509999999999999,0.519999999999998,0.539999999999996,0.560000000000005,0.570000000000004,..,..,..
Samoa,WSM,Access to clean fuels and technologies for cooking (% of population),EG.CFT.ACCS.ZS,..,..,..,..,..,..,..,..,..,..,20.24,21.06,21.68,22.94,23.79,24.64,25.49,26.18,26.97,27.91,28.79,29.3,29.77,30.56,31.56,31.53,32.29,..,..,..
San Marino,SMR,Access to clean fuels and technologies for cooking (% of population),EG.CFT.ACCS.ZS,..,..,..,..,..,..,..,..,..,..,100,100,100,100,100,100,100,100,100,100,100,100,100,100,100,100,100,..,..,..
Sao Tome and Principe,STP,Access to clean fuels and technologies for cooking (% of population),EG.CFT.ACCS.ZS,..,..,..,..,..,..,..,..,..,..,17.66,18.54,19.08,20.03,20.47,21.26,21.68,21.84,22.18,21.81,21.53,21.1,20.5,19.61,18.8,17.88,16.81,..,..,..
Saudi Arabia,SAU,Access to clean fuels and technologies for cooking (% of population),EG.CFT.ACCS.ZS,..,..,..,..,..,..,..,..,..,..,94.87,95.06,95.22,95.43,95.55,95.54,95.72,95.85,95.88,95.91,96.02,96.06,96.05,96.02,95.99,95.99,95.96,..,..,..
Senegal,SEN,Access to clean fuels and technologies for cooking (% of population),EG.CFT.ACCS.ZS,..,..,..,..,..,..,..,..,..,..,31.76,31.54,31.82,31.74,31.8,31.96,32.19,31.85,31.81,31.81,31.94,32.01,31.65,31.64,31.68,31.82,31.65,..,..,..
Serbia,SRB,Access to clean fuels and technologies for cooking (% of population),EG.CFT.ACCS.ZS,..,..,..,..,..,..,..,..,..,..,51.96,53.33,55.18,56.68,58.53,60.27,62.24,63.84,65.27,66.73,68.56,69.82,71.15,72.76,73.56,75.02,76.41,..,..,..
Seychelles,SYC,Access to clean fuels and technologies for cooking (% of population),EG.CFT.ACCS.ZS,..,..,..,..,..,..,..,..,..,..,76.78,78.21,79.83,81.03,82.81,84.16,84.74,85.78,87,87.5,88.23,88.99,88.85,89.27,89.76,90.23,90.36,..,..,..
Sierra Leone,SLE,Access to clean fuels and technologies for cooking (% of population),EG.CFT.ACCS.ZS,..,..,..,..,..,..,..,..,..,..,0.149999999999995,0.170000000000003,0.190000000000001,0.219999999999998,0.239999999999996,0.270000000000004,0.319999999999998,0.360000000000005,0.409999999999999,0.449999999999995,0.529999999999997,0.609999999999999,0.719999999999998,0.729999999999997,0.800000000000001,0.929999999999998,0.990000000000002,..,..,..
Singapore,SGP,Access to clean fuels and technologies for cooking (% of population),EG.CFT.ACCS.ZS,..,..,..,..,..,..,..,..,..,..,100,100,100,100,100,100,100,100,100,100,100,100,100,100,100,100,100,..,..,..
Sint Maarten (Dutch part),SXM,Access to clean fuels and technologies for cooking (% of population),EG.CFT.ACCS.ZS,..,..,..,..,..,..,..,..,..,..,..,..,..,..,..,..,..,..,..,..,..,..,..,..,..,..,..,..,..,..
Slovak Republic,SVK,Access to clean fuels and technologies for cooking (% of population),EG.CFT.ACCS.ZS,..,..,..,..,..,..,..,..,..,..,93.75,94.09,94.67,95.1,95.42,95.58,95.87,96.06,96.47,96.71,96.7,96.78,96.81,96.79,96.81,96.72,96.58,..,..,..
Slovenia,SVN,Access to clean fuels and technologies for cooking (% of population),EG.CFT.ACCS.ZS,..,..,..,..,..,..,..,..,..,..,88.93,89.75,90.68,91.49,92,92.57,93.15,93.65,94.06,94.41,94.81,95.08,95.41,95.66,95.82,95.99,96.17,..,..,..
Small states,SST,Access to clean fuels and technologies for cooking (% of population),EG.CFT.ACCS.ZS,..,..,..,..,..,..,..,..,..,..,50.1722732579646,50.9605988312667,51.8137085112261,52.5810823968232,53.4494915148976,54.287521230528,55.1534807291568,56.0564958539743,56.8666271803897,57.667636430167,58.3673318359047,58.9382358817937,59.4551693684177,59.9427394702532,60.3808813704347,60.7285399419925,61.1093101023541,..,..,..
Solomon Islands,SLB,Access to clean fuels and technologies for cooking (% of population),EG.CFT.ACCS.ZS,..,..,..,..,..,..,..,..,..,..,6.27,6.45,6.71,6.78,7.03,7.17,7.19,7.38,7.46,7.66,7.79,7.95,8.00999999999999,8.13,8.23,8.36,8.45,..,..,..
Somalia,SOM,Access to clean fuels and technologies for cooking (% of population),EG.CFT.ACCS.ZS,..,..,..,..,..,..,..,..,..,..,0.639999999999996,0.690000000000002,0.749999999999995,0.819999999999999,0.880000000000003,0.949999999999995,1.02,1.11,1.2,1.29,1.41,1.55999999999999,1.68,1.82,1.97000000000001,2.12,2.34,..,..,..
South Africa,ZAF,Access to clean fuels and technologies for cooking (% of population),EG.CFT.ACCS.ZS,..,..,..,..,..,..,..,..,..,..,56.43,58.81,61.01,63.29,65.6,67.53,69.58,71.46,73.35,75.04,76.65,78.21,79.65,81,82.36,83.64,84.75,..,..,..
South Asia,SAS,Access to clean fuels and technologies for cooking (% of population),EG.CFT.ACCS.ZS,..,..,..,..,..,..,..,..,..,..,20.4239825141746,21.9462432333476,23.0234911823751,23.9343987755559,25.2900626797511,26.1955823728584,27.4962144621549,28.6485705673013,29.7338357425166,30.536021355051,32.0112992439221,33.0433718495444,34.2228288098705,35.3817784287018,36.409989402286,37.5118415246717,38.6866248291162,..,..,..
South Asia (IDA & IBRD),TSA,Access to clean fuels and technologies for cooking (% of population),EG.CFT.ACCS.ZS,..,..,..,..,..,..,..,..,..,..,20.4239825141746,21.9462432333476,23.0234911823751,23.9343987755559,25.2900626797511,26.1955823728584,27.4962144621549,28.6485705673013,29.7338357425166,30.536021355051,32.0112992439221,33.0433718495444,34.2228288098705,35.3817784287018,36.409989402286,37.5118415246717,38.6866248291162,..,..,..
South Sudan,SSD,Access to clean fuels and technologies for cooking (% of population),EG.CFT.ACCS.ZS,..,..,..,..,..,..,..,..,..,..,0.5,0.509999999999999,0.509999999999999,0.519999999999998,0.539999999999996,0.529999999999997,0.529999999999997,0.560000000000005,0.570000000000004,0.590000000000002,0.560000000000005,0.580000000000003,0.590000000000002,0.580000000000003,0.619999999999998,0.629999999999997,0.639999999999996,..,..,..
Spain,ESP,Access to clean fuels and technologies for cooking (% of population),EG.CFT.ACCS.ZS,..,..,..,..,..,..,..,..,..,..,100,100,100,100,100,100,100,100,100,100,100,100,100,100,100,100,100,..,..,..
Sri Lanka,LKA,Access to clean fuels and technologies for cooking (% of population),EG.CFT.ACCS.ZS,..,..,..,..,..,..,..,..,..,..,15.64,16.2,16.94,17.31,18.03,18.68,19.41,20.01,20.69,21.12,21.83,22.74,23.37,24.06,24.76,25.44,26.33,..,..,..
St. Kitts and Nevis,KNA,Access to clean fuels and technologies for cooking (% of population),EG.CFT.ACCS.ZS,..,..,..,..,..,..,..,..,..,..,100,100,100,100,100,100,100,100,100,100,100,100,100,100,100,100,100,..,..,..
St. Lucia,LCA,Access to clean fuels and technologies for cooking (% of population),EG.CFT.ACCS.ZS,..,..,..,..,..,..,..,..,..,..,86.29,87.55,88.65,89.7,90.72,91.55,92.38,93.07,93.73,94.38,94.88,95.41,95.81,96.23,96.61,96.97,97.23,..,..,..
St. Martin (French part),MAF,Access to clean fuels and technologies for cooking (% of population),EG.CFT.ACCS.ZS,..,..,..,..,..,..,..,..,..,..,..,..,..,..,..,..,..,..,..,..,..,..,..,..,..,..,..,..,..,..
St. Vincent and the Grenadines,VCT,Access to clean fuels and technologies for cooking (% of population),EG.CFT.ACCS.ZS,..,..,..,..,..,..,..,..,..,..,95.42,95.4,95.5,95.57,95.67,95.7,95.79,95.77,95.84,95.92,95.87,95.87,95.97,95.89,95.96,95.9,95.98,..,..,..
Sub-Saharan Africa,SSF,Access to clean fuels and technologies for cooking (% of population),EG.CFT.ACCS.ZS,..,..,..,..,..,..,..,..,..,..,9.27556742351709,9.54066405643222,9.81541945186668,10.0794861777351,10.3766398669116,10.676974761147,10.9749896115131,11.2674072677762,11.5972700488461,11.9040301365069,12.2417841181725,12.583513288242,12.9348483823296,13.2754969525804,13.6519466564338,14.0236229727781,14.3871697363632,..,..,..
Sub-Saharan Africa (excluding high income),SSA,Access to clean fuels and technologies for cooking (% of population),EG.CFT.ACCS.ZS,..,..,..,..,..,..,..,..,..,..,9.26733483232967,9.53249844943397,9.80705714475538,10.0713245851585,10.3685549634938,10.6689511435009,10.9669836307343,11.259495375794,11.5893018264668,11.8962254683172,12.2339337502723,12.5760313501808,12.9275431718616,13.268247752731,13.6447700721393,14.0164706990188,14.38013469193,..,..,..
Sub-Saharan Africa (IDA & IBRD),TSS,Access to clean fuels and technologies for cooking (% of population),EG.CFT.ACCS.ZS,..,..,..,..,..,..,..,..,..,..,9.27556742351709,9.54066405643223,9.81541945186668,10.0794861777351,10.3766398669116,10.676974761147,10.9749896115131,11.2674072677762,11.5972700488461,11.9040301365069,12.2417841181725,12.5835132882419,12.9348483823296,13.2754969525804,13.6519466564338,14.0236229727781,14.3871697363632,..,..,..
Sudan,SDN,Access to clean fuels and technologies for cooking (% of population),EG.CFT.ACCS.ZS,..,..,..,..,..,..,..,..,..,..,14.21,15.25,16.57,17.77,19.14,20.58,22.19,23.73,25.38,26.97,28.94,30.82,32.75,34.71,36.93,38.95,41.29,..,..,..
Suriname,SUR,Access to clean fuels and technologies for cooking (% of population),EG.CFT.ACCS.ZS,..,..,..,..,..,..,..,..,..,..,79.89,80.72,81.56,82.25,83.17,83.77,84.44,85.08,85.67,86.24,86.89,87.41,87.87,88.33,88.83,89.26,89.61,..,..,..
Sweden,SWE,Access to clean fuels and technologies for cooking (% of population),EG.CFT.ACCS.ZS,..,..,..,..,..,..,..,..,..,..,100,100,100,100,100,100,100,100,100,100,100,100,100,100,100,100,100,..,..,..
Switzerland,CHE,Access to clean fuels and technologies for cooking (% of population),EG.CFT.ACCS.ZS,..,..,..,..,..,..,..,..,..,..,100,100,100,100,100,100,100,100,100,100,100,100,100,100,100,100,100,..,..,..
Syrian Arab Republic,SYR,Access to clean fuels and technologies for cooking (% of population),EG.CFT.ACCS.ZS,..,..,..,..,..,..,..,..,..,..,97.18,97.53,97.79,97.99,98.23,98.37,98.57,98.56,98.71,98.76,98.85,98.9,98.91,98.99,99.02,99.05,99.02,..,..,..
Tajikistan,TJK,Access to clean fuels and technologies for cooking (% of population),EG.CFT.ACCS.ZS,..,..,..,..,..,..,..,..,..,..,38.73,41.58,44.57,47.65,50.73,53.63,56.3,59.31,62.08,64.83,67.4,70.04,72.25,74.5,76.55,78.55,80.41,..,..,..
Tanzania,TZA,Access to clean fuels and technologies for cooking (% of population),EG.CFT.ACCS.ZS,..,..,..,..,..,..,..,..,..,..,1.08,1.1,1.15,1.2,1.28,1.35,1.35999999999999,1.44,1.53,1.54,1.65999999999999,1.74,1.85,1.93,2,2.15,2.16,..,..,..
Thailand,THA,Access to clean fuels and technologies for cooking (% of population),EG.CFT.ACCS.ZS,..,..,..,..,..,..,..,..,..,..,68.04,68.45,68.77,69.49,69.57,70.21,70.65,70.96,71.46,72.17,72.31,72.83,73.22,73.69,73.67,74.33,74.43,..,..,..
Timor-Leste,TLS,Access to clean fuels and technologies for cooking (% of population),EG.CFT.ACCS.ZS,..,..,..,..,..,..,..,..,..,..,2.27000000000001,2.41,2.54,2.69,2.96,3.12,3.37,3.56,3.89,4.09000000000001,4.54,4.77,5.21,5.67,5.98,6.53,6.92,..,..,..
Togo,TGO,Access to clean fuels and technologies for cooking (% of population),EG.CFT.ACCS.ZS,..,..,..,..,..,..,..,..,..,..,0.339999999999996,0.480000000000003,0.660000000000005,0.900000000000001,1.21,1.59,2.02,2.44,2.98,3.46,4.02,4.52,4.88,5.37,5.78,6.24,6.71,..,..,..
Tonga,TON,Access to clean fuels and technologies for cooking (% of population),EG.CFT.ACCS.ZS,..,..,..,..,..,..,..,..,..,..,47.98,49.23,50.42,51.39,52.28,53.01,53.93,54.66,55.33,56.01,56.39,56.95,57.46,57.91,58.31,58.85,59.17,..,..,..
Trinidad and Tobago,TTO,Access to clean fuels and technologies for cooking (% of population),EG.CFT.ACCS.ZS,..,..,..,..,..,..,..,..,..,..,98.73,98.81,98.89,98.94,99,99.04,99.06,99.15,99.17,99.17,99.21,99.22,99.23,99.25,99.26,99.27,99.26,..,..,..
Tunisia,TUN,Access to clean fuels and technologies for cooking (% of population),EG.CFT.ACCS.ZS,..,..,..,..,..,..,..,..,..,..,93.3,94.3,95.05,95.76,96.34,96.85,97.24,97.56,97.88,98.1,98.34,98.52,98.68,98.8,98.94,99.03,99.1,..,..,..
Turkey,TUR,Access to clean fuels and technologies for cooking (% of population),EG.CFT.ACCS.ZS,..,..,..,..,..,..,..,..,..,..,..,..,..,..,..,..,..,..,..,..,..,..,..,..,..,..,..,..,..,..
Turkmenistan,TKM,Access to clean fuels and technologies for cooking (% of population),EG.CFT.ACCS.ZS,..,..,..,..,..,..,..,..,..,..,96.3,96.83,97.22,97.63,97.96,98.2,98.38,98.57,98.69,98.85,98.94,99.03,99.1,99.18,99.22,99.27,99.32,..,..,..
Turks and Caicos Islands,TCA,Access to clean fuels and technologies for cooking (% of population),EG.CFT.ACCS.ZS,..,..,..,..,..,..,..,..,..,..,..,..,..,..,..,..,..,..,..,..,..,..,..,..,..,..,..,..,..,..
Tuvalu,TUV,Access to clean fuels and technologies for cooking (% of population),EG.CFT.ACCS.ZS,..,..,..,..,..,..,..,..,..,..,18.63,19.77,21.18,22.68,24.25,26.09,28.19,30.48,32.98,35.3,37.7,39.98,42.29,44.58,46.54,48.5,50.42,..,..,..
Uganda,UGA,Access to clean fuels and technologies for cooking (% of population),EG.CFT.ACCS.ZS,..,..,..,..,..,..,..,..,..,..,1.01,0.980000000000003,0.990000000000002,0.929999999999998,0.939999999999996,0.91,0.880000000000003,0.890000000000002,0.860000000000005,0.839999999999996,0.829999999999997,0.839999999999996,0.81,0.780000000000003,0.780000000000003,0.760000000000005,0.770000000000004,..,..,..
Ukraine,UKR,Access to clean fuels and technologies for cooking (% of population),EG.CFT.ACCS.ZS,..,..,..,..,..,..,..,..,..,..,88.25,89.05,89.7,90.58,91.15,91.86,92.51,92.92,93.35,93.71,94.14,94.48,94.85,95.1,95.32,95.49,95.73,..,..,..
United Arab Emirates,ARE,Access to clean fuels and technologies for cooking (% of population),EG.CFT.ACCS.ZS,..,..,..,..,..,..,..,..,..,..,96.57,97,97.21,97.53,97.74,97.96,98.09,98.14,98.34,98.44,98.4,98.47,98.5,98.55,98.58,98.63,98.51,..,..,..
United Kingdom,GBR,Access to clean fuels and technologies for cooking (% of population),EG.CFT.ACCS.ZS,..,..,..,..,..,..,..,..,..,..,100,100,100,100,100,100,100,100,100,100,100,100,100,100,100,100,100,..,..,..
United States,USA,Access to clean fuels and technologies for cooking (% of population),EG.CFT.ACCS.ZS,..,..,..,..,..,..,..,..,..,..,100,100,100,100,100,100,100,100,100,100,100,100,100,100,100,100,100,..,..,..
Upper middle income,UMC,Access to clean fuels and technologies for cooking (% of population),EG.CFT.ACCS.ZS,..,..,..,..,..,..,..,..,..,..,60.0352949617931,61.1950912423926,62.0147012247157,62.9703076009142,63.6532092360702,64.487687323019,65.396199297395,66.1043333969655,66.929154175777,67.6268993683211,68.3731636236475,69.0647794953554,69.7366697104294,70.4503651586154,70.9855921618013,71.598440416821,72.1745206468986,..,..,..
Uruguay,URY,Access to clean fuels and technologies for cooking (% of population),EG.CFT.ACCS.ZS,..,..,..,..,..,..,..,..,..,..,96.05,96.29,96.5,96.64,96.82,96.95,97.13,97.28,97.37,97.45,97.52,97.6,97.69,97.77,97.84,97.91,97.97,..,..,..
Uzbekistan,UZB,Access to clean fuels and technologies for cooking (% of population),EG.CFT.ACCS.ZS,..,..,..,..,..,..,..,..,..,..,79.55,80.9,82.13,83.1,84.25,85.27,86.16,87.06,87.91,88.57,89.07,89.85,90.44,90.79,91.35,91.82,92.1,..,..,..
Vanuatu,VUT,Access to clean fuels and technologies for cooking (% of population),EG.CFT.ACCS.ZS,..,..,..,..,..,..,..,..,..,..,11.76,12.07,12.13,12.42,12.37,12.45,12.62,12.56,12.72,12.67,12.68,12.71,12.64,12.62,12.62,12.72,12.57,..,..,..
"Venezuela, RB",VEN,Access to clean fuels and technologies for cooking (% of population),EG.CFT.ACCS.ZS,..,..,..,..,..,..,..,..,..,..,96.29,96.49,96.63,96.78,96.85,97.01,97.11,97.17,97.26,97.3,97.37,97.4,97.44,97.43,97.42,95.96,96.16,..,..,..
Vietnam,VNM,Access to clean fuels and technologies for cooking (% of population),EG.CFT.ACCS.ZS,..,..,..,..,..,..,..,..,..,..,14.38,17.05,19.97,22.81,26.05,29.23,32.61,36.04,39.55,43.12,46.76,50.14,53.84,57.23,60.79,63.81,66.92,..,..,..
Virgin Islands (U.S.),VIR,Access to clean fuels and technologies for cooking (% of population),EG.CFT.ACCS.ZS,..,..,..,..,..,..,..,..,..,..,..,..,..,..,..,..,..,..,..,..,..,..,..,..,..,..,..,..,..,..
West Bank and Gaza,PSE,Access to clean fuels and technologies for cooking (% of population),EG.CFT.ACCS.ZS,..,..,..,..,..,..,..,..,..,..,..,..,..,..,..,..,..,..,..,..,..,..,..,..,..,..,..,..,..,..
World,WLD,Access to clean fuels and technologies for cooking (% of population),EG.CFT.ACCS.ZS,..,..,..,..,..,..,..,..,..,..,49.4013481251373,50.2057843408998,50.8143861137628,51.4070123633294,52.0572236545581,52.6687327234791,53.414554283864,54.0601521232369,54.7527463562665,55.3224901078485,56.0648056051481,56.6322401801086,57.2429795223785,57.8458135706089,58.3486728308848,58.8348011031806,59.3406714272673,..,..,..
"Yemen, Rep.",YEM,Access to clean fuels and technologies for cooking (% of population),EG.CFT.ACCS.ZS,..,..,..,..,..,..,..,..,..,..,51.84,52.73,53.81,54.8,55.76,56.67,57.58,58.46,59.19,60.01,60.75,61.68,62.29,63.03,63.63,64.28,64.93,..,..,..
Zambia,ZMB,Access to clean fuels and technologies for cooking (% of population),EG.CFT.ACCS.ZS,..,..,..,..,..,..,..,..,..,..,14,14.11,14.3,14.46,14.58,14.73,14.92,15.08,15.25,15.43,15.47,15.71,15.9,15.99,16.23,16.31,16.43,..,..,..
Zimbabwe,ZWE,Access to clean fuels and technologies for cooking (% of population),EG.CFT.ACCS.ZS,..,..,..,..,..,..,..,..,..,..,32.4,32.25,32.18,32.01,31.77,31.64,31.34,31.17,30.97,30.81,30.46,30.27,30.02,29.88,29.63,29.36,29.05,..,..,..
,,,,,,,,,,,,,,,,,,,,,,,,,,,,,,,,,
,,,,,,,,,,,,,,,,,,,,,,,,,,,,,,,,,
,,,,,,,,,,,,,,,,,,,,,,,,,,,,,,,,,
Data from database: Sustainable Development Goals (SDGs),,,,,,,,,,,,,,,,,,,,,,,,,,,,,,,,,
Last Updated: 07/02/2021,,,,,,,,,,,,,,,,,,,,,,,,,,,,,,,,,
