﻿Code,License Type,Indicator Name,Long definition,Source,Topic,Periodicity,Aggregation method,Statistical concept and methodology,General comments,License URL
EG.CFT.ACCS.ZS,CC BY-4.0,Access to clean fuels and technologies for cooking  (% of population),"Access to clean fuels and technologies for cooking is the proportion of total population primarily using clean cooking fuels and technologies for cooking. Under WHO guidelines, kerosene is excluded from clean cooking fuels.","World Bank, Sustainable Energy for All (SE4ALL) database from WHO Global Household Energy database.",Environment: Energy production & use,Annual,Weighted Average,"Data for access to clean fuels and technologies for cooking are based on the the World Health Organization’s (WHO) Global Household Energy Database. They are collected among different sources: only data from nationally representative household surveys (including national censuses) were used. Survey sources include Demographic and Health Surveys (DHS) and Living Standards Measurement Surveys (LSMS), Multi-Indicator Cluster Surveys (MICS), the World Health Survey (WHS), other nationally developed and implemented surveys, and various government agencies (for example, ministries of energy and utilities). To develop the historical evolution of clean fuels and technologies use rates, a multi-level non-parametrical mixed model, using both fixed and random effects, was used to derive polluting fuel use estimates for 150 countries (ref. Bonjour S, Adair-Rohani H, Wolf J, Bruce NG, Mehta S, Prüss-Ustün A, Lahiff M, Rehfuess EA, Mishra V, Smith KR. Solid Fuel Use for Household Cooking: Country and Regional Estimates for 1980-2010. Environ Health Perspect (): .doi:10.1289/ehp.1205987.). For a country with no data, estimates are derived by using regional trends or assumed to be universal access if a country is classified as developed by the United Nations.",,https://datacatalog.worldbank.org/public-licenses#cc-by
SH.STA.ODFC.ZS,CC BY-4.0,People practicing open defecation (% of population),"People practicing open defecation refers to the percentage of the population defecating in the open, such as in fields, forest, bushes, open bodies of water, on beaches, in other open spaces or disposed of with solid waste.",WHO/UNICEF Joint Monitoring Programme (JMP) for Water Supply and Sanitation (http://www.wssinfo.org/).,Health: Risk factors,Annual,Weighted Average,,This is the Sustainable Development Goal indicator 6.2.1 [https://unstats.un.org/sdgs/metadata/].,https://datacatalog.worldbank.org/public-licenses#cc-by
SH.STA.ODFC.RU.ZS,CC BY-4.0,"People practicing open defecation, rural (% of rural population)","People practicing open defecation refers to the percentage of the population defecating in the open, such as in fields, forest, bushes, open bodies of water, on beaches, in other open spaces or disposed of with solid waste.",WHO/UNICEF Joint Monitoring Programme (JMP) for Water Supply and Sanitation (http://www.wssinfo.org/).,Health: Risk factors,Annual,Weighted Average,,This is a disaggregated indicator for Sustainable Development Goal 6.2.1 [https://unstats.un.org/sdgs/metadata/].,https://datacatalog.worldbank.org/public-licenses#cc-by
SH.STA.ODFC.UR.ZS,CC BY-4.0,"People practicing open defecation, urban (% of urban population)","People practicing open defecation refers to the percentage of the population defecating in the open, such as in fields, forest, bushes, open bodies of water, on beaches, in other open spaces or disposed of with solid waste.",WHO/UNICEF Joint Monitoring Programme (JMP) for Water Supply and Sanitation (http://www.wssinfo.org/).,Health: Risk factors,Annual,Weighted Average,,This is a disaggregated indicator for Sustainable Development Goal 6.2.1 [https://unstats.un.org/sdgs/metadata/].,https://datacatalog.worldbank.org/public-licenses#cc-by
