,CommunityID,HI_1,HI_2,HI_3,HI_4,HI_5,HI_6,a8,H2,H3,H4,H5,H6,H7,H8,H9,H10,H11,H12,H14_w,H14_t,H15_w,H15_t,H16_w,H16_t,H17_w,H17_t,H18,H21_mm,H21_yy,H19,H20_first,H20_second,H21,H22,H23,H24,H25,H26
0,01010200116,1,1,2,1,16,1,1,1,,,,,25.0,-888.0,1.0,11000.0,300.0,1.0,2.0,2.0,20.0,23.0,3.0,4.0,2.0,1.0,2.0,,,,3.0,2.0,2.0,2.0,2.0,2.0,2,
1,01010301101,1,1,3,11,1,2,1,1,,,,,3.0,-888.0,4.0,560.0,0.0,1.0,2.0,2.0,-888.0,-888.0,-888.0,-888.0,2.0,2.0,1.0,1.0,2009.0,3.0,3.0,2.0,2.0,2.0,2.0,2.0,1,15.0
2,01010400404,1,1,4,4,4,2,1,3,1.0,1.0,,,,,,,,,,,,,,,,,,,,,,,,,,,1,15.0
3,01010400804,1,1,4,8,4,2,1,3,1.0,1.0,,,,,,,,,,,,,,,,,,,,,,,,,,,1,5.0
4,01020600113,1,2,6,1,13,1,1,1,,,,,30.0,-888.0,1.0,18000.0,150.0,1.0,1.0,1.0,20.0,23.0,3.0,4.0,2.0,1.0,2.0,,,,3.0,2.0,2.0,2.0,2.0,3.0,1,5.0
5,01020801604,1,2,8,16,4,2,12,1,,,,,6.0,1800.0,2.0,100.0,100.0,1.0,1.0,1.0,4.0,6.0,2.0,4.0,2.0,2.0,2.0,,,,8.0,,2.0,1.0,2.0,1.0,2,
6,01020901705,1,2,9,17,5,2,11,3,5.0,2.0,,,,,,,,,,,,,,,,,,,,,,,,,,,1,70.0
7,01021200418,1,2,12,4,18,1,1,1,,,,,30.0,-888.0,1.0,2150.0,500.0,1.0,2.0,2.0,22.0,23.0,3.0,4.0,2.0,1.0,2.0,,,,3.0,1.0,3.0,2.0,2.0,2.0,2,
8,01030300103,1,3,3,1,3,1,1,1,,,,,39.0,-888.0,2.0,15000.0,150.0,1.0,2.0,2.0,-888.0,-888.0,-888.0,-888.0,2.0,2.0,2.0,,,,3.0,2.0,3.0,2.0,2.0,3.0,1,15.0
9,01030600403,1,3,6,4,3,2,10,1,,,,,1.0,1500.0,4.0,25.0,4.0,2.0,,,,24.0,,4.0,,1.0,2.0,,,,1.0,,3.0,2.0,2.0,5.0,1,95.0
10,01030800402,1,3,8,4,2,1,1,1,,,,,30.0,-888.0,1.0,30000.0,100.0,1.0,1.0,1.0,22.0,24.0,3.0,4.0,2.0,1.0,2.0,,,,3.0,8.0,3.0,2.0,2.0,2.0,1,10.0
11,01041100201,1,4,11,2,1,1,1,1,,,,,30.0,-888.0,2.0,30000.0,500.0,1.0,2.0,2.0,22.0,24.0,3.0,4.0,2.0,1.0,1.0,3.0,2009.0,1.0,3.0,2.0,3.0,2.0,2.0,2.0,1,10.0
12,01050100110,1,5,1,1,10,1,1,1,,,,,18.0,0.0,1.0,5000.0,150.0,1.0,2.0,2.0,13.0,23.0,1.0,4.0,2.0,1.0,1.0,3.0,2009.0,1.0,1.0,3.0,2.0,2.0,2.0,2.0,1,10.0
13,01050101108,1,5,1,11,8,2,1,3,1.0,1.0,,,,,,,,,,,,,,,,,,,,,,,,,,,1,5.0
14,01060100317,1,6,1,3,17,1,1,1,,,,,35.0,-888.0,1.0,18120.0,500.0,1.0,2.0,2.0,22.0,23.0,4.0,4.0,1.0,1.0,2.0,,,,3.0,2.0,2.0,2.0,2.0,3.0,2,
15,02070101804,2,7,1,18,4,2,1,3,5.0,1.0,,,,,,,,,,,,,,,,,,,,,,,,,,,2,
16,02070101901,2,7,1,19,1,2,2,3,5.0,1.0,,,,,,,,,,,,,,,,,,,,,,,,,,,2,
17,02070200101,2,7,2,1,1,1,1,1,,,,,15.0,-888.0,1.0,4000.0,410.0,1.0,2.0,2.0,15.0,23.0,2.0,4.0,2.0,1.0,1.0,5.0,2009.0,1.0,3.0,1.0,3.0,2.0,2.0,3.0,1,40.0
18,02070300104,2,7,3,1,4,1,1,1,,,,,20.0,-888.0,1.0,17000.0,150.0,1.0,2.0,2.0,21.0,23.0,2.0,3.0,2.0,2.0,2.0,,,,3.0,2.0,3.0,2.0,2.0,3.0,1,5.0
19,02070501103,2,7,5,11,3,2,3,3,5.0,1.0,,,,,,,,,,,,,,,,,,,,,,,,,,,2,
20,02070501302,2,7,5,13,2,2,4,3,5.0,1.0,,,,,,,,,,,,,,,,,,,,,,,,,,,1,15.0
21,02080300102,2,8,3,1,2,2,9,3,6.0,1.0,,,,,,,,,,,,,,,,,,,,,,,,,,,2,
22,02080300404,2,8,3,4,4,2,8,1,,,,,1.0,0.0,3.0,100.0,0.0,1.0,1.0,1.0,4.0,6.0,1.0,2.0,2.0,2.0,1.0,5.0,2009.0,5.0,8.0,5.0,5.0,3.0,2.0,2.0,2,
23,02090100104,2,9,1,1,4,1,1,1,,,,,20.0,-888.0,2.0,1500.0,520.0,1.0,2.0,2.0,20.0,22.0,3.0,3.0,2.0,2.0,1.0,2.0,2009.0,1.0,3.0,1.0,3.0,2.0,2.0,2.0,1,10.0
24,02090200123,2,9,2,1,23,1,1,1,,,,,15.0,-888.0,1.0,16887.0,300.0,1.0,2.0,2.0,20.0,23.0,2.0,3.0,2.0,2.0,1.0,3.0,2009.0,1.0,3.0,1.0,3.0,3.0,2.0,2.0,1,15.0
25,02100100401,2,10,1,4,1,2,6,3,5.0,1.0,,,,,,,,,,,,,,,,,,,,,,,,,,,2,
26,02100100501,2,10,1,5,1,2,7,3,555.0,1.0,,,,,,,,,,,,,,,,,,,,,,,,,,,2,
27,02100200904,2,10,2,9,4,2,5,3,5.0,2.0,,,,,,,,,,,,,,,,,,,,,,,,,,,2,
28,03110300605,3,11,3,6,5,2,15,3,1.0,2.0,,,,,,,,,,,,,,,,,,,,,,,,,,,1,1.0
29,03110301501,3,11,3,15,1,2,14,3,1.0,2.0,,,,,,,,,,,,,,,,,,,,,,,,,,,1,1.0
30,03110800110,3,11,8,1,10,1,6,1,,,,,15.0,500000.0,3.0,10000.0,550.0,1.0,2.0,2.0,8.0,12.0,1.0,3.0,2.0,2.0,1.0,12.0,2008.0,12.0,1.0,8.0,2.0,2.0,2.0,5.0,2,
31,03110800701,3,11,8,7,1,2,16,3,1.0,2.0,,,,,,,,,,,,,,,,,,,,,,,,,,,2,
32,03111700101,3,11,17,1,1,1,1,1,,,,,10.0,2000.0,2.0,1700.0,289.0,1.0,2.0,2.0,15.0,15.0,1.0,3.0,2.0,2.0,1.0,10.0,2008.0,5.0,1.0,,3.0,2.0,2.0,2.0,2,
33,03111800604,3,11,18,6,4,1,1,1,,,,,50.0,-888.0,2.0,1515.0,600.0,1.0,2.0,2.0,10.0,13.0,1.0,4.0,2.0,2.0,2.0,,,,5.0,6.0,3.0,2.0,1.0,2.0,2,
34,03111802013,3,11,18,20,13,1,1,1,,,,,40.0,2800.0,2.0,1800.0,600.0,1.0,2.0,2.0,10.0,18.0,1.0,3.0,2.0,2.0,1.0,10.0,2008.0,35.0,3.0,1.0,3.0,2.0,2.0,2.0,2,
35,03111802013,3,11,18,20,13,1,5,1,,,,,39.0,0.0,2.0,5500.0,877.0,1.0,2.0,2.0,18.0,22.0,1.0,3.0,2.0,2.0,1.0,12.0,2008.0,2.0,8.0,2.0,1.0,3.0,2.0,4.0,2,
36,03112101007,3,11,21,10,7,2,17,3,1.0,2.0,,,,,,,,,,,,,,,,,,,,,,,,,,,1,1.0
37,03120102608,3,12,1,26,8,2,18,3,1.0,2.0,,,,,,,,,,,,,,,,,,,,,,,,,,,2,
38,03120200303,3,12,2,3,3,1,1,1,,,,,40.0,3000.0,2.0,3000.0,25.0,1.0,2.0,2.0,10.0,15.0,1.0,3.0,2.0,2.0,2.0,,,,3.0,,3.0,2.0,2.0,2.0,2,
39,03120300709,3,12,3,7,9,2,19,3,1.0,2.0,,,,,,,,,,,,,,,,,,,,,,,,,,,2,
40,03120302401,3,12,3,24,1,2,20,3,1.0,2.0,,,,,,,,,,,,,,,,,,,,,,,,,,,2,
41,03121000302,3,12,10,3,2,1,1,1,,,,,56.0,2800.0,2.0,3000.0,500.0,1.0,2.0,2.0,14.0,18.0,2.0,4.0,2.0,1.0,2.0,,,,3.0,,3.0,2.0,2.0,2.0,2,
42,03121000302,3,12,10,3,2,1,2,1,,,,,90.0,-888.0,1.0,17654.0,1.0,1.0,2.0,2.0,10.0,20.0,1.0,2.0,2.0,2.0,1.0,4.0,2009.0,4.0,8.0,2.0,1.0,2.0,1.0,2.0,2,
43,03130200801,3,13,2,8,1,2,15,1,,,,,1.0,1140.0,4.0,92.0,3.0,1.0,2.0,2.0,24.0,24.0,4.0,4.0,1.0,1.0,1.0,2.0,2009.0,15.0,8.0,1.0,5.0,3.0,1.0,5.0,1,10.0
44,03130202504,3,13,2,25,4,2,16,3,5.0,2.0,,,,,,,,,,,,,,,,,,,,,,,,,,,1,5.0
45,03130401201,3,13,4,12,1,2,17,1,,,,,1.0,1100.0,2.0,170.0,10.0,2.0,,,,24.0,,4.0,,1.0,2.0,,,,111.0,,2.0,1.0,1.0,2.0,1,10.0
46,03130803001,3,13,8,30,1,2,20,1,,,,,12.0,1100.0,4.0,70.0,4.0,1.0,2.0,2.0,10.0,20.0,0.0,3.0,2.0,2.0,1.0,3.0,2009.0,3.0,1.0,3.0,4.0,2.0,1.0,5.0,1,70.0
47,03131000101,3,13,10,1,1,1,1,1,,,,,22.0,0.0,2.0,8233.0,310.0,1.0,2.0,2.0,20.0,20.0,2.0,3.0,2.0,2.0,1.0,10.0,2008.0,3.0,8.0,,1.0,1.0,1.0,1.0,2,
48,03140400104,3,14,4,1,4,1,1,1,,,,,20.0,0.0,3.0,,,1.0,1.0,1.0,3.0,12.0,1.0,2.0,2.0,2.0,1.0,11.0,2008.0,3.0,2.0,1.0,3.0,2.0,2.0,3.0,2,
49,03140901602,3,14,9,16,2,2,21,3,5.0,2.0,,,,,,,,,,,,,,,,,,,,,,,,,,,1,10.0
50,03141000205,3,14,10,2,5,2,18,1,,,,,6.0,1100.0,2.0,160.0,9.0,1.0,2.0,2.0,18.0,23.0,1.0,3.0,2.0,2.0,1.0,2.0,2009.0,2.0,3.0,6.0,4.0,3.0,1.0,4.0,1,5.0
51,03141001902,3,14,10,19,2,2,19,3,5.0,2.0,,,,,,,,,,,,,,,,,,,,,,,,,,,2,
52,03141202605,3,14,12,26,5,2,2,1,,,,,1.0,16000.0,4.0,24.0,0.0,1.0,2.0,2.0,24.0,24.0,4.0,4.0,1.0,1.0,2.0,,,,8.0,3.0,3.0,2.0,2.0,5.0,1,1.0
53,03141700416,3,14,17,4,16,1,3,1,,,,,32.0,-888.0,2.0,10000.0,700.0,1.0,2.0,2.0,12.0,24.0,1.0,3.0,2.0,2.0,1.0,2.0,2009.0,3.0,8.0,2.0,1.0,1.0,1.0,2.0,2,
54,03150300101,3,15,3,1,1,2,2,3,1.0,1.0,,,,,,,,,,,,,,,,,,,,,,,,,,,2,
55,03150300905,3,15,3,9,5,2,5,3,1.0,1.0,,,,,,,,,,,,,,,,,,,,,,,,,,,2,
56,03150800103,3,15,8,1,3,1,1,1,,,,,25.0,-888.0,2.0,3000.0,500.0,1.0,2.0,2.0,20.0,23.0,2.0,4.0,2.0,1.0,1.0,-888.0,-888.0,2.0,1.0,3.0,3.0,2.0,2.0,2.0,2,
57,03151900506,3,15,19,5,6,2,6,3,1.0,2.0,,,,,,,,,,,,,,,,,,,,,,,,,,,1,10.0
58,03152000705,3,15,20,7,5,1,1,1,,,,,25.0,-888.0,2.0,4250.0,350.0,1.0,2.0,2.0,20.0,24.0,3.0,4.0,2.0,1.0,1.0,-888.0,-888.0,1.0,3.0,,3.0,2.0,2.0,2.0,2,
59,03160201902,3,16,2,19,2,2,3,3,1.0,2.0,,,,,,,,,,,,,,,,,,,,,,,,,,,1,3.0
60,03160204005,3,16,2,40,5,2,2,3,1.0,2.0,,,,,,,,,,,,,,,,,,,,,,,,,,,2,
61,03160500103,3,16,5,1,3,1,1,1,,,,,20.0,-888.0,2.0,1250.0,175.0,1.0,2.0,2.0,20.0,23.0,2.0,4.0,2.0,1.0,1.0,-888.0,-888.0,2.0,3.0,1.0,3.0,2.0,2.0,2.0,2,
62,03160600803,3,16,6,8,3,2,1,3,1.0,2.0,,,,,,,,,,,,,,,,,,,,,,,,,,,1,5.0
63,03161500214,3,16,15,2,14,1,1,1,,,,,15.0,-888.0,2.0,1280.0,350.0,1.0,2.0,2.0,20.0,20.0,2.0,4.0,2.0,1.0,1.0,-888.0,-888.0,2.0,3.0,8.0,3.0,2.0,2.0,2.0,2,
64,03170400206,3,17,4,2,6,2,7,3,1.0,2.0,,,,,,,,,,,,,,,,,,,,,,,,,,,2,
65,03170401804,3,17,4,18,4,2,5,3,1.0,2.0,,,,,,,,,,,,,,,,,,,,,,,,,,,1,1.0
66,03170403702,3,17,4,37,2,2,6,3,1.0,2.0,,,,,,,,,,,,,,,,,,,,,,,,,,,2,
67,03170601005,3,17,6,10,5,2,4,3,1.0,2.0,,,,,,,,,,,,,,,,,,,,,,,,,,,1,2.0
68,03180100102,3,18,1,1,2,1,1,1,,,,,23.0,4000.0,2.0,1613.0,300.0,2.0,,,,24.0,,4.0,,1.0,1.0,10.0,2008.0,3.0,8.0,,2.0,1.0,2.0,2.0,2,
69,03180201302,3,18,2,13,2,2,13,3,6.0,2.0,,,,,,,,,,,,,,,,,,,,,,,,,,,1,40.0
70,03180302503,3,18,3,25,3,2,14,3,6.0,2.0,,,,,,,,,,,,,,,,,,,,,,,,,,,2,
71,03180700305,3,18,7,3,5,1,1,1,,,,,25.0,0.0,2.0,1824.0,50.0,2.0,,,,24.0,,3.0,,2.0,2.0,,,,1.0,,3.0,2.0,2.0,2.0,2,
72,03190201401,3,19,2,14,1,2,9,3,1.0,2.0,,,,,,,,,,,,,,,,,,,,,,,,,,,2,
73,03190202501,3,19,2,25,1,2,8,3,1.0,2.0,,,,,,,,,,,,,,,,,,,,,,,,,,,2,
74,03190402004,3,19,4,20,4,2,10,3,1.0,2.0,,,,,,,,,,,,,,,,,,,,,,,,,,,2,
75,03200100113,3,20,1,1,13,2,1,3,6.0,2.0,,,,,,,,,,,,,,,,,,,,,,,,,,,2,
76,03200100807,3,20,1,8,7,2,7,1,,,,,5.0,1200.0,4.0,50.0,0.0,1.0,2.0,2.0,2.0,24.0,0.0,4.0,2.0,1.0,1.0,12.0,2009.0,16.0,1.0,,4.0,2.0,2.0,4.0,1,2.0
77,03200200209,3,20,2,2,9,1,4,1,,,,,36.0,0.0,1.0,5799.0,409.0,1.0,2.0,2.0,12.0,24.0,2.0,2.0,2.0,2.0,1.0,1.0,2009.0,3.0,8.0,2.0,1.0,1.0,1.0,2.0,2,
78,03210101214,3,21,1,12,14,1,1,1,,,,,30.0,1000.0,2.0,6300.0,677.0,1.0,2.0,2.0,10.0,10.0,4.0,4.0,2.0,2.0,2.0,,,,1.0,2.0,1.0,2.0,1.0,4.0,2,
79,04220202602,4,22,2,26,2,2,1,3,5.0,1.0,,,,,,,,,,,,,,,,,,,,,,,,,,,1,1.0
80,04220800303,4,22,8,3,3,2,1,3,5.0,1.0,,,,,,,,,,,,,,,,,,,,,,,,,,,1,1.0
81,04230200302,4,23,2,3,2,2,1,3,5.0,2.0,,,,,,,,,,,,,,,,,,,,,,,,,,,1,15.0
82,04231300304,4,23,13,3,4,2,1,3,5.0,2.0,,,,,,,,,,,,,,,,,,,,,,,,,,,1,20.0
83,04231301905,4,23,13,19,5,2,1,3,1.0,2.0,,,,,,,,,,,,,,,,,,,,,,,,,,,1,1.0
84,04240101704,4,24,1,17,4,2,1,1,,,,,1.0,1644.0,4.0,150.0,50.0,1.0,2.0,2.0,,,,,1.0,1.0,1.0,6.0,2009.0,5.0,1.0,2.0,1.0,3.0,3.0,5.0,1,10.0
85,04240602203,4,24,6,22,3,2,1,3,5.0,2.0,,,,,,,,,,,,,,,,,,,,,,,,,,,1,20.0
86,04242204001,4,24,22,40,1,2,1,3,5.0,1.0,,,,,,,,,,,,,,,,,,,,,,,,,,,1,25.0
87,04250800404,4,25,8,4,4,2,4,3,1.0,2.0,,,,,,,,,,,,,,,,,,,,,,,,,,,2,
88,04260801102,4,26,8,11,2,2,1,3,5.0,2.0,,,,,,,,,,,,,,,,,,,,,,,,,,,1,40.0
89,04260803103,4,26,8,31,3,2,1,3,5.0,2.0,,,,,,,,,,,,,,,,,,,,,,,,,,,1,60.0
90,04261701902,4,26,17,19,2,2,1,3,5.0,1.0,,,,,,,,,,,,,,,,,,,,,,,,,,,1,10.0
91,04271800107,4,27,18,1,7,1,2,1,,,,,28.0,-888.0,2.0,,,1.0,2.0,2.0,24.0,24.0,4.0,4.0,1.0,1.0,2.0,,,,2.0,3.0,4.0,2.0,2.0,3.0,2,
92,04280201505,4,28,2,15,5,2,5,3,1.0,2.0,,,,,,,,,,,,,,,,,,,,,,,,,,,1,30.0
93,04280203203,4,28,2,32,3,2,4,3,1.0,2.0,,,,,,,,,,,,,,,,,,,,,,,,,,,2,
94,04280900226,4,28,9,2,26,1,4,1,,,,,44.0,-888.0,1.0,720.0,15.0,1.0,2.0,2.0,16.0,21.0,2.0,4.0,2.0,1.0,2.0,,,,3.0,2.0,1.0,1.0,3.0,4.0,2,
95,04290100110,4,29,1,1,10,1,1,1,,,,,28.0,20000.0,1.0,2092.0,11.0,1.0,2.0,2.0,22.0,23.0,3.0,4.0,2.0,1.0,2.0,,,,2.0,7.0,2.0,1.0,1.0,2.0,2,
96,04290500106,4,29,5,1,6,1,6,1,,,,,60.0,-888.0,1.0,1860.0,0.0,2.0,,,,24.0,,4.0,,1.0,1.0,1.0,2009.0,2.0,2.0,8.0,4.0,3.0,2.0,5.0,2,
97,04291500905,4,29,15,9,5,2,5,3,1.0,2.0,,,,,,,,,,,,,,,,,,,,,,,,,,,1,10.0
98,04291501302,4,29,15,13,2,2,2,3,1.0,2.0,,,,,,,,,,,,,,,,,,,,,,,,,,,2,
99,04291501302,4,29,15,13,2,2,3,3,1.0,2.0,,,,,,,,,,,,,,,,,,,,,,,,,,,2,
100,04291801901,4,29,18,19,1,2,1,3,1.0,2.0,,,,,,,,,,,,,,,,,,,,,,,,,,,2,
101,04292500402,4,29,25,4,2,1,4,1,,,,,20.0,56000.0,3.0,3000.0,0.0,2.0,,,,24.0,,4.0,,1.0,2.0,,,,8.0,1.0,4.0,2.0,1.0,2.0,2,
102,04300400106,4,30,4,1,6,1,2,1,,,,,4.0,5000.0,1.0,200.0,20.0,2.0,,,,20.0,,3.0,,2.0,1.0,5.0,2009.0,2.0,2.0,1.0,1.0,1.0,2.0,2.0,2,
103,04300800105,4,30,8,1,5,2,5,3,555.0,2.0,,,,,,,,,,,,,,,,,,,,,,,,,,,2,
104,04301301004,4,30,13,10,4,2,4,3,1.0,2.0,,,,,,,,,,,,,,,,,,,,,,,,,,,1,70.0
105,04311103311,4,31,11,33,11,2,10,3,1.0,2.0,,,,,,,,,,,,,,,,,,,,,,,,,,,1,70.0
106,04311200105,4,31,12,1,5,1,10,1,,,,,10.0,0.0,2.0,300.0,50.0,1.0,2.0,2.0,10.0,22.0,2.0,4.0,2.0,1.0,1.0,2.0,2009.0,60.0,1.0,2.0,4.0,2.0,2.0,4.0,1,75.0
107,04320400608,4,32,4,6,8,2,3,3,1.0,2.0,,,,,,,,,,,,,,,,,,,,,,,,,,,2,
108,04320400608,4,32,4,6,8,2,8,3,1.0,2.0,,,,,,,,,,,,,,,,,,,,,,,,,,,2,
109,04320501610,4,32,5,16,10,2,10,3,1.0,2.0,,,,,,,,,,,,,,,,,,,,,,,,,,,2,
110,04320501610,4,32,5,16,10,2,11,3,1.0,2.0,,,,,,,,,,,,,,,,,,,,,,,,,,,2,
111,04320600302,4,32,6,3,2,2,2,3,1.0,2.0,,,,,,,,,,,,,,,,,,,,,,,,,,,2,
112,04321200208,4,32,12,2,8,1,2,1,,,,,20.0,550000.0,3.0,1000.0,0.0,1.0,2.0,2.0,24.0,24.0,4.0,4.0,1.0,1.0,1.0,2.0,2009.0,1.0,1.0,3.0,3.0,2.0,2.0,2.0,2,
113,04321600405,4,32,16,4,5,2,5,3,1.0,2.0,,,,,,,,,,,,,,,,,,,,,,,,,,,2,
114,04321801602,4,32,18,16,2,2,3,3,1.0,2.0,,,,,,,,,,,,,,,,,,,,,,,,,,,2,
115,04330600803,4,33,6,8,3,2,6,1,,,,,5.0,100000.0,4.0,200.0,1.0,1.0,2.0,2.0,10.0,15.0,1.0,2.0,2.0,2.0,1.0,8.0,2008.0,1.0,1.0,3.0,3.0,2.0,1.0,4.0,2,
116,04330801809,4,33,8,18,9,2,7,3,5.0,2.0,,,,,,,,,,,,,,,,,,,,,,,,,,,2,
117,04331100203,4,33,11,2,3,2,3,3,1.0,2.0,,,,,,,,,,,,,,,,,,,,,,,,,,,2,
118,04331301403,4,33,13,14,3,2,5,3,6.0,1.0,,,,,,,,,,,,,,,,,,,,,,,,,,,2,
119,04340300103,4,34,3,1,3,1,1,1,,,,,25.0,-888.0,4.0,300.0,6.0,2.0,,,,24.0,,4.0,,1.0,1.0,6.0,2009.0,3.0,8.0,,4.0,3.0,2.0,4.0,2,
120,04340900114,4,34,9,1,14,1,2,1,,,,,28.0,515000.0,2.0,2000.0,0.0,1.0,2.0,2.0,24.0,24.0,4.0,4.0,1.0,1.0,1.0,12.0,2009.0,1.0,3.0,2.0,3.0,2.0,2.0,2.0,2,
121,04350204302,4,35,2,43,2,2,4,3,1.0,2.0,,,,,,,,,,,,,,,,,,,,,,,,,,,2,
122,04360100202,4,36,1,2,2,1,2,1,,,,,20.0,-888.0,3.0,3000.0,30.0,1.0,2.0,2.0,24.0,24.0,4.0,4.0,1.0,1.0,1.0,12.0,2009.0,4.0,8.0,1.0,2.0,1.0,2.0,2.0,2,
123,04360100202,4,36,1,2,2,1,8,1,,,,,-888.0,100000.0,3.0,1213.0,0.0,2.0,,,,24.0,,4.0,,1.0,2.0,,,,2.0,1.0,4.0,2.0,2.0,3.0,2,
124,04360100513,4,36,1,5,13,1,5,1,,,,,-888.0,-888.0,3.0,3500.0,0.0,1.0,2.0,2.0,24.0,24.0,4.0,4.0,1.0,1.0,1.0,9.0,2009.0,3.0,8.0,3.0,4.0,2.0,2.0,4.0,2,
125,04360101005,4,36,1,10,5,1,5,1,,,,,-888.0,-888.0,1.0,1700.0,20.0,1.0,2.0,2.0,24.0,24.0,4.0,4.0,1.0,1.0,1.0,1.0,2009.0,1.0,3.0,7.0,4.0,2.0,2.0,5.0,2,
126,04360101005,4,36,1,10,5,1,10,1,,,,,40.0,-888.0,2.0,6000.0,100.0,2.0,,,,24.0,,4.0,,1.0,2.0,,,,8.0,2.0,4.0,2.0,2.0,2.0,2,
127,04360101402,4,36,1,14,2,1,4,1,,,,,25.0,-888.0,2.0,5000.0,200.0,1.0,2.0,2.0,24.0,24.0,4.0,4.0,1.0,1.0,1.0,12.0,2009.0,2.0,2.0,3.0,4.0,2.0,1.0,3.0,2,
128,04381000108,4,38,10,1,8,1,1,1,,,,,-888.0,-888.0,3.0,400.0,500.0,1.0,2.0,2.0,-888.0,24.0,4.0,4.0,1.0,1.0,1.0,1.0,2009.0,2.0,2.0,3.0,3.0,2.0,2.0,3.0,2,
129,04381001704,4,38,10,17,4,2,4,3,1.0,1.0,,,,,,,,,,,,,,,,,,,,,,,,,,,1,15.0
130,04381100101,4,38,11,1,1,1,1,1,,,,,-888.0,0.0,2.0,2000.0,200.0,1.0,2.0,2.0,24.0,24.0,4.0,4.0,1.0,1.0,1.0,12.0,2009.0,3.0,6.0,3.0,4.0,2.0,2.0,3.0,2,
131,04381100116,4,38,11,1,16,1,11,1,,,,,-888.0,40000.0,3.0,1600.0,0.0,1.0,2.0,2.0,24.0,24.0,4.0,4.0,1.0,1.0,2.0,,,,1.0,3.0,5.0,3.0,2.0,4.0,2,
132,04381100116,4,38,11,1,16,1,111,1,,,,,-888.0,-888.0,1.0,2900.0,0.0,2.0,,,,24.0,,4.0,,1.0,1.0,12.0,2009.0,2.0,3.0,,1.0,1.0,1.0,2.0,2,
133,04381100516,4,38,11,5,16,1,16,1,,,,,20.0,-888.0,3.0,50.0,0.0,2.0,,,,24.0,,4.0,,1.0,1.0,12.0,2008.0,3.0,3.0,2.0,1.0,2.0,2.0,3.0,2,
134,04381100606,4,38,11,6,6,1,6,1,,,,,20.0,40000.0,3.0,2000.0,20.0,2.0,,,,24.0,,4.0,,1.0,1.0,1.0,2009.0,3.0,3.0,2.0,4.0,2.0,2.0,3.0,2,
135,04390300402,4,39,3,4,2,2,1,3,1.0,2.0,,,,,,,,,,,,,,,,,,,,,,,,,,,2,
136,04390300601,4,39,3,6,1,2,1,1,,,,,5.0,1200.0,4.0,86.0,1.0,1.0,2.0,2.0,6.0,12.0,1.0,4.0,2.0,2.0,1.0,3.0,2009.0,60.0,1.0,8.0,2.0,3.0,3.0,4.0,1,10.0
137,04390302201,4,39,3,22,1,2,1,1,,,,,2.0,1500.0,4.0,65.0,0.0,1.0,2.0,2.0,16.0,24.0,1.0,4.0,2.0,1.0,1.0,11.0,2008.0,240.0,1.0,8.0,4.0,2.0,1.0,5.0,1,1.0
138,04391000302,4,39,10,3,2,2,1,3,5.0,2.0,,,,,,,,,,,,,,,,,,,,,,,,,,,1,15.0
139,05400100401,5,40,1,4,1,2,6,1,,,,,7.0,1650.0,4.0,36.0,0.0,1.0,1.0,1.0,9.0,16.0,1.0,4.0,2.0,2.0,1.0,2.0,2009.0,3.0,1.0,2.0,3.0,2.0,2.0,4.0,2,
140,05400101101,5,40,1,11,1,2,8,3,3.0,1.0,,,,,,,,,,,,,,,,,,,,,,,,,,,2,
141,05400101201,5,40,1,12,1,2,7,1,,,,,1.0,1630.0,4.0,68.0,2.0,1.0,1.0,1.0,1.0,15.0,1.0,4.0,2.0,2.0,2.0,,,,1.0,2.0,4.0,3.0,3.0,5.0,1,12.0
142,05400300103,5,40,3,1,3,1,3,1,,,,,4.0,1675.0,1.0,76.0,12.0,1.0,1.0,1.0,10.0,24.0,1.0,3.0,2.0,2.0,1.0,2.0,2009.0,15.0,1.0,2.0,5.0,3.0,3.0,5.0,1,9.0
143,05400301101,5,40,3,11,1,2,1,3,5.0,1.0,,,,,,,,,,,,,,,,,,,,,,,,,,,1,15.0
144,05400401501,5,40,4,15,1,2,2,1,,,,,9.0,500.0,2.0,260.0,50.0,1.0,2.0,2.0,5.0,12.0,0.0,2.0,2.0,2.0,1.0,8.0,2008.0,2.0,3.0,8.0,1.0,1.0,1.0,2.0,1,10.0
145,05410415801,5,41,4,158,1,2,1,1,,,,,2.0,1313.0,3.0,82.0,18.0,1.0,1.0,1.0,6.0,24.0,3.0,4.0,2.0,1.0,1.0,12.0,2008.0,0.0,1.0,3.0,2.0,2.0,2.0,2.0,1,25.0
146,05410603406,5,41,6,34,6,2,4,3,5.0,1.0,,,,,,,,,,,,,,,,,,,,,,,,,,,2,
147,05410700901,5,41,7,9,1,2,2,3,5.0,2.0,,,,,,,,,,,,,,,,,,,,,,,,,,,1,23.0
148,05420299912,5,42,2,999,12,1,5,2,,,4,local EEPCO,13.0,956.0,2.0,145.0,34.0,1.0,1.0,1.0,4.0,7.0,2.0,4.0,2.0,2.0,1.0,8.0,2008.0,280.0,2.0,3.0,5.0,3.0,3.0,5.0,1,23.0
149,06460301303,6,46,3,13,3,2,13,3,1.0,2.0,,,,,,,,,,,,,,,,,,,,,,,,,,,2,
150,06460500108,6,46,5,1,8,1,5,1,,,,,7.0,700.0,2.0,250.0,3.0,1.0,2.0,2.0,6.0,6.0,3.0,3.0,2.0,2.0,1.0,1.0,2009.0,7.0,1.0,,3.0,1.0,1.0,2.0,1,10.0
151,06460701104,6,46,7,11,4,2,12,1,,,,,-888.0,-888.0,4.0,15.0,5.0,1.0,2.0,2.0,-888.0,-888.0,-888.0,-888.0,2.0,2.0,2.0,,,,1.0,2.0,5.0,3.0,2.0,5.0,1,1.0
152,06460701302,6,46,7,13,2,2,11,3,1.0,2.0,,,,,,,,,,,,,,,,,,,,,,,,,,,2,
153,06470300204,6,47,3,2,4,1,2,1,,,,,-888.0,2000.0,1.0,2900.0,40.0,1.0,2.0,2.0,12.0,12.0,2.0,2.0,2.0,2.0,1.0,-888.0,2008.0,3.0,1.0,2.0,1.0,3.0,2.0,2.0,1,15.0
154,06470300314,6,47,3,3,14,1,3,1,,,,,-888.0,2500.0,1.0,3800.0,300.0,1.0,2.0,2.0,8.0,10.0,2.0,2.0,2.0,2.0,1.0,-888.0,-888.0,3.0,2.0,,1.0,2.0,3.0,2.0,1,25.0
155,06470301201,6,47,3,12,1,2,1,3,4.0,2.0,,,,,,,,,,,,,,,,,,,,,,,,,,,1,50.0
156,06470305101,6,47,3,51,1,2,1,3,5.0,1.0,,,,,,,,,,,,,,,,,,,,,,,,,,,1,1.0
157,06480200101,6,48,2,1,1,1,1,1,,,,,7.0,1200.0,4.0,250.0,7.0,1.0,1.0,2.0,8.0,9.0,2.0,2.0,2.0,2.0,1.0,1.0,2008.0,3.0,1.0,2.0,2.0,3.0,3.0,5.0,1,25.0
158,06480201401,6,48,2,14,1,2,1,3,1.0,2.0,,,,,,,,,,,,,,,,,,,,,,,,,,,1,20.0
159,06490800103,6,49,8,1,3,1,4,1,,,,,8.0,4000.0,2.0,200.0,40.0,1.0,2.0,2.0,12.0,15.0,2.0,2.0,2.0,2.0,1.0,-888.0,-888.0,3.0,2.0,1.0,2.0,2.0,2.0,2.0,2,
160,07500600204,7,50,6,2,4,2,2,3,1.0,1.0,,,,,,,,,,,,,,,,,,,,,,,,,,,1,1.0
161,07500601802,7,50,6,18,2,2,1,3,6.0,1.0,,,,,,,,,,,,,,,,,,,,,,,,,,,2,
162,07500901704,7,50,9,17,4,2,3,1,,,,,1.0,-888.0,4.0,5.0,0.0,1.0,2.0,2.0,12.0,16.0,1.0,3.0,2.0,2.0,1.0,4.0,2009.0,0.0,3.0,,2.0,3.0,2.0,5.0,1,10.0
163,07501400105,7,50,14,1,5,1,1,1,,,,,-888.0,-888.0,2.0,1000.0,15.0,2.0,,,,24.0,,4.0,,1.0,1.0,5.0,2009.0,1.0,1.0,3.0,1.0,1.0,1.0,2.0,1,5.0
164,07510100104,7,51,1,1,4,1,1,1,,,,,-888.0,-888.0,2.0,450.0,15.0,2.0,,,,24.0,,4.0,,1.0,1.0,6.0,2009.0,1.0,1.0,3.0,1.0,1.0,1.0,2.0,1,10.0
165,07511000702,7,51,10,7,2,2,4,1,,,,,1.0,-888.0,4.0,120.0,15.0,1.0,2.0,2.0,5.0,12.0,1.0,3.0,2.0,2.0,1.0,12.0,2009.0,8.0,1.0,2.0,1.0,3.0,2.0,5.0,2,
166,07511100128,7,51,11,1,28,1,1,1,,,,,15.0,-888.0,1.0,700.0,70.0,1.0,2.0,2.0,15.0,20.0,1.0,3.0,2.0,2.0,1.0,5.0,2009.0,2.0,1.0,3.0,1.0,1.0,1.0,2.0,1,5.0
167,07511100224,7,51,11,2,24,1,1,1,,,,,-888.0,-888.0,1.0,750.0,50.0,2.0,,,,24.0,,4.0,,1.0,1.0,2.0,2009.0,2.0,1.0,3.0,1.0,1.0,1.0,2.0,1,10.0
168,07520100101,7,52,1,1,1,1,1,1,,,,,25.0,-888.0,2.0,950.0,50.0,1.0,2.0,2.0,12.0,20.0,2.0,4.0,2.0,1.0,1.0,6.0,2009.0,2.0,1.0,3.0,1.0,1.0,1.0,3.0,1,5.0
169,07520301304,7,52,3,13,4,2,18,3,3.0,1.0,,,,,,,,,,,,,,,,,,,,,,,,,,,2,
170,07520500901,7,52,5,9,1,2,17,3,5.0,1.0,,,,,,,,,,,,,,,,,,,,,,,,,,,2,
171,07520701406,7,52,7,14,6,2,19,3,5.0,1.0,,,,,,,,,,,,,,,,,,,,,,,,,,,2,
172,07530300603,7,53,3,6,3,2,1,3,1.0,2.0,,,,,,,,,,,,,,,,,,,,,,,,,,,2,
173,07530302901,7,53,3,29,1,2,2,3,5.0,2.0,,,,,,,,,,,,,,,,,,,,,,,,,,,2,
174,07530400605,7,53,4,6,5,1,1,1,,,,,50.0,2000.0,1.0,400.0,200.0,1.0,2.0,2.0,8.0,18.0,1.0,3.0,2.0,2.0,1.0,2.0,2004.0,3.0,3.0,2.0,3.0,1.0,2.0,2.0,1,20.0
175,07540401003,7,54,4,10,3,2,4,3,5.0,1.0,,,,,,,,,,,,,,,,,,,,,,,,,,,2,
176,07540401303,7,54,4,13,3,2,3,3,5.0,1.0,,,,,,,,,,,,,,,,,,,,,,,,,,,2,
177,07540700103,7,54,7,1,3,1,1,2,,,4,Walme,10.0,-888.0,4.0,20.0,100.0,1.0,1.0,1.0,10.0,10.0,2.0,2.0,2.0,2.0,1.0,5.0,2009.0,4.0,1.0,6.0,1.0,1.0,1.0,2.0,1,5.0
178,07540700202,7,54,7,2,2,1,1,1,,,,,18.0,-888.0,1.0,512.0,512.0,1.0,1.0,1.0,18.0,20.0,2.0,3.0,2.0,2.0,1.0,5.0,2009.0,1.0,2.0,1.0,1.0,1.0,1.0,1.0,1,40.0
179,07540700315,7,54,7,3,15,1,3,1,,,,,26.0,1000.0,1.0,200.0,200.0,2.0,,,,22.0,,3.0,,2.0,1.0,2.0,2008.0,15.0,3.0,2.0,1.0,2.0,2.0,2.0,1,25.0
180,07550200101,7,55,2,1,1,2,16,3,6.0,2.0,,,,,,,,,,,,,,,,,,,,,,,,,,,2,
181,07550200109,7,55,2,1,9,1,1,1,,,,,29.0,15.0,1.0,1500.0,200.0,1.0,2.0,2.0,6.0,12.0,1.0,3.0,2.0,2.0,1.0,2.0,2008.0,3.0,3.0,2.0,2.0,1.0,1.0,2.0,2,
182,07551300102,7,55,13,1,2,1,1,1,,,,,50.0,1300.0,1.0,1000.0,50.0,1.0,2.0,2.0,10.0,18.0,2.0,4.0,2.0,1.0,1.0,2.0,2005.0,30.0,3.0,,1.0,1.0,1.0,2.0,1,0.0
183,07551300206,7,55,13,2,6,1,1,1,,,,,35.0,1500.0,1.0,2500.0,200.0,1.0,2.0,2.0,12.0,18.0,2.0,4.0,2.0,1.0,1.0,2.0,2006.0,60.0,3.0,,1.0,1.0,1.0,2.0,1,60.0
184,07551300314,7,55,13,3,14,1,1,1,,,,,1.0,1000.0,1.0,500.0,30.0,1.0,2.0,2.0,6.0,12.0,2.0,4.0,2.0,2.0,1.0,2.0,2007.0,120.0,3.0,2.0,5.0,2.0,2.0,4.0,2,
185,07560201903,7,56,2,19,3,2,9,1,,,,,1.0,-888.0,3.0,300.0,13.0,1.0,2.0,2.0,8.0,10.0,1.0,2.0,2.0,2.0,1.0,3.0,2009.0,4.0,1.0,3.0,2.0,2.0,2.0,2.0,2,
186,07560202402,7,56,2,24,2,2,8,1,,,,,1.0,50000.0,4.0,250.0,14.0,1.0,2.0,2.0,7.0,10.0,2.0,3.0,2.0,2.0,1.0,4.0,2009.0,2.0,3.0,1.0,3.0,2.0,2.0,3.0,2,
187,07570900601,7,57,9,6,1,2,1,3,1.0,1.0,,,,,,,,,,,,,,,,,,,,,,,,,,,1,10.0
188,07570901802,7,57,9,18,2,2,1,3,1.0,2.0,,,,,,,,,,,,,,,,,,,,,,,,,,,1,20.0
189,07580600101,7,58,6,1,1,2,12,3,5.0,1.0,,,,,,,,,,,,,,,,,,,,,,,,,,,2,
190,07580601309,7,58,6,13,9,2,13,1,,,,,10.0,-888.0,4.0,110.0,5.0,1.0,2.0,2.0,20.0,20.0,2.0,2.0,2.0,2.0,1.0,1.0,2009.0,1.0,2.0,,2.0,2.0,2.0,2.0,2,
191,07590401603,7,59,4,16,3,2,1,3,6.0,2.0,,,,,,,,,,,,,,,,,,,,,,,,,,,1,10.0
192,07590800501,7,59,8,5,1,2,1,3,1.0,2.0,,,,,,,,,,,,,,,,,,,,,,,,,,,2,
193,07610101505,7,61,1,15,5,2,11,1,,,,,12.0,-888.0,4.0,164.0,9.0,1.0,2.0,2.0,9.0,10.0,2.0,3.0,2.0,2.0,1.0,-888.0,-888.0,2.0,2.0,3.0,3.0,2.0,1.0,2.0,2,
194,07610101604,7,61,1,16,4,2,10,3,5.0,2.0,,,,,,,,,,,,,,,,,,,,,,,,,,,2,
195,07630101203,7,63,1,12,3,2,14,3,5.0,1.0,,,,,,,,,,,,,,,,,,,,,,,,,,,2,
196,07630102501,7,63,1,25,1,2,15,3,5.0,1.0,,,,,,,,,,,,,,,,,,,,,,,,,,,2,
197,07640101801,7,64,1,18,1,2,22,1,,,,,1.0,-888.0,2.0,325.0,0.0,1.0,2.0,2.0,2.0,7.0,1.0,2.0,2.0,2.0,1.0,2.0,2009.0,3.0,8.0,,2.0,3.0,1.0,4.0,2,
198,07640300502,7,64,3,5,2,2,23,3,6.0,1.0,,,,,,,,,,,,,,,,,,,,,,,,,,,2,
199,07650101206,7,65,1,12,6,2,21,3,1.0,1.0,,,,,,,,,,,,,,,,,,,,,,,,,,,2,
200,07650105703,7,65,1,57,3,2,20,3,1.0,1.0,,,,,,,,,,,,,,,,,,,,,,,,,,,2,
201,07661900106,7,66,19,1,6,1,1,1,,,,,10.0,1400.0,1.0,400.0,10.0,1.0,2.0,2.0,4.0,20.0,2.0,4.0,2.0,1.0,1.0,3.0,1986.0,60.0,2.0,5.0,1.0,1.0,1.0,1.0,1,20.0
202,07661900421,7,66,19,4,21,1,1,1,,,,,20.0,1300.0,1.0,10000.0,150.0,1.0,2.0,2.0,18.0,20.0,2.0,3.0,2.0,2.0,1.0,3.0,2008.0,3.0,3.0,5.0,1.0,1.0,1.0,2.0,2,
203,12670500701,12,67,5,7,1,2,1,1,,,,,2.0,1500.0,4.0,150.0,25.0,1.0,2.0,2.0,6.0,12.0,0.0,2.0,2.0,2.0,1.0,3.0,2009.0,5.0,8.0,7.0,5.0,2.0,3.0,5.0,1,50.0
204,12690101901,12,69,1,19,1,2,1,1,,,,,2.0,1350.0,4.0,20.0,4.0,1.0,2.0,2.0,,,,,2.0,2.0,2.0,,,,8.0,,5.0,3.0,3.0,5.0,1,90.0
205,13700100901,13,70,1,9,1,1,2,1,,,,,-888.0,1000.0,2.0,80.0,0.0,1.0,2.0,2.0,10.0,20.0,2.0,4.0,2.0,1.0,1.0,6.0,2008.0,5.0,2.0,1.0,3.0,2.0,2.0,4.0,2,
206,13700101407,13,70,1,14,7,1,9,1,,,,,50.0,4000.0,1.0,2800.0,20.0,1.0,2.0,2.0,21.0,23.0,2.0,4.0,2.0,1.0,2.0,,,,1.0,2.0,2.0,1.0,1.0,2.0,1,3.0
207,13700101901,13,70,1,19,1,1,4,1,,,,,50.0,3000.0,1.0,1000.0,1.0,2.0,,,,12.0,,2.0,,2.0,1.0,6.0,2009.0,2.0,2.0,1.0,1.0,1.0,1.0,4.0,2,
208,14720100113,14,72,1,1,13,1,2,1,,,,,35.0,1435.0,1.0,250.0,4.0,1.0,1.0,1.0,13.0,24.0,2.0,3.0,2.0,2.0,2.0,,,,3.0,1.0,3.0,1.0,1.0,2.0,2,
209,14720100211,14,72,1,2,11,1,4,1,,,,,-888.0,328.0,1.0,172.0,4.0,1.0,1.0,1.0,11.0,23.0,1.0,4.0,2.0,1.0,2.0,,,,2.0,1.0,1.0,2.0,2.0,2.0,2,
210,14720100326,14,72,1,3,26,1,3,1,,,,,28.0,1790.0,1.0,210.0,5.0,1.0,1.0,1.0,20.0,23.0,1.0,3.0,2.0,2.0,1.0,2.0,2008.0,1.0,2.0,3.0,1.0,1.0,1.0,2.0,2,
211,14720100702,14,72,1,7,2,1,1,1,,,,,4.0,1643.0,3.0,321.0,11.0,1.0,1.0,1.0,11.0,24.0,1.0,3.0,2.0,2.0,1.0,9.0,2008.0,2.0,1.0,2.0,1.0,1.0,1.0,2.0,2,
212,14750400317,14,75,4,3,17,1,4,1,,,,,50.0,27.0,2.0,,202.0,1.0,1.0,1.0,20.0,22.0,-888.0,-888.0,1.0,1.0,2.0,,,,7.0,1.0,3.0,2.0,2.0,2.0,1,1.0
213,14750400612,14,75,4,6,12,1,5,1,,,,,50.0,-888.0,1.0,250.0,56.0,2.0,,,,,,4.0,,1.0,1.0,1.0,,0.0,1.0,,1.0,1.0,1.0,2.0,2,
214,14750401001,14,75,4,10,1,1,7,1,,,,,50.0,1000.0,2.0,79.0,5.0,1.0,2.0,2.0,,20.0,3.0,4.0,2.0,1.0,2.0,,,,3.0,,3.0,2.0,2.0,2.0,2,
215,14760500507,14,76,5,5,7,1,9,1,,,,,-888.0,1300.0,1.0,160.0,60.0,1.0,2.0,2.0,20.0,23.0,3.0,4.0,2.0,1.0,2.0,,,,3.0,2.0,2.0,2.0,1.0,2.0,1,2.0
216,14760500517,14,76,5,5,17,1,8,1,,,,,-888.0,1300.0,1.0,158.0,6.0,1.0,2.0,2.0,20.0,23.0,3.0,4.0,2.0,1.0,2.0,,,,3.0,2.0,2.0,2.0,1.0,2.0,2,
217,14760500527,14,76,5,5,27,1,7,1,,,,,-888.0,1400.0,1.0,191.0,29.0,1.0,2.0,2.0,20.0,23.0,3.0,4.0,2.0,1.0,2.0,,,,3.0,2.0,2.0,2.0,1.0,2.0,1,2.0
218,14760500532,14,76,5,5,32,1,10,1,,,,,-888.0,1200.0,1.0,194.0,17.0,1.0,2.0,2.0,20.0,23.0,3.0,4.0,2.0,1.0,2.0,,,,3.0,2.0,2.0,2.0,1.0,2.0,2,
219,14760500802,14,76,5,8,2,1,11,1,,,,,-888.0,1200.0,1.0,108.0,30.0,1.0,2.0,2.0,19.0,22.0,2.0,3.0,2.0,2.0,2.0,,,,3.0,2.0,2.0,2.0,1.0,2.0,2,
220,14760500811,14,76,5,8,11,1,12,1,,,,,-888.0,1200.0,1.0,108.0,30.0,1.0,2.0,2.0,19.0,22.0,2.0,3.0,2.0,2.0,2.0,,,,3.0,2.0,1.0,2.0,1.0,2.0,2,
221,15710100415,15,71,1,4,15,1,9,1,,,,,26.0,1000.0,2.0,4000.0,500.0,2.0,,,,23.0,,3.0,,2.0,1.0,4.0,2009.0,2.0,2.0,1.0,2.0,1.0,2.0,3.0,1,1.0
222,15710100605,15,71,1,6,5,1,10,1,,,,,50.0,1000.0,1.0,5900.0,50.0,2.0,,,,1.0,,3.0,,2.0,2.0,,,,2.0,3.0,1.0,1.0,2.0,2.0,2,
223,15710100810,15,71,1,8,10,1,11,1,,,,,60.0,800.0,1.0,5000.0,10.0,2.0,,,,23.0,,4.0,,1.0,2.0,,,,8.0,1.0,1.0,1.0,2.0,2.0,2,
224,15710101201,15,71,1,12,1,2,3,3,5.0,1.0,,,,,,,,,,,,,,,,,,,,,,,,,,,1,90.0
