,CommunityID,HI_1,HI_2,HI_3,HI_4,HI_5,HI_6,a8,F2,F3
0,01010200116,1,1,2,1,16,1,1,1,2
1,01010200116,1,1,2,1,16,1,1,2,2
2,01010200116,1,1,2,1,16,1,1,3,2
3,01010200116,1,1,2,1,16,1,1,4,2
4,01010200116,1,1,2,1,16,1,1,5,2
5,01010200116,1,1,2,1,16,1,1,6,2
6,01010200116,1,1,2,1,16,1,1,7,2
7,01010200116,1,1,2,1,16,1,1,8,2
8,01010200116,1,1,2,1,16,1,1,9,2
9,01010301101,1,1,3,11,1,2,1,1,2
10,01010301101,1,1,3,11,1,2,1,2,2
11,01010301101,1,1,3,11,1,2,1,3,2
12,01010301101,1,1,3,11,1,2,1,4,2
13,01010301101,1,1,3,11,1,2,1,5,2
14,01010301101,1,1,3,11,1,2,1,6,2
15,01010301101,1,1,3,11,1,2,1,7,2
16,01010301101,1,1,3,11,1,2,1,8,2
17,01010301101,1,1,3,11,1,2,1,9,2
18,01010400404,1,1,4,4,4,2,1,1,2
19,01010400404,1,1,4,4,4,2,1,2,2
20,01010400404,1,1,4,4,4,2,1,3,2
21,01010400404,1,1,4,4,4,2,1,4,2
22,01010400404,1,1,4,4,4,2,1,5,2
23,01010400404,1,1,4,4,4,2,1,6,2
24,01010400404,1,1,4,4,4,2,1,7,2
25,01010400404,1,1,4,4,4,2,1,8,2
26,01010400404,1,1,4,4,4,2,1,9,2
27,01010400804,1,1,4,8,4,2,1,1,2
28,01010400804,1,1,4,8,4,2,1,2,2
29,01010400804,1,1,4,8,4,2,1,3,2
30,01010400804,1,1,4,8,4,2,1,4,2
31,01010400804,1,1,4,8,4,2,1,5,2
32,01010400804,1,1,4,8,4,2,1,6,2
33,01010400804,1,1,4,8,4,2,1,7,2
34,01010400804,1,1,4,8,4,2,1,8,2
35,01010400804,1,1,4,8,4,2,1,9,2
36,01020600113,1,2,6,1,13,1,1,1,2
37,01020600113,1,2,6,1,13,1,1,2,2
38,01020600113,1,2,6,1,13,1,1,3,2
39,01020600113,1,2,6,1,13,1,1,4,2
40,01020600113,1,2,6,1,13,1,1,5,2
41,01020600113,1,2,6,1,13,1,1,6,2
42,01020600113,1,2,6,1,13,1,1,7,2
43,01020600113,1,2,6,1,13,1,1,8,2
44,01020600113,1,2,6,1,13,1,1,9,2
45,01020801604,1,2,8,16,4,2,12,1,2
46,01020801604,1,2,8,16,4,2,12,2,2
47,01020801604,1,2,8,16,4,2,12,3,2
48,01020801604,1,2,8,16,4,2,12,4,2
49,01020801604,1,2,8,16,4,2,12,5,2
50,01020801604,1,2,8,16,4,2,12,6,2
51,01020801604,1,2,8,16,4,2,12,7,2
52,01020801604,1,2,8,16,4,2,12,8,2
53,01020801604,1,2,8,16,4,2,12,9,2
54,01020901705,1,2,9,17,5,2,11,1,1
55,01020901705,1,2,9,17,5,2,11,2,2
56,01020901705,1,2,9,17,5,2,11,3,2
57,01020901705,1,2,9,17,5,2,11,4,2
58,01020901705,1,2,9,17,5,2,11,5,2
59,01020901705,1,2,9,17,5,2,11,6,2
60,01020901705,1,2,9,17,5,2,11,7,2
61,01020901705,1,2,9,17,5,2,11,8,2
62,01020901705,1,2,9,17,5,2,11,9,2
63,01021200418,1,2,12,4,18,1,1,1,2
64,01021200418,1,2,12,4,18,1,1,2,2
65,01021200418,1,2,12,4,18,1,1,3,2
66,01021200418,1,2,12,4,18,1,1,4,2
67,01021200418,1,2,12,4,18,1,1,5,2
68,01021200418,1,2,12,4,18,1,1,6,2
69,01021200418,1,2,12,4,18,1,1,7,2
70,01021200418,1,2,12,4,18,1,1,8,2
71,01021200418,1,2,12,4,18,1,1,9,2
72,01030300103,1,3,3,1,3,1,1,1,2
73,01030300103,1,3,3,1,3,1,1,2,2
74,01030300103,1,3,3,1,3,1,1,3,2
75,01030300103,1,3,3,1,3,1,1,4,2
76,01030300103,1,3,3,1,3,1,1,5,2
77,01030300103,1,3,3,1,3,1,1,6,2
78,01030300103,1,3,3,1,3,1,1,7,2
79,01030300103,1,3,3,1,3,1,1,8,2
80,01030300103,1,3,3,1,3,1,1,9,2
81,01030600403,1,3,6,4,3,2,10,1,1
82,01030600403,1,3,6,4,3,2,10,2,2
83,01030600403,1,3,6,4,3,2,10,3,2
84,01030600403,1,3,6,4,3,2,10,4,2
85,01030600403,1,3,6,4,3,2,10,5,2
86,01030600403,1,3,6,4,3,2,10,6,2
87,01030600403,1,3,6,4,3,2,10,7,2
88,01030600403,1,3,6,4,3,2,10,8,1
89,01030600403,1,3,6,4,3,2,10,9,2
90,01030800402,1,3,8,4,2,1,1,1,2
91,01030800402,1,3,8,4,2,1,1,2,2
92,01030800402,1,3,8,4,2,1,1,3,2
93,01030800402,1,3,8,4,2,1,1,4,2
94,01030800402,1,3,8,4,2,1,1,5,2
95,01030800402,1,3,8,4,2,1,1,6,2
96,01030800402,1,3,8,4,2,1,1,7,2
97,01030800402,1,3,8,4,2,1,1,8,2
98,01030800402,1,3,8,4,2,1,1,9,2
99,01041100201,1,4,11,2,1,1,1,1,1
100,01041100201,1,4,11,2,1,1,1,2,2
101,01041100201,1,4,11,2,1,1,1,3,2
102,01041100201,1,4,11,2,1,1,1,4,2
103,01041100201,1,4,11,2,1,1,1,5,2
104,01041100201,1,4,11,2,1,1,1,6,2
105,01041100201,1,4,11,2,1,1,1,7,2
106,01041100201,1,4,11,2,1,1,1,8,2
107,01041100201,1,4,11,2,1,1,1,9,2
108,01050100110,1,5,1,1,10,1,1,1,2
109,01050100110,1,5,1,1,10,1,1,2,2
110,01050100110,1,5,1,1,10,1,1,3,2
111,01050100110,1,5,1,1,10,1,1,4,2
112,01050100110,1,5,1,1,10,1,1,5,2
113,01050100110,1,5,1,1,10,1,1,6,2
114,01050100110,1,5,1,1,10,1,1,7,2
115,01050100110,1,5,1,1,10,1,1,8,2
116,01050100110,1,5,1,1,10,1,1,9,2
117,01050101108,1,5,1,11,8,2,1,1,2
118,01050101108,1,5,1,11,8,2,1,2,2
119,01050101108,1,5,1,11,8,2,1,3,2
120,01050101108,1,5,1,11,8,2,1,4,2
121,01050101108,1,5,1,11,8,2,1,5,2
122,01050101108,1,5,1,11,8,2,1,6,2
123,01050101108,1,5,1,11,8,2,1,7,2
124,01050101108,1,5,1,11,8,2,1,8,2
125,01050101108,1,5,1,11,8,2,1,9,2
126,01060100317,1,6,1,3,17,1,1,1,2
127,01060100317,1,6,1,3,17,1,1,2,2
128,01060100317,1,6,1,3,17,1,1,3,2
129,01060100317,1,6,1,3,17,1,1,4,2
130,01060100317,1,6,1,3,17,1,1,5,2
131,01060100317,1,6,1,3,17,1,1,6,2
132,01060100317,1,6,1,3,17,1,1,7,2
133,01060100317,1,6,1,3,17,1,1,8,2
134,01060100317,1,6,1,3,17,1,1,9,2
135,02070101804,2,7,1,18,4,2,1,1,1
136,02070101804,2,7,1,18,4,2,1,2,2
137,02070101804,2,7,1,18,4,2,1,3,2
138,02070101804,2,7,1,18,4,2,1,4,2
139,02070101804,2,7,1,18,4,2,1,5,1
140,02070101804,2,7,1,18,4,2,1,6,2
141,02070101804,2,7,1,18,4,2,1,7,2
142,02070101804,2,7,1,18,4,2,1,8,2
143,02070101804,2,7,1,18,4,2,1,9,2
144,02070101901,2,7,1,19,1,2,2,1,1
145,02070101901,2,7,1,19,1,2,2,2,1
146,02070101901,2,7,1,19,1,2,2,3,2
147,02070101901,2,7,1,19,1,2,2,4,1
148,02070101901,2,7,1,19,1,2,2,5,1
149,02070101901,2,7,1,19,1,2,2,6,2
150,02070101901,2,7,1,19,1,2,2,7,1
151,02070101901,2,7,1,19,1,2,2,8,1
152,02070101901,2,7,1,19,1,2,2,9,2
153,02070200101,2,7,2,1,1,1,1,1,1
154,02070200101,2,7,2,1,1,1,1,2,2
155,02070200101,2,7,2,1,1,1,1,3,2
156,02070200101,2,7,2,1,1,1,1,4,2
157,02070200101,2,7,2,1,1,1,1,5,2
158,02070200101,2,7,2,1,1,1,1,6,2
159,02070200101,2,7,2,1,1,1,1,7,2
160,02070200101,2,7,2,1,1,1,1,8,2
161,02070200101,2,7,2,1,1,1,1,9,2
162,02070300104,2,7,3,1,4,1,1,1,2
163,02070300104,2,7,3,1,4,1,1,2,2
164,02070300104,2,7,3,1,4,1,1,3,2
165,02070300104,2,7,3,1,4,1,1,4,2
166,02070300104,2,7,3,1,4,1,1,5,2
167,02070300104,2,7,3,1,4,1,1,6,2
168,02070300104,2,7,3,1,4,1,1,7,2
169,02070300104,2,7,3,1,4,1,1,8,2
170,02070300104,2,7,3,1,4,1,1,9,2
171,02070501103,2,7,5,11,3,2,3,1,1
172,02070501103,2,7,5,11,3,2,3,2,2
173,02070501103,2,7,5,11,3,2,3,3,2
174,02070501103,2,7,5,11,3,2,3,4,2
175,02070501103,2,7,5,11,3,2,3,5,1
176,02070501103,2,7,5,11,3,2,3,6,1
177,02070501103,2,7,5,11,3,2,3,7,1
178,02070501103,2,7,5,11,3,2,3,8,1
179,02070501103,2,7,5,11,3,2,3,9,2
180,02070501302,2,7,5,13,2,2,4,1,1
181,02070501302,2,7,5,13,2,2,4,2,2
182,02070501302,2,7,5,13,2,2,4,3,2
183,02070501302,2,7,5,13,2,2,4,4,2
184,02070501302,2,7,5,13,2,2,4,5,1
185,02070501302,2,7,5,13,2,2,4,6,1
186,02070501302,2,7,5,13,2,2,4,7,1
187,02070501302,2,7,5,13,2,2,4,8,1
188,02070501302,2,7,5,13,2,2,4,9,2
189,02080300102,2,8,3,1,2,2,9,1,1
190,02080300102,2,8,3,1,2,2,9,2,1
191,02080300102,2,8,3,1,2,2,9,3,2
192,02080300102,2,8,3,1,2,2,9,4,1
193,02080300102,2,8,3,1,2,2,9,5,1
194,02080300102,2,8,3,1,2,2,9,6,2
195,02080300102,2,8,3,1,2,2,9,7,1
196,02080300102,2,8,3,1,2,2,9,8,1
197,02080300102,2,8,3,1,2,2,9,9,2
198,02080300404,2,8,3,4,4,2,8,1,1
199,02080300404,2,8,3,4,4,2,8,2,2
200,02080300404,2,8,3,4,4,2,8,3,2
201,02080300404,2,8,3,4,4,2,8,4,1
202,02080300404,2,8,3,4,4,2,8,5,1
203,02080300404,2,8,3,4,4,2,8,6,1
204,02080300404,2,8,3,4,4,2,8,7,1
205,02080300404,2,8,3,4,4,2,8,8,1
206,02080300404,2,8,3,4,4,2,8,9,2
207,02090100104,2,9,1,1,4,1,1,1,1
208,02090100104,2,9,1,1,4,1,1,2,2
209,02090100104,2,9,1,1,4,1,1,3,2
210,02090100104,2,9,1,1,4,1,1,4,2
211,02090100104,2,9,1,1,4,1,1,5,2
212,02090100104,2,9,1,1,4,1,1,6,2
213,02090100104,2,9,1,1,4,1,1,7,2
214,02090100104,2,9,1,1,4,1,1,8,2
215,02090100104,2,9,1,1,4,1,1,9,2
216,02090200123,2,9,2,1,23,1,1,1,2
217,02090200123,2,9,2,1,23,1,1,2,2
218,02090200123,2,9,2,1,23,1,1,3,2
219,02090200123,2,9,2,1,23,1,1,4,2
220,02090200123,2,9,2,1,23,1,1,5,2
221,02090200123,2,9,2,1,23,1,1,6,2
222,02090200123,2,9,2,1,23,1,1,7,2
223,02090200123,2,9,2,1,23,1,1,8,2
224,02090200123,2,9,2,1,23,1,1,9,2
225,02100100401,2,10,1,4,1,2,6,1,1
226,02100100401,2,10,1,4,1,2,6,2,2
227,02100100401,2,10,1,4,1,2,6,3,2
228,02100100401,2,10,1,4,1,2,6,4,1
229,02100100401,2,10,1,4,1,2,6,5,1
230,02100100401,2,10,1,4,1,2,6,6,2
231,02100100401,2,10,1,4,1,2,6,7,1
232,02100100401,2,10,1,4,1,2,6,8,1
233,02100100401,2,10,1,4,1,2,6,9,2
234,02100100501,2,10,1,5,1,2,7,1,1
235,02100100501,2,10,1,5,1,2,7,2,1
236,02100100501,2,10,1,5,1,2,7,3,2
237,02100100501,2,10,1,5,1,2,7,4,2
238,02100100501,2,10,1,5,1,2,7,5,2
239,02100100501,2,10,1,5,1,2,7,6,2
240,02100100501,2,10,1,5,1,2,7,7,2
241,02100100501,2,10,1,5,1,2,7,8,2
242,02100100501,2,10,1,5,1,2,7,9,2
243,02100200904,2,10,2,9,4,2,5,1,1
244,02100200904,2,10,2,9,4,2,5,2,1
245,02100200904,2,10,2,9,4,2,5,3,1
246,02100200904,2,10,2,9,4,2,5,4,1
247,02100200904,2,10,2,9,4,2,5,5,1
248,02100200904,2,10,2,9,4,2,5,6,1
249,02100200904,2,10,2,9,4,2,5,7,1
250,02100200904,2,10,2,9,4,2,5,8,1
251,02100200904,2,10,2,9,4,2,5,9,2
252,03110300605,3,11,3,6,5,2,15,1,2
253,03110300605,3,11,3,6,5,2,15,2,2
254,03110300605,3,11,3,6,5,2,15,3,2
255,03110300605,3,11,3,6,5,2,15,4,2
256,03110300605,3,11,3,6,5,2,15,5,2
257,03110300605,3,11,3,6,5,2,15,6,2
258,03110300605,3,11,3,6,5,2,15,7,2
259,03110300605,3,11,3,6,5,2,15,8,2
260,03110300605,3,11,3,6,5,2,15,9,2
261,03110301501,3,11,3,15,1,2,14,1,2
262,03110301501,3,11,3,15,1,2,14,2,2
263,03110301501,3,11,3,15,1,2,14,3,2
264,03110301501,3,11,3,15,1,2,14,4,2
265,03110301501,3,11,3,15,1,2,14,5,2
266,03110301501,3,11,3,15,1,2,14,6,2
267,03110301501,3,11,3,15,1,2,14,7,1
268,03110301501,3,11,3,15,1,2,14,8,1
269,03110301501,3,11,3,15,1,2,14,9,2
270,03110800110,3,11,8,1,10,1,6,1,2
271,03110800110,3,11,8,1,10,1,6,2,2
272,03110800110,3,11,8,1,10,1,6,3,2
273,03110800110,3,11,8,1,10,1,6,4,2
274,03110800110,3,11,8,1,10,1,6,5,2
275,03110800110,3,11,8,1,10,1,6,6,2
276,03110800110,3,11,8,1,10,1,6,7,2
277,03110800110,3,11,8,1,10,1,6,8,2
278,03110800110,3,11,8,1,10,1,6,9,2
279,03110800701,3,11,8,7,1,2,16,1,2
280,03110800701,3,11,8,7,1,2,16,2,2
281,03110800701,3,11,8,7,1,2,16,3,2
282,03110800701,3,11,8,7,1,2,16,4,2
283,03110800701,3,11,8,7,1,2,16,5,2
284,03110800701,3,11,8,7,1,2,16,6,2
285,03110800701,3,11,8,7,1,2,16,7,2
286,03110800701,3,11,8,7,1,2,16,8,2
287,03110800701,3,11,8,7,1,2,16,9,2
288,03111700101,3,11,17,1,1,1,1,1,1
289,03111700101,3,11,17,1,1,1,1,2,2
290,03111700101,3,11,17,1,1,1,1,3,2
291,03111700101,3,11,17,1,1,1,1,4,1
292,03111700101,3,11,17,1,1,1,1,5,2
293,03111700101,3,11,17,1,1,1,1,6,2
294,03111700101,3,11,17,1,1,1,1,7,2
295,03111700101,3,11,17,1,1,1,1,8,2
296,03111700101,3,11,17,1,1,1,1,9,2
297,03111800604,3,11,18,6,4,1,1,1,2
298,03111800604,3,11,18,6,4,1,1,2,2
299,03111800604,3,11,18,6,4,1,1,3,2
300,03111800604,3,11,18,6,4,1,1,4,2
301,03111800604,3,11,18,6,4,1,1,5,2
302,03111800604,3,11,18,6,4,1,1,6,2
303,03111800604,3,11,18,6,4,1,1,7,2
304,03111800604,3,11,18,6,4,1,1,8,2
305,03111800604,3,11,18,6,4,1,1,9,2
306,03111802013,3,11,18,20,13,1,1,1,2
307,03111802013,3,11,18,20,13,1,1,2,2
308,03111802013,3,11,18,20,13,1,1,3,2
309,03111802013,3,11,18,20,13,1,1,4,2
310,03111802013,3,11,18,20,13,1,1,5,2
311,03111802013,3,11,18,20,13,1,1,6,2
312,03111802013,3,11,18,20,13,1,1,7,2
313,03111802013,3,11,18,20,13,1,1,8,2
314,03111802013,3,11,18,20,13,1,1,9,2
315,03111802013,3,11,18,20,13,1,5,1,2
316,03111802013,3,11,18,20,13,1,5,2,2
317,03111802013,3,11,18,20,13,1,5,3,2
318,03111802013,3,11,18,20,13,1,5,4,2
319,03111802013,3,11,18,20,13,1,5,5,2
320,03111802013,3,11,18,20,13,1,5,6,2
321,03111802013,3,11,18,20,13,1,5,7,2
322,03111802013,3,11,18,20,13,1,5,8,2
323,03111802013,3,11,18,20,13,1,5,9,2
324,03112101007,3,11,21,10,7,2,17,1,2
325,03112101007,3,11,21,10,7,2,17,2,2
326,03112101007,3,11,21,10,7,2,17,3,2
327,03112101007,3,11,21,10,7,2,17,4,2
328,03112101007,3,11,21,10,7,2,17,5,2
329,03112101007,3,11,21,10,7,2,17,6,2
330,03112101007,3,11,21,10,7,2,17,7,2
331,03112101007,3,11,21,10,7,2,17,8,2
332,03112101007,3,11,21,10,7,2,17,9,2
333,03120102608,3,12,1,26,8,2,18,1,2
334,03120102608,3,12,1,26,8,2,18,2,2
335,03120102608,3,12,1,26,8,2,18,3,2
336,03120102608,3,12,1,26,8,2,18,4,2
337,03120102608,3,12,1,26,8,2,18,5,2
338,03120102608,3,12,1,26,8,2,18,6,2
339,03120102608,3,12,1,26,8,2,18,7,1
340,03120102608,3,12,1,26,8,2,18,8,1
341,03120102608,3,12,1,26,8,2,18,9,2
342,03120200303,3,12,2,3,3,1,1,1,2
343,03120200303,3,12,2,3,3,1,1,2,2
344,03120200303,3,12,2,3,3,1,1,3,2
345,03120200303,3,12,2,3,3,1,1,4,2
346,03120200303,3,12,2,3,3,1,1,5,2
347,03120200303,3,12,2,3,3,1,1,6,2
348,03120200303,3,12,2,3,3,1,1,7,2
349,03120200303,3,12,2,3,3,1,1,8,2
350,03120200303,3,12,2,3,3,1,1,9,2
351,03120300709,3,12,3,7,9,2,19,1,2
352,03120300709,3,12,3,7,9,2,19,2,2
353,03120300709,3,12,3,7,9,2,19,3,2
354,03120300709,3,12,3,7,9,2,19,4,1
355,03120300709,3,12,3,7,9,2,19,5,1
356,03120300709,3,12,3,7,9,2,19,6,2
357,03120300709,3,12,3,7,9,2,19,7,1
358,03120300709,3,12,3,7,9,2,19,8,1
359,03120300709,3,12,3,7,9,2,19,9,2
360,03120302401,3,12,3,24,1,2,20,1,2
361,03120302401,3,12,3,24,1,2,20,2,2
362,03120302401,3,12,3,24,1,2,20,3,2
363,03120302401,3,12,3,24,1,2,20,4,2
364,03120302401,3,12,3,24,1,2,20,5,2
365,03120302401,3,12,3,24,1,2,20,6,2
366,03120302401,3,12,3,24,1,2,20,7,1
367,03120302401,3,12,3,24,1,2,20,8,2
368,03120302401,3,12,3,24,1,2,20,9,2
369,03121000302,3,12,10,3,2,1,1,1,2
370,03121000302,3,12,10,3,2,1,1,2,2
371,03121000302,3,12,10,3,2,1,1,3,2
372,03121000302,3,12,10,3,2,1,1,4,2
373,03121000302,3,12,10,3,2,1,1,5,2
374,03121000302,3,12,10,3,2,1,1,6,2
375,03121000302,3,12,10,3,2,1,1,7,2
376,03121000302,3,12,10,3,2,1,1,8,2
377,03121000302,3,12,10,3,2,1,1,9,2
378,03121000302,3,12,10,3,2,1,2,1,2
379,03121000302,3,12,10,3,2,1,2,2,2
380,03121000302,3,12,10,3,2,1,2,3,2
381,03121000302,3,12,10,3,2,1,2,4,2
382,03121000302,3,12,10,3,2,1,2,5,2
383,03121000302,3,12,10,3,2,1,2,6,2
384,03121000302,3,12,10,3,2,1,2,7,2
385,03121000302,3,12,10,3,2,1,2,8,2
386,03121000302,3,12,10,3,2,1,2,9,2
387,03130200801,3,13,2,8,1,2,15,1,1
388,03130200801,3,13,2,8,1,2,15,2,2
389,03130200801,3,13,2,8,1,2,15,3,2
390,03130200801,3,13,2,8,1,2,15,4,2
391,03130200801,3,13,2,8,1,2,15,5,2
392,03130200801,3,13,2,8,1,2,15,6,2
393,03130200801,3,13,2,8,1,2,15,7,1
394,03130200801,3,13,2,8,1,2,15,8,2
395,03130200801,3,13,2,8,1,2,15,9,2
396,03130202504,3,13,2,25,4,2,16,1,1
397,03130202504,3,13,2,25,4,2,16,2,1
398,03130202504,3,13,2,25,4,2,16,3,1
399,03130202504,3,13,2,25,4,2,16,4,2
400,03130202504,3,13,2,25,4,2,16,5,2
401,03130202504,3,13,2,25,4,2,16,6,2
402,03130202504,3,13,2,25,4,2,16,7,1
403,03130202504,3,13,2,25,4,2,16,8,1
404,03130202504,3,13,2,25,4,2,16,9,2
405,03130401201,3,13,4,12,1,2,17,1,1
406,03130401201,3,13,4,12,1,2,17,2,2
407,03130401201,3,13,4,12,1,2,17,3,2
408,03130401201,3,13,4,12,1,2,17,4,2
409,03130401201,3,13,4,12,1,2,17,5,1
410,03130401201,3,13,4,12,1,2,17,6,2
411,03130401201,3,13,4,12,1,2,17,7,1
412,03130401201,3,13,4,12,1,2,17,8,1
413,03130401201,3,13,4,12,1,2,17,9,2
414,03130803001,3,13,8,30,1,2,20,1,2
415,03130803001,3,13,8,30,1,2,20,2,1
416,03130803001,3,13,8,30,1,2,20,3,2
417,03130803001,3,13,8,30,1,2,20,4,2
418,03130803001,3,13,8,30,1,2,20,5,2
419,03130803001,3,13,8,30,1,2,20,6,2
420,03130803001,3,13,8,30,1,2,20,7,2
421,03130803001,3,13,8,30,1,2,20,8,1
422,03130803001,3,13,8,30,1,2,20,9,2
423,03131000101,3,13,10,1,1,1,1,1,1
424,03131000101,3,13,10,1,1,1,1,2,2
425,03131000101,3,13,10,1,1,1,1,3,2
426,03131000101,3,13,10,1,1,1,1,4,1
427,03131000101,3,13,10,1,1,1,1,5,1
428,03131000101,3,13,10,1,1,1,1,6,2
429,03131000101,3,13,10,1,1,1,1,7,2
430,03131000101,3,13,10,1,1,1,1,8,2
431,03131000101,3,13,10,1,1,1,1,9,2
432,03140400104,3,14,4,1,4,1,1,1,1
433,03140400104,3,14,4,1,4,1,1,2,2
434,03140400104,3,14,4,1,4,1,1,3,2
435,03140400104,3,14,4,1,4,1,1,4,2
436,03140400104,3,14,4,1,4,1,1,5,2
437,03140400104,3,14,4,1,4,1,1,6,2
438,03140400104,3,14,4,1,4,1,1,7,1
439,03140400104,3,14,4,1,4,1,1,8,2
440,03140400104,3,14,4,1,4,1,1,9,2
441,03140901602,3,14,9,16,2,2,21,1,2
442,03140901602,3,14,9,16,2,2,21,2,2
443,03140901602,3,14,9,16,2,2,21,3,2
444,03140901602,3,14,9,16,2,2,21,4,2
445,03140901602,3,14,9,16,2,2,21,5,2
446,03140901602,3,14,9,16,2,2,21,6,2
447,03140901602,3,14,9,16,2,2,21,7,2
448,03140901602,3,14,9,16,2,2,21,8,1
449,03140901602,3,14,9,16,2,2,21,9,2
450,03141000205,3,14,10,2,5,2,18,1,1
451,03141000205,3,14,10,2,5,2,18,2,2
452,03141000205,3,14,10,2,5,2,18,3,2
453,03141000205,3,14,10,2,5,2,18,4,2
454,03141000205,3,14,10,2,5,2,18,5,2
455,03141000205,3,14,10,2,5,2,18,6,2
456,03141000205,3,14,10,2,5,2,18,7,2
457,03141000205,3,14,10,2,5,2,18,8,1
458,03141000205,3,14,10,2,5,2,18,9,2
459,03141001902,3,14,10,19,2,2,19,1,1
460,03141001902,3,14,10,19,2,2,19,2,1
461,03141001902,3,14,10,19,2,2,19,3,2
462,03141001902,3,14,10,19,2,2,19,4,2
463,03141001902,3,14,10,19,2,2,19,5,1
464,03141001902,3,14,10,19,2,2,19,6,1
465,03141001902,3,14,10,19,2,2,19,7,1
466,03141001902,3,14,10,19,2,2,19,8,1
467,03141001902,3,14,10,19,2,2,19,9,2
468,03141202605,3,14,12,26,5,2,2,1,2
469,03141202605,3,14,12,26,5,2,2,2,2
470,03141202605,3,14,12,26,5,2,2,3,2
471,03141202605,3,14,12,26,5,2,2,4,2
472,03141202605,3,14,12,26,5,2,2,5,1
473,03141202605,3,14,12,26,5,2,2,6,2
474,03141202605,3,14,12,26,5,2,2,7,2
475,03141202605,3,14,12,26,5,2,2,8,2
476,03141202605,3,14,12,26,5,2,2,9,2
477,03141700416,3,14,17,4,16,1,3,1,2
478,03141700416,3,14,17,4,16,1,3,2,2
479,03141700416,3,14,17,4,16,1,3,3,2
480,03141700416,3,14,17,4,16,1,3,4,2
481,03141700416,3,14,17,4,16,1,3,5,2
482,03141700416,3,14,17,4,16,1,3,6,2
483,03141700416,3,14,17,4,16,1,3,7,2
484,03141700416,3,14,17,4,16,1,3,8,2
485,03141700416,3,14,17,4,16,1,3,9,2
486,03150300101,3,15,3,1,1,2,2,1,1
487,03150300101,3,15,3,1,1,2,2,2,1
488,03150300101,3,15,3,1,1,2,2,3,2
489,03150300101,3,15,3,1,1,2,2,4,2
490,03150300101,3,15,3,1,1,2,2,5,2
491,03150300101,3,15,3,1,1,2,2,6,2
492,03150300101,3,15,3,1,1,2,2,7,1
493,03150300101,3,15,3,1,1,2,2,8,1
494,03150300101,3,15,3,1,1,2,2,9,2
495,03150300905,3,15,3,9,5,2,5,1,2
496,03150300905,3,15,3,9,5,2,5,2,2
497,03150300905,3,15,3,9,5,2,5,3,2
498,03150300905,3,15,3,9,5,2,5,4,2
499,03150300905,3,15,3,9,5,2,5,5,2
500,03150300905,3,15,3,9,5,2,5,6,2
501,03150300905,3,15,3,9,5,2,5,7,1
502,03150300905,3,15,3,9,5,2,5,8,1
503,03150300905,3,15,3,9,5,2,5,9,2
504,03150800103,3,15,8,1,3,1,1,1,2
505,03150800103,3,15,8,1,3,1,1,2,2
506,03150800103,3,15,8,1,3,1,1,3,2
507,03150800103,3,15,8,1,3,1,1,4,2
508,03150800103,3,15,8,1,3,1,1,5,2
509,03150800103,3,15,8,1,3,1,1,6,2
510,03150800103,3,15,8,1,3,1,1,7,2
511,03150800103,3,15,8,1,3,1,1,8,2
512,03150800103,3,15,8,1,3,1,1,9,2
513,03151900506,3,15,19,5,6,2,6,1,2
514,03151900506,3,15,19,5,6,2,6,2,1
515,03151900506,3,15,19,5,6,2,6,3,2
516,03151900506,3,15,19,5,6,2,6,4,2
517,03151900506,3,15,19,5,6,2,6,5,2
518,03151900506,3,15,19,5,6,2,6,6,1
519,03151900506,3,15,19,5,6,2,6,7,1
520,03151900506,3,15,19,5,6,2,6,8,1
521,03151900506,3,15,19,5,6,2,6,9,2
522,03152000705,3,15,20,7,5,1,1,1,2
523,03152000705,3,15,20,7,5,1,1,2,2
524,03152000705,3,15,20,7,5,1,1,3,2
525,03152000705,3,15,20,7,5,1,1,4,2
526,03152000705,3,15,20,7,5,1,1,5,2
527,03152000705,3,15,20,7,5,1,1,6,2
528,03152000705,3,15,20,7,5,1,1,7,2
529,03152000705,3,15,20,7,5,1,1,8,2
530,03152000705,3,15,20,7,5,1,1,9,2
531,03160201902,3,16,2,19,2,2,3,1,2
532,03160201902,3,16,2,19,2,2,3,2,2
533,03160201902,3,16,2,19,2,2,3,3,2
534,03160201902,3,16,2,19,2,2,3,4,2
535,03160201902,3,16,2,19,2,2,3,5,2
536,03160201902,3,16,2,19,2,2,3,6,2
537,03160201902,3,16,2,19,2,2,3,7,2
538,03160201902,3,16,2,19,2,2,3,8,2
539,03160201902,3,16,2,19,2,2,3,9,2
540,03160204005,3,16,2,40,5,2,2,1,2
541,03160204005,3,16,2,40,5,2,2,2,2
542,03160204005,3,16,2,40,5,2,2,3,2
543,03160204005,3,16,2,40,5,2,2,4,1
544,03160204005,3,16,2,40,5,2,2,5,1
545,03160204005,3,16,2,40,5,2,2,6,2
546,03160204005,3,16,2,40,5,2,2,7,2
547,03160204005,3,16,2,40,5,2,2,8,2
548,03160204005,3,16,2,40,5,2,2,9,2
549,03160500103,3,16,5,1,3,1,1,1,2
550,03160500103,3,16,5,1,3,1,1,2,2
551,03160500103,3,16,5,1,3,1,1,3,2
552,03160500103,3,16,5,1,3,1,1,4,2
553,03160500103,3,16,5,1,3,1,1,5,2
554,03160500103,3,16,5,1,3,1,1,6,2
555,03160500103,3,16,5,1,3,1,1,7,2
556,03160500103,3,16,5,1,3,1,1,8,2
557,03160500103,3,16,5,1,3,1,1,9,2
558,03160600803,3,16,6,8,3,2,1,1,1
559,03160600803,3,16,6,8,3,2,1,2,2
560,03160600803,3,16,6,8,3,2,1,3,2
561,03160600803,3,16,6,8,3,2,1,4,2
562,03160600803,3,16,6,8,3,2,1,5,1
563,03160600803,3,16,6,8,3,2,1,6,1
564,03160600803,3,16,6,8,3,2,1,7,2
565,03160600803,3,16,6,8,3,2,1,8,2
566,03160600803,3,16,6,8,3,2,1,9,2
567,03161500214,3,16,15,2,14,1,1,1,2
568,03161500214,3,16,15,2,14,1,1,2,2
569,03161500214,3,16,15,2,14,1,1,3,2
570,03161500214,3,16,15,2,14,1,1,4,2
571,03161500214,3,16,15,2,14,1,1,5,2
572,03161500214,3,16,15,2,14,1,1,6,2
573,03161500214,3,16,15,2,14,1,1,7,2
574,03161500214,3,16,15,2,14,1,1,8,2
575,03161500214,3,16,15,2,14,1,1,9,2
576,03170400206,3,17,4,2,6,2,7,1,2
577,03170400206,3,17,4,2,6,2,7,2,2
578,03170400206,3,17,4,2,6,2,7,3,2
579,03170400206,3,17,4,2,6,2,7,4,2
580,03170400206,3,17,4,2,6,2,7,5,2
581,03170400206,3,17,4,2,6,2,7,6,2
582,03170400206,3,17,4,2,6,2,7,7,2
583,03170400206,3,17,4,2,6,2,7,8,2
584,03170400206,3,17,4,2,6,2,7,9,2
585,03170401804,3,17,4,18,4,2,5,1,2
586,03170401804,3,17,4,18,4,2,5,2,2
587,03170401804,3,17,4,18,4,2,5,3,2
588,03170401804,3,17,4,18,4,2,5,4,2
589,03170401804,3,17,4,18,4,2,5,5,2
590,03170401804,3,17,4,18,4,2,5,6,2
591,03170401804,3,17,4,18,4,2,5,7,2
592,03170401804,3,17,4,18,4,2,5,8,2
593,03170401804,3,17,4,18,4,2,5,9,2
594,03170403702,3,17,4,37,2,2,6,1,2
595,03170403702,3,17,4,37,2,2,6,2,2
596,03170403702,3,17,4,37,2,2,6,3,2
597,03170403702,3,17,4,37,2,2,6,4,2
598,03170403702,3,17,4,37,2,2,6,5,2
599,03170403702,3,17,4,37,2,2,6,6,2
600,03170403702,3,17,4,37,2,2,6,7,2
601,03170403702,3,17,4,37,2,2,6,8,2
602,03170403702,3,17,4,37,2,2,6,9,2
603,03170601005,3,17,6,10,5,2,4,1,2
604,03170601005,3,17,6,10,5,2,4,2,2
605,03170601005,3,17,6,10,5,2,4,3,2
606,03170601005,3,17,6,10,5,2,4,4,2
607,03170601005,3,17,6,10,5,2,4,5,2
608,03170601005,3,17,6,10,5,2,4,6,2
609,03170601005,3,17,6,10,5,2,4,7,2
610,03170601005,3,17,6,10,5,2,4,8,2
611,03170601005,3,17,6,10,5,2,4,9,2
612,03180100102,3,18,1,1,2,1,1,1,2
613,03180100102,3,18,1,1,2,1,1,2,2
614,03180100102,3,18,1,1,2,1,1,3,2
615,03180100102,3,18,1,1,2,1,1,4,2
616,03180100102,3,18,1,1,2,1,1,5,2
617,03180100102,3,18,1,1,2,1,1,6,2
618,03180100102,3,18,1,1,2,1,1,7,2
619,03180100102,3,18,1,1,2,1,1,8,2
620,03180100102,3,18,1,1,2,1,1,9,2
621,03180201302,3,18,2,13,2,2,13,1,1
622,03180201302,3,18,2,13,2,2,13,2,1
623,03180201302,3,18,2,13,2,2,13,3,1
624,03180201302,3,18,2,13,2,2,13,4,1
625,03180201302,3,18,2,13,2,2,13,5,1
626,03180201302,3,18,2,13,2,2,13,6,1
627,03180201302,3,18,2,13,2,2,13,7,1
628,03180201302,3,18,2,13,2,2,13,8,1
629,03180201302,3,18,2,13,2,2,13,9,2
630,03180302503,3,18,3,25,3,2,14,1,1
631,03180302503,3,18,3,25,3,2,14,2,1
632,03180302503,3,18,3,25,3,2,14,3,1
633,03180302503,3,18,3,25,3,2,14,4,1
634,03180302503,3,18,3,25,3,2,14,5,1
635,03180302503,3,18,3,25,3,2,14,6,1
636,03180302503,3,18,3,25,3,2,14,7,1
637,03180302503,3,18,3,25,3,2,14,8,1
638,03180302503,3,18,3,25,3,2,14,9,2
639,03180700305,3,18,7,3,5,1,1,1,2
640,03180700305,3,18,7,3,5,1,1,2,2
641,03180700305,3,18,7,3,5,1,1,3,2
642,03180700305,3,18,7,3,5,1,1,4,2
643,03180700305,3,18,7,3,5,1,1,5,2
644,03180700305,3,18,7,3,5,1,1,6,2
645,03180700305,3,18,7,3,5,1,1,7,2
646,03180700305,3,18,7,3,5,1,1,8,2
647,03180700305,3,18,7,3,5,1,1,9,2
648,03190201401,3,19,2,14,1,2,9,1,2
649,03190201401,3,19,2,14,1,2,9,2,2
650,03190201401,3,19,2,14,1,2,9,3,2
651,03190201401,3,19,2,14,1,2,9,4,2
652,03190201401,3,19,2,14,1,2,9,5,2
653,03190201401,3,19,2,14,1,2,9,6,2
654,03190201401,3,19,2,14,1,2,9,7,1
655,03190201401,3,19,2,14,1,2,9,8,1
656,03190201401,3,19,2,14,1,2,9,9,2
657,03190202501,3,19,2,25,1,2,8,1,2
658,03190202501,3,19,2,25,1,2,8,2,2
659,03190202501,3,19,2,25,1,2,8,3,2
660,03190202501,3,19,2,25,1,2,8,4,1
661,03190202501,3,19,2,25,1,2,8,5,1
662,03190202501,3,19,2,25,1,2,8,6,2
663,03190202501,3,19,2,25,1,2,8,7,1
664,03190202501,3,19,2,25,1,2,8,8,1
665,03190202501,3,19,2,25,1,2,8,9,2
666,03190402004,3,19,4,20,4,2,10,1,2
667,03190402004,3,19,4,20,4,2,10,2,2
668,03190402004,3,19,4,20,4,2,10,3,2
669,03190402004,3,19,4,20,4,2,10,4,2
670,03190402004,3,19,4,20,4,2,10,5,2
671,03190402004,3,19,4,20,4,2,10,6,2
672,03190402004,3,19,4,20,4,2,10,7,2
673,03190402004,3,19,4,20,4,2,10,8,2
674,03190402004,3,19,4,20,4,2,10,9,2
675,03200100113,3,20,1,1,13,2,1,1,2
676,03200100113,3,20,1,1,13,2,1,2,2
677,03200100113,3,20,1,1,13,2,1,3,2
678,03200100113,3,20,1,1,13,2,1,4,2
679,03200100113,3,20,1,1,13,2,1,5,2
680,03200100113,3,20,1,1,13,2,1,6,2
681,03200100113,3,20,1,1,13,2,1,7,1
682,03200100113,3,20,1,1,13,2,1,8,1
683,03200100113,3,20,1,1,13,2,1,9,2
684,03200100807,3,20,1,8,7,2,7,1,2
685,03200100807,3,20,1,8,7,2,7,2,1
686,03200100807,3,20,1,8,7,2,7,3,2
687,03200100807,3,20,1,8,7,2,7,4,1
688,03200100807,3,20,1,8,7,2,7,5,1
689,03200100807,3,20,1,8,7,2,7,6,2
690,03200100807,3,20,1,8,7,2,7,7,1
691,03200100807,3,20,1,8,7,2,7,8,1
692,03200100807,3,20,1,8,7,2,7,9,2
693,03200200209,3,20,2,2,9,1,4,1,1
694,03200200209,3,20,2,2,9,1,4,2,1
695,03200200209,3,20,2,2,9,1,4,3,1
696,03200200209,3,20,2,2,9,1,4,4,2
697,03200200209,3,20,2,2,9,1,4,5,2
698,03200200209,3,20,2,2,9,1,4,6,2
699,03200200209,3,20,2,2,9,1,4,7,1
700,03200200209,3,20,2,2,9,1,4,8,2
701,03200200209,3,20,2,2,9,1,4,9,2
702,03210101214,3,21,1,12,14,1,1,1,2
703,03210101214,3,21,1,12,14,1,1,2,2
704,03210101214,3,21,1,12,14,1,1,3,2
705,03210101214,3,21,1,12,14,1,1,4,2
706,03210101214,3,21,1,12,14,1,1,5,2
707,03210101214,3,21,1,12,14,1,1,6,2
708,03210101214,3,21,1,12,14,1,1,7,2
709,03210101214,3,21,1,12,14,1,1,8,2
710,03210101214,3,21,1,12,14,1,1,9,2
711,04220202602,4,22,2,26,2,2,1,1,1
712,04220202602,4,22,2,26,2,2,1,2,1
713,04220202602,4,22,2,26,2,2,1,3,1
714,04220202602,4,22,2,26,2,2,1,4,2
715,04220202602,4,22,2,26,2,2,1,5,2
716,04220202602,4,22,2,26,2,2,1,6,2
717,04220202602,4,22,2,26,2,2,1,7,1
718,04220202602,4,22,2,26,2,2,1,8,2
719,04220202602,4,22,2,26,2,2,1,9,2
720,04220800303,4,22,8,3,3,2,1,1,1
721,04220800303,4,22,8,3,3,2,1,2,2
722,04220800303,4,22,8,3,3,2,1,3,2
723,04220800303,4,22,8,3,3,2,1,4,2
724,04220800303,4,22,8,3,3,2,1,5,1
725,04220800303,4,22,8,3,3,2,1,6,2
726,04220800303,4,22,8,3,3,2,1,7,2
727,04220800303,4,22,8,3,3,2,1,8,2
728,04220800303,4,22,8,3,3,2,1,9,2
729,04230200302,4,23,2,3,2,2,1,1,2
730,04230200302,4,23,2,3,2,2,1,2,2
731,04230200302,4,23,2,3,2,2,1,3,1
732,04230200302,4,23,2,3,2,2,1,4,2
733,04230200302,4,23,2,3,2,2,1,5,2
734,04230200302,4,23,2,3,2,2,1,6,2
735,04230200302,4,23,2,3,2,2,1,7,1
736,04230200302,4,23,2,3,2,2,1,8,1
737,04230200302,4,23,2,3,2,2,1,9,2
738,04231300304,4,23,13,3,4,2,1,1,1
739,04231300304,4,23,13,3,4,2,1,2,1
740,04231300304,4,23,13,3,4,2,1,3,2
741,04231300304,4,23,13,3,4,2,1,4,1
742,04231300304,4,23,13,3,4,2,1,5,1
743,04231300304,4,23,13,3,4,2,1,6,2
744,04231300304,4,23,13,3,4,2,1,7,1
745,04231300304,4,23,13,3,4,2,1,8,2
746,04231300304,4,23,13,3,4,2,1,9,2
747,04231301905,4,23,13,19,5,2,1,1,1
748,04231301905,4,23,13,19,5,2,1,2,2
749,04231301905,4,23,13,19,5,2,1,3,1
750,04231301905,4,23,13,19,5,2,1,4,1
751,04231301905,4,23,13,19,5,2,1,5,2
752,04231301905,4,23,13,19,5,2,1,6,2
753,04231301905,4,23,13,19,5,2,1,7,2
754,04231301905,4,23,13,19,5,2,1,8,2
755,04231301905,4,23,13,19,5,2,1,9,2
756,04240101704,4,24,1,17,4,2,1,1,1
757,04240101704,4,24,1,17,4,2,1,2,2
758,04240101704,4,24,1,17,4,2,1,3,2
759,04240101704,4,24,1,17,4,2,1,4,1
760,04240101704,4,24,1,17,4,2,1,5,2
761,04240101704,4,24,1,17,4,2,1,6,2
762,04240101704,4,24,1,17,4,2,1,7,2
763,04240101704,4,24,1,17,4,2,1,8,1
764,04240101704,4,24,1,17,4,2,1,9,2
765,04240602203,4,24,6,22,3,2,1,1,1
766,04240602203,4,24,6,22,3,2,1,2,2
767,04240602203,4,24,6,22,3,2,1,3,2
768,04240602203,4,24,6,22,3,2,1,4,1
769,04240602203,4,24,6,22,3,2,1,5,1
770,04240602203,4,24,6,22,3,2,1,6,2
771,04240602203,4,24,6,22,3,2,1,7,1
772,04240602203,4,24,6,22,3,2,1,8,2
773,04240602203,4,24,6,22,3,2,1,9,2
774,04242204001,4,24,22,40,1,2,1,1,1
775,04242204001,4,24,22,40,1,2,1,2,2
776,04242204001,4,24,22,40,1,2,1,3,2
777,04242204001,4,24,22,40,1,2,1,4,2
778,04242204001,4,24,22,40,1,2,1,5,2
779,04242204001,4,24,22,40,1,2,1,6,1
780,04242204001,4,24,22,40,1,2,1,7,1
781,04242204001,4,24,22,40,1,2,1,8,2
782,04242204001,4,24,22,40,1,2,1,9,2
783,04250800404,4,25,8,4,4,2,4,1,2
784,04250800404,4,25,8,4,4,2,4,2,2
785,04250800404,4,25,8,4,4,2,4,3,2
786,04250800404,4,25,8,4,4,2,4,4,2
787,04250800404,4,25,8,4,4,2,4,5,2
788,04250800404,4,25,8,4,4,2,4,6,2
789,04250800404,4,25,8,4,4,2,4,7,2
790,04250800404,4,25,8,4,4,2,4,8,2
791,04250800404,4,25,8,4,4,2,4,9,2
792,04260801102,4,26,8,11,2,2,1,1,2
793,04260801102,4,26,8,11,2,2,1,2,2
794,04260801102,4,26,8,11,2,2,1,3,2
795,04260801102,4,26,8,11,2,2,1,4,1
796,04260801102,4,26,8,11,2,2,1,5,2
797,04260801102,4,26,8,11,2,2,1,6,2
798,04260801102,4,26,8,11,2,2,1,7,2
799,04260801102,4,26,8,11,2,2,1,8,2
800,04260801102,4,26,8,11,2,2,1,9,2
801,04260803103,4,26,8,31,3,2,1,1,2
802,04260803103,4,26,8,31,3,2,1,2,2
803,04260803103,4,26,8,31,3,2,1,3,2
804,04260803103,4,26,8,31,3,2,1,4,2
805,04260803103,4,26,8,31,3,2,1,5,2
806,04260803103,4,26,8,31,3,2,1,6,2
807,04260803103,4,26,8,31,3,2,1,7,2
808,04260803103,4,26,8,31,3,2,1,8,2
809,04260803103,4,26,8,31,3,2,1,9,2
810,04261701902,4,26,17,19,2,2,1,1,2
811,04261701902,4,26,17,19,2,2,1,2,2
812,04261701902,4,26,17,19,2,2,1,3,2
813,04261701902,4,26,17,19,2,2,1,4,1
814,04261701902,4,26,17,19,2,2,1,5,2
815,04261701902,4,26,17,19,2,2,1,6,2
816,04261701902,4,26,17,19,2,2,1,7,2
817,04261701902,4,26,17,19,2,2,1,8,2
818,04261701902,4,26,17,19,2,2,1,9,2
819,04271800107,4,27,18,1,7,1,2,1,2
820,04271800107,4,27,18,1,7,1,2,2,2
821,04271800107,4,27,18,1,7,1,2,3,2
822,04271800107,4,27,18,1,7,1,2,4,2
823,04271800107,4,27,18,1,7,1,2,5,2
824,04271800107,4,27,18,1,7,1,2,6,2
825,04271800107,4,27,18,1,7,1,2,7,1
826,04271800107,4,27,18,1,7,1,2,8,2
827,04271800107,4,27,18,1,7,1,2,9,2
828,04280201505,4,28,2,15,5,2,5,1,2
829,04280201505,4,28,2,15,5,2,5,2,2
830,04280201505,4,28,2,15,5,2,5,3,2
831,04280201505,4,28,2,15,5,2,5,4,2
832,04280201505,4,28,2,15,5,2,5,5,2
833,04280201505,4,28,2,15,5,2,5,6,2
834,04280201505,4,28,2,15,5,2,5,7,2
835,04280201505,4,28,2,15,5,2,5,8,2
836,04280201505,4,28,2,15,5,2,5,9,2
837,04280203203,4,28,2,32,3,2,4,1,2
838,04280203203,4,28,2,32,3,2,4,2,2
839,04280203203,4,28,2,32,3,2,4,3,2
840,04280203203,4,28,2,32,3,2,4,4,2
841,04280203203,4,28,2,32,3,2,4,5,2
842,04280203203,4,28,2,32,3,2,4,6,2
843,04280203203,4,28,2,32,3,2,4,7,2
844,04280203203,4,28,2,32,3,2,4,8,2
845,04280203203,4,28,2,32,3,2,4,9,2
846,04280900226,4,28,9,2,26,1,4,1,2
847,04280900226,4,28,9,2,26,1,4,2,2
848,04280900226,4,28,9,2,26,1,4,3,2
849,04280900226,4,28,9,2,26,1,4,4,2
850,04280900226,4,28,9,2,26,1,4,5,2
851,04280900226,4,28,9,2,26,1,4,6,2
852,04280900226,4,28,9,2,26,1,4,7,2
853,04280900226,4,28,9,2,26,1,4,8,2
854,04280900226,4,28,9,2,26,1,4,9,2
855,04290100110,4,29,1,1,10,1,1,1,2
856,04290100110,4,29,1,1,10,1,1,2,1
857,04290100110,4,29,1,1,10,1,1,3,2
858,04290100110,4,29,1,1,10,1,1,4,2
859,04290100110,4,29,1,1,10,1,1,5,1
860,04290100110,4,29,1,1,10,1,1,6,2
861,04290100110,4,29,1,1,10,1,1,7,1
862,04290100110,4,29,1,1,10,1,1,8,1
863,04290100110,4,29,1,1,10,1,1,9,2
864,04290500106,4,29,5,1,6,1,6,1,1
865,04290500106,4,29,5,1,6,1,6,2,2
866,04290500106,4,29,5,1,6,1,6,3,2
867,04290500106,4,29,5,1,6,1,6,4,2
868,04290500106,4,29,5,1,6,1,6,5,2
869,04290500106,4,29,5,1,6,1,6,6,2
870,04290500106,4,29,5,1,6,1,6,7,1
871,04290500106,4,29,5,1,6,1,6,8,1
872,04290500106,4,29,5,1,6,1,6,9,2
873,04291500905,4,29,15,9,5,2,5,1,1
874,04291500905,4,29,15,9,5,2,5,2,1
875,04291500905,4,29,15,9,5,2,5,3,2
876,04291500905,4,29,15,9,5,2,5,4,2
877,04291500905,4,29,15,9,5,2,5,5,2
878,04291500905,4,29,15,9,5,2,5,6,2
879,04291500905,4,29,15,9,5,2,5,7,2
880,04291500905,4,29,15,9,5,2,5,8,2
881,04291500905,4,29,15,9,5,2,5,9,2
882,04291501302,4,29,15,13,2,2,2,1,2
883,04291501302,4,29,15,13,2,2,2,2,2
884,04291501302,4,29,15,13,2,2,2,3,2
885,04291501302,4,29,15,13,2,2,2,4,2
886,04291501302,4,29,15,13,2,2,2,5,2
887,04291501302,4,29,15,13,2,2,2,6,2
888,04291501302,4,29,15,13,2,2,2,7,2
889,04291501302,4,29,15,13,2,2,2,8,2
890,04291501302,4,29,15,13,2,2,2,9,2
891,04291501302,4,29,15,13,2,2,3,1,2
892,04291501302,4,29,15,13,2,2,3,2,2
893,04291501302,4,29,15,13,2,2,3,3,2
894,04291501302,4,29,15,13,2,2,3,4,2
895,04291501302,4,29,15,13,2,2,3,5,2
896,04291501302,4,29,15,13,2,2,3,6,2
897,04291501302,4,29,15,13,2,2,3,7,1
898,04291501302,4,29,15,13,2,2,3,8,1
899,04291501302,4,29,15,13,2,2,3,9,2
900,04291801901,4,29,18,19,1,2,1,1,2
901,04291801901,4,29,18,19,1,2,1,2,2
902,04291801901,4,29,18,19,1,2,1,3,2
903,04291801901,4,29,18,19,1,2,1,4,2
904,04291801901,4,29,18,19,1,2,1,5,2
905,04291801901,4,29,18,19,1,2,1,6,2
906,04291801901,4,29,18,19,1,2,1,7,2
907,04291801901,4,29,18,19,1,2,1,8,2
908,04291801901,4,29,18,19,1,2,1,9,2
909,04292500402,4,29,25,4,2,1,4,1,2
910,04292500402,4,29,25,4,2,1,4,2,2
911,04292500402,4,29,25,4,2,1,4,3,2
912,04292500402,4,29,25,4,2,1,4,4,2
913,04292500402,4,29,25,4,2,1,4,5,2
914,04292500402,4,29,25,4,2,1,4,6,2
915,04292500402,4,29,25,4,2,1,4,7,1
916,04292500402,4,29,25,4,2,1,4,8,1
917,04292500402,4,29,25,4,2,1,4,9,2
918,04300400106,4,30,4,1,6,1,2,1,1
919,04300400106,4,30,4,1,6,1,2,2,2
920,04300400106,4,30,4,1,6,1,2,3,2
921,04300400106,4,30,4,1,6,1,2,4,1
922,04300400106,4,30,4,1,6,1,2,5,1
923,04300400106,4,30,4,1,6,1,2,6,1
924,04300400106,4,30,4,1,6,1,2,7,1
925,04300400106,4,30,4,1,6,1,2,8,1
926,04300400106,4,30,4,1,6,1,2,9,1
927,04300800105,4,30,8,1,5,2,5,1,2
928,04300800105,4,30,8,1,5,2,5,2,2
929,04300800105,4,30,8,1,5,2,5,3,2
930,04300800105,4,30,8,1,5,2,5,4,2
931,04300800105,4,30,8,1,5,2,5,5,2
932,04300800105,4,30,8,1,5,2,5,6,2
933,04300800105,4,30,8,1,5,2,5,7,2
934,04300800105,4,30,8,1,5,2,5,8,2
935,04300800105,4,30,8,1,5,2,5,9,2
936,04301301004,4,30,13,10,4,2,4,1,2
937,04301301004,4,30,13,10,4,2,4,2,2
938,04301301004,4,30,13,10,4,2,4,3,2
939,04301301004,4,30,13,10,4,2,4,4,2
940,04301301004,4,30,13,10,4,2,4,5,2
941,04301301004,4,30,13,10,4,2,4,6,2
942,04301301004,4,30,13,10,4,2,4,7,2
943,04301301004,4,30,13,10,4,2,4,8,2
944,04301301004,4,30,13,10,4,2,4,9,2
945,04311103311,4,31,11,33,11,2,10,1,2
946,04311103311,4,31,11,33,11,2,10,2,2
947,04311103311,4,31,11,33,11,2,10,3,2
948,04311103311,4,31,11,33,11,2,10,4,2
949,04311103311,4,31,11,33,11,2,10,5,1
950,04311103311,4,31,11,33,11,2,10,6,2
951,04311103311,4,31,11,33,11,2,10,7,2
952,04311103311,4,31,11,33,11,2,10,8,2
953,04311103311,4,31,11,33,11,2,10,9,2
954,04311200105,4,31,12,1,5,1,10,1,1
955,04311200105,4,31,12,1,5,1,10,2,2
956,04311200105,4,31,12,1,5,1,10,3,2
957,04311200105,4,31,12,1,5,1,10,4,2
958,04311200105,4,31,12,1,5,1,10,5,2
959,04311200105,4,31,12,1,5,1,10,6,2
960,04311200105,4,31,12,1,5,1,10,7,1
961,04311200105,4,31,12,1,5,1,10,8,1
962,04311200105,4,31,12,1,5,1,10,9,2
963,04320400608,4,32,4,6,8,2,3,1,2
964,04320400608,4,32,4,6,8,2,3,2,2
965,04320400608,4,32,4,6,8,2,3,3,2
966,04320400608,4,32,4,6,8,2,3,4,2
967,04320400608,4,32,4,6,8,2,3,5,2
968,04320400608,4,32,4,6,8,2,3,6,2
969,04320400608,4,32,4,6,8,2,3,7,2
970,04320400608,4,32,4,6,8,2,3,8,2
971,04320400608,4,32,4,6,8,2,3,9,2
972,04320400608,4,32,4,6,8,2,8,1,2
973,04320400608,4,32,4,6,8,2,8,2,2
974,04320400608,4,32,4,6,8,2,8,3,2
975,04320400608,4,32,4,6,8,2,8,4,2
976,04320400608,4,32,4,6,8,2,8,5,2
977,04320400608,4,32,4,6,8,2,8,6,2
978,04320400608,4,32,4,6,8,2,8,7,2
979,04320400608,4,32,4,6,8,2,8,8,2
980,04320400608,4,32,4,6,8,2,8,9,2
981,04320501610,4,32,5,16,10,2,10,1,2
982,04320501610,4,32,5,16,10,2,10,2,2
983,04320501610,4,32,5,16,10,2,10,3,2
984,04320501610,4,32,5,16,10,2,10,4,2
985,04320501610,4,32,5,16,10,2,10,5,2
986,04320501610,4,32,5,16,10,2,10,6,2
987,04320501610,4,32,5,16,10,2,10,7,2
988,04320501610,4,32,5,16,10,2,10,8,2
989,04320501610,4,32,5,16,10,2,10,9,2
990,04320501610,4,32,5,16,10,2,11,1,2
991,04320501610,4,32,5,16,10,2,11,2,2
992,04320501610,4,32,5,16,10,2,11,3,2
993,04320501610,4,32,5,16,10,2,11,4,2
994,04320501610,4,32,5,16,10,2,11,5,2
995,04320501610,4,32,5,16,10,2,11,6,2
996,04320501610,4,32,5,16,10,2,11,7,2
997,04320501610,4,32,5,16,10,2,11,8,2
998,04320501610,4,32,5,16,10,2,11,9,2
999,04320600302,4,32,6,3,2,2,2,1,2
1000,04320600302,4,32,6,3,2,2,2,2,2
1001,04320600302,4,32,6,3,2,2,2,3,2
1002,04320600302,4,32,6,3,2,2,2,4,2
1003,04320600302,4,32,6,3,2,2,2,5,2
1004,04320600302,4,32,6,3,2,2,2,6,2
1005,04320600302,4,32,6,3,2,2,2,7,2
1006,04320600302,4,32,6,3,2,2,2,8,2
1007,04320600302,4,32,6,3,2,2,2,9,2
1008,04321200208,4,32,12,2,8,1,2,1,1
1009,04321200208,4,32,12,2,8,1,2,2,2
1010,04321200208,4,32,12,2,8,1,2,3,2
1011,04321200208,4,32,12,2,8,1,2,4,2
1012,04321200208,4,32,12,2,8,1,2,5,1
1013,04321200208,4,32,12,2,8,1,2,6,1
1014,04321200208,4,32,12,2,8,1,2,7,1
1015,04321200208,4,32,12,2,8,1,2,8,1
1016,04321200208,4,32,12,2,8,1,2,9,2
1017,04321600405,4,32,16,4,5,2,5,1,2
1018,04321600405,4,32,16,4,5,2,5,2,2
1019,04321600405,4,32,16,4,5,2,5,3,2
1020,04321600405,4,32,16,4,5,2,5,4,2
1021,04321600405,4,32,16,4,5,2,5,5,2
1022,04321600405,4,32,16,4,5,2,5,6,2
1023,04321600405,4,32,16,4,5,2,5,7,2
1024,04321600405,4,32,16,4,5,2,5,8,2
1025,04321600405,4,32,16,4,5,2,5,9,2
1026,04321801602,4,32,18,16,2,2,3,1,2
1027,04321801602,4,32,18,16,2,2,3,2,2
1028,04321801602,4,32,18,16,2,2,3,3,2
1029,04321801602,4,32,18,16,2,2,3,4,2
1030,04321801602,4,32,18,16,2,2,3,5,2
1031,04321801602,4,32,18,16,2,2,3,6,2
1032,04321801602,4,32,18,16,2,2,3,7,2
1033,04321801602,4,32,18,16,2,2,3,8,2
1034,04321801602,4,32,18,16,2,2,3,9,2
1035,04330600803,4,33,6,8,3,2,6,1,1
1036,04330600803,4,33,6,8,3,2,6,2,1
1037,04330600803,4,33,6,8,3,2,6,3,1
1038,04330600803,4,33,6,8,3,2,6,4,1
1039,04330600803,4,33,6,8,3,2,6,5,2
1040,04330600803,4,33,6,8,3,2,6,6,2
1041,04330600803,4,33,6,8,3,2,6,7,1
1042,04330600803,4,33,6,8,3,2,6,8,1
1043,04330600803,4,33,6,8,3,2,6,9,2
1044,04330801809,4,33,8,18,9,2,7,1,2
1045,04330801809,4,33,8,18,9,2,7,2,2
1046,04330801809,4,33,8,18,9,2,7,3,2
1047,04330801809,4,33,8,18,9,2,7,4,1
1048,04330801809,4,33,8,18,9,2,7,5,1
1049,04330801809,4,33,8,18,9,2,7,6,1
1050,04330801809,4,33,8,18,9,2,7,7,1
1051,04330801809,4,33,8,18,9,2,7,8,2
1052,04330801809,4,33,8,18,9,2,7,9,2
1053,04331100203,4,33,11,2,3,2,3,1,1
1054,04331100203,4,33,11,2,3,2,3,2,2
1055,04331100203,4,33,11,2,3,2,3,3,2
1056,04331100203,4,33,11,2,3,2,3,4,2
1057,04331100203,4,33,11,2,3,2,3,5,2
1058,04331100203,4,33,11,2,3,2,3,6,2
1059,04331100203,4,33,11,2,3,2,3,7,2
1060,04331100203,4,33,11,2,3,2,3,8,2
1061,04331100203,4,33,11,2,3,2,3,9,2
1062,04331301403,4,33,13,14,3,2,5,1,1
1063,04331301403,4,33,13,14,3,2,5,2,1
1064,04331301403,4,33,13,14,3,2,5,3,2
1065,04331301403,4,33,13,14,3,2,5,4,1
1066,04331301403,4,33,13,14,3,2,5,5,2
1067,04331301403,4,33,13,14,3,2,5,6,2
1068,04331301403,4,33,13,14,3,2,5,7,1
1069,04331301403,4,33,13,14,3,2,5,8,1
1070,04331301403,4,33,13,14,3,2,5,9,1
1071,04340300103,4,34,3,1,3,1,1,1,1
1072,04340300103,4,34,3,1,3,1,1,2,2
1073,04340300103,4,34,3,1,3,1,1,3,2
1074,04340300103,4,34,3,1,3,1,1,4,2
1075,04340300103,4,34,3,1,3,1,1,5,2
1076,04340300103,4,34,3,1,3,1,1,6,2
1077,04340300103,4,34,3,1,3,1,1,7,1
1078,04340300103,4,34,3,1,3,1,1,8,2
1079,04340300103,4,34,3,1,3,1,1,9,2
1080,04340900114,4,34,9,1,14,1,2,1,2
1081,04340900114,4,34,9,1,14,1,2,2,2
1082,04340900114,4,34,9,1,14,1,2,3,2
1083,04340900114,4,34,9,1,14,1,2,4,2
1084,04340900114,4,34,9,1,14,1,2,5,2
1085,04340900114,4,34,9,1,14,1,2,6,2
1086,04340900114,4,34,9,1,14,1,2,7,1
1087,04340900114,4,34,9,1,14,1,2,8,2
1088,04340900114,4,34,9,1,14,1,2,9,2
1089,04350204302,4,35,2,43,2,2,4,1,2
1090,04350204302,4,35,2,43,2,2,4,2,2
1091,04350204302,4,35,2,43,2,2,4,3,2
1092,04350204302,4,35,2,43,2,2,4,4,2
1093,04350204302,4,35,2,43,2,2,4,5,2
1094,04350204302,4,35,2,43,2,2,4,6,2
1095,04350204302,4,35,2,43,2,2,4,7,2
1096,04350204302,4,35,2,43,2,2,4,8,2
1097,04350204302,4,35,2,43,2,2,4,9,2
1098,04360100202,4,36,1,2,2,1,2,1,2
1099,04360100202,4,36,1,2,2,1,2,2,2
1100,04360100202,4,36,1,2,2,1,2,3,2
1101,04360100202,4,36,1,2,2,1,2,4,2
1102,04360100202,4,36,1,2,2,1,2,5,2
1103,04360100202,4,36,1,2,2,1,2,6,2
1104,04360100202,4,36,1,2,2,1,2,7,1
1105,04360100202,4,36,1,2,2,1,2,8,2
1106,04360100202,4,36,1,2,2,1,2,9,2
1107,04360100202,4,36,1,2,2,1,8,1,2
1108,04360100202,4,36,1,2,2,1,8,2,2
1109,04360100202,4,36,1,2,2,1,8,3,2
1110,04360100202,4,36,1,2,2,1,8,4,2
1111,04360100202,4,36,1,2,2,1,8,5,2
1112,04360100202,4,36,1,2,2,1,8,6,2
1113,04360100202,4,36,1,2,2,1,8,7,1
1114,04360100202,4,36,1,2,2,1,8,8,2
1115,04360100202,4,36,1,2,2,1,8,9,2
1116,04360100513,4,36,1,5,13,1,5,1,2
1117,04360100513,4,36,1,5,13,1,5,2,2
1118,04360100513,4,36,1,5,13,1,5,3,2
1119,04360100513,4,36,1,5,13,1,5,4,2
1120,04360100513,4,36,1,5,13,1,5,5,2
1121,04360100513,4,36,1,5,13,1,5,6,2
1122,04360100513,4,36,1,5,13,1,5,7,1
1123,04360100513,4,36,1,5,13,1,5,8,1
1124,04360100513,4,36,1,5,13,1,5,9,2
1125,04360101005,4,36,1,10,5,1,5,1,2
1126,04360101005,4,36,1,10,5,1,5,2,2
1127,04360101005,4,36,1,10,5,1,5,3,2
1128,04360101005,4,36,1,10,5,1,5,4,2
1129,04360101005,4,36,1,10,5,1,5,5,2
1130,04360101005,4,36,1,10,5,1,5,6,2
1131,04360101005,4,36,1,10,5,1,5,7,1
1132,04360101005,4,36,1,10,5,1,5,8,2
1133,04360101005,4,36,1,10,5,1,5,9,2
1134,04360101005,4,36,1,10,5,1,10,1,2
1135,04360101005,4,36,1,10,5,1,10,2,2
1136,04360101005,4,36,1,10,5,1,10,3,2
1137,04360101005,4,36,1,10,5,1,10,4,2
1138,04360101005,4,36,1,10,5,1,10,5,2
1139,04360101005,4,36,1,10,5,1,10,6,2
1140,04360101005,4,36,1,10,5,1,10,7,2
1141,04360101005,4,36,1,10,5,1,10,8,2
1142,04360101005,4,36,1,10,5,1,10,9,2
1143,04360101402,4,36,1,14,2,1,4,1,2
1144,04360101402,4,36,1,14,2,1,4,2,2
1145,04360101402,4,36,1,14,2,1,4,3,2
1146,04360101402,4,36,1,14,2,1,4,4,2
1147,04360101402,4,36,1,14,2,1,4,5,2
1148,04360101402,4,36,1,14,2,1,4,6,2
1149,04360101402,4,36,1,14,2,1,4,7,1
1150,04360101402,4,36,1,14,2,1,4,8,1
1151,04360101402,4,36,1,14,2,1,4,9,2
1152,04381000108,4,38,10,1,8,1,1,1,2
1153,04381000108,4,38,10,1,8,1,1,2,2
1154,04381000108,4,38,10,1,8,1,1,3,2
1155,04381000108,4,38,10,1,8,1,1,4,2
1156,04381000108,4,38,10,1,8,1,1,5,2
1157,04381000108,4,38,10,1,8,1,1,6,2
1158,04381000108,4,38,10,1,8,1,1,7,1
1159,04381000108,4,38,10,1,8,1,1,8,2
1160,04381000108,4,38,10,1,8,1,1,9,2
1161,04381001704,4,38,10,17,4,2,4,1,2
1162,04381001704,4,38,10,17,4,2,4,2,2
1163,04381001704,4,38,10,17,4,2,4,3,2
1164,04381001704,4,38,10,17,4,2,4,4,2
1165,04381001704,4,38,10,17,4,2,4,5,2
1166,04381001704,4,38,10,17,4,2,4,6,2
1167,04381001704,4,38,10,17,4,2,4,7,2
1168,04381001704,4,38,10,17,4,2,4,8,2
1169,04381001704,4,38,10,17,4,2,4,9,2
1170,04381100101,4,38,11,1,1,1,1,1,2
1171,04381100101,4,38,11,1,1,1,1,2,2
1172,04381100101,4,38,11,1,1,1,1,3,2
1173,04381100101,4,38,11,1,1,1,1,4,2
1174,04381100101,4,38,11,1,1,1,1,5,2
1175,04381100101,4,38,11,1,1,1,1,6,2
1176,04381100101,4,38,11,1,1,1,1,7,1
1177,04381100101,4,38,11,1,1,1,1,8,2
1178,04381100101,4,38,11,1,1,1,1,9,2
1179,04381100116,4,38,11,1,16,1,11,1,2
1180,04381100116,4,38,11,1,16,1,11,2,2
1181,04381100116,4,38,11,1,16,1,11,3,2
1182,04381100116,4,38,11,1,16,1,11,4,2
1183,04381100116,4,38,11,1,16,1,11,5,2
1184,04381100116,4,38,11,1,16,1,11,6,2
1185,04381100116,4,38,11,1,16,1,11,7,1
1186,04381100116,4,38,11,1,16,1,11,8,1
1187,04381100116,4,38,11,1,16,1,11,9,2
1188,04381100116,4,38,11,1,16,1,111,1,2
1189,04381100116,4,38,11,1,16,1,111,2,2
1190,04381100116,4,38,11,1,16,1,111,3,2
1191,04381100116,4,38,11,1,16,1,111,4,2
1192,04381100116,4,38,11,1,16,1,111,5,2
1193,04381100116,4,38,11,1,16,1,111,6,2
1194,04381100116,4,38,11,1,16,1,111,7,1
1195,04381100116,4,38,11,1,16,1,111,8,2
1196,04381100116,4,38,11,1,16,1,111,9,2
1197,04381100516,4,38,11,5,16,1,16,1,2
1198,04381100516,4,38,11,5,16,1,16,2,1
1199,04381100516,4,38,11,5,16,1,16,3,1
1200,04381100516,4,38,11,5,16,1,16,4,2
1201,04381100516,4,38,11,5,16,1,16,5,2
1202,04381100516,4,38,11,5,16,1,16,6,2
1203,04381100516,4,38,11,5,16,1,16,7,1
1204,04381100516,4,38,11,5,16,1,16,8,1
1205,04381100516,4,38,11,5,16,1,16,9,2
1206,04381100606,4,38,11,6,6,1,6,1,2
1207,04381100606,4,38,11,6,6,1,6,2,2
1208,04381100606,4,38,11,6,6,1,6,3,2
1209,04381100606,4,38,11,6,6,1,6,4,2
1210,04381100606,4,38,11,6,6,1,6,5,2
1211,04381100606,4,38,11,6,6,1,6,6,2
1212,04381100606,4,38,11,6,6,1,6,7,1
1213,04381100606,4,38,11,6,6,1,6,8,2
1214,04381100606,4,38,11,6,6,1,6,9,2
1215,04390300402,4,39,3,4,2,2,1,1,1
1216,04390300402,4,39,3,4,2,2,1,2,2
1217,04390300402,4,39,3,4,2,2,1,3,2
1218,04390300402,4,39,3,4,2,2,1,4,2
1219,04390300402,4,39,3,4,2,2,1,5,2
1220,04390300402,4,39,3,4,2,2,1,6,2
1221,04390300402,4,39,3,4,2,2,1,7,1
1222,04390300402,4,39,3,4,2,2,1,8,1
1223,04390300402,4,39,3,4,2,2,1,9,2
1224,04390300601,4,39,3,6,1,2,1,1,1
1225,04390300601,4,39,3,6,1,2,1,2,2
1226,04390300601,4,39,3,6,1,2,1,3,2
1227,04390300601,4,39,3,6,1,2,1,4,1
1228,04390300601,4,39,3,6,1,2,1,5,2
1229,04390300601,4,39,3,6,1,2,1,6,2
1230,04390300601,4,39,3,6,1,2,1,7,1
1231,04390300601,4,39,3,6,1,2,1,8,2
1232,04390300601,4,39,3,6,1,2,1,9,2
1233,04390302201,4,39,3,22,1,2,1,1,2
1234,04390302201,4,39,3,22,1,2,1,2,2
1235,04390302201,4,39,3,22,1,2,1,3,1
1236,04390302201,4,39,3,22,1,2,1,4,1
1237,04390302201,4,39,3,22,1,2,1,5,2
1238,04390302201,4,39,3,22,1,2,1,6,2
1239,04390302201,4,39,3,22,1,2,1,7,2
1240,04390302201,4,39,3,22,1,2,1,8,1
1241,04390302201,4,39,3,22,1,2,1,9,2
1242,04391000302,4,39,10,3,2,2,1,1,2
1243,04391000302,4,39,10,3,2,2,1,2,2
1244,04391000302,4,39,10,3,2,2,1,3,2
1245,04391000302,4,39,10,3,2,2,1,4,2
1246,04391000302,4,39,10,3,2,2,1,5,2
1247,04391000302,4,39,10,3,2,2,1,6,2
1248,04391000302,4,39,10,3,2,2,1,7,1
1249,04391000302,4,39,10,3,2,2,1,8,1
1250,04391000302,4,39,10,3,2,2,1,9,2
1251,05400100401,5,40,1,4,1,2,6,1,1
1252,05400100401,5,40,1,4,1,2,6,2,1
1253,05400100401,5,40,1,4,1,2,6,3,2
1254,05400100401,5,40,1,4,1,2,6,4,1
1255,05400100401,5,40,1,4,1,2,6,5,1
1256,05400100401,5,40,1,4,1,2,6,6,2
1257,05400100401,5,40,1,4,1,2,6,7,1
1258,05400100401,5,40,1,4,1,2,6,8,1
1259,05400100401,5,40,1,4,1,2,6,9,2
1260,05400101101,5,40,1,11,1,2,8,1,1
1261,05400101101,5,40,1,11,1,2,8,2,1
1262,05400101101,5,40,1,11,1,2,8,3,2
1263,05400101101,5,40,1,11,1,2,8,4,1
1264,05400101101,5,40,1,11,1,2,8,5,1
1265,05400101101,5,40,1,11,1,2,8,6,2
1266,05400101101,5,40,1,11,1,2,8,7,1
1267,05400101101,5,40,1,11,1,2,8,8,1
1268,05400101101,5,40,1,11,1,2,8,9,2
1269,05400101201,5,40,1,12,1,2,7,1,1
1270,05400101201,5,40,1,12,1,2,7,2,1
1271,05400101201,5,40,1,12,1,2,7,3,2
1272,05400101201,5,40,1,12,1,2,7,4,1
1273,05400101201,5,40,1,12,1,2,7,5,1
1274,05400101201,5,40,1,12,1,2,7,6,2
1275,05400101201,5,40,1,12,1,2,7,7,1
1276,05400101201,5,40,1,12,1,2,7,8,1
1277,05400101201,5,40,1,12,1,2,7,9,2
1278,05400300103,5,40,3,1,3,1,3,1,1
1279,05400300103,5,40,3,1,3,1,3,2,1
1280,05400300103,5,40,3,1,3,1,3,3,2
1281,05400300103,5,40,3,1,3,1,3,4,1
1282,05400300103,5,40,3,1,3,1,3,5,1
1283,05400300103,5,40,3,1,3,1,3,6,1
1284,05400300103,5,40,3,1,3,1,3,7,1
1285,05400300103,5,40,3,1,3,1,3,8,1
1286,05400300103,5,40,3,1,3,1,3,9,2
1287,05400301101,5,40,3,11,1,2,1,1,1
1288,05400301101,5,40,3,11,1,2,1,2,2
1289,05400301101,5,40,3,11,1,2,1,3,2
1290,05400301101,5,40,3,11,1,2,1,4,2
1291,05400301101,5,40,3,11,1,2,1,5,2
1292,05400301101,5,40,3,11,1,2,1,6,2
1293,05400301101,5,40,3,11,1,2,1,7,2
1294,05400301101,5,40,3,11,1,2,1,8,2
1295,05400301101,5,40,3,11,1,2,1,9,2
1296,05400401501,5,40,4,15,1,2,2,1,1
1297,05400401501,5,40,4,15,1,2,2,2,2
1298,05400401501,5,40,4,15,1,2,2,3,2
1299,05400401501,5,40,4,15,1,2,2,4,2
1300,05400401501,5,40,4,15,1,2,2,5,2
1301,05400401501,5,40,4,15,1,2,2,6,2
1302,05400401501,5,40,4,15,1,2,2,7,2
1303,05400401501,5,40,4,15,1,2,2,8,1
1304,05400401501,5,40,4,15,1,2,2,9,2
1305,05410415801,5,41,4,158,1,2,1,1,1
1306,05410415801,5,41,4,158,1,2,1,2,2
1307,05410415801,5,41,4,158,1,2,1,3,2
1308,05410415801,5,41,4,158,1,2,1,4,1
1309,05410415801,5,41,4,158,1,2,1,5,2
1310,05410415801,5,41,4,158,1,2,1,6,2
1311,05410415801,5,41,4,158,1,2,1,7,1
1312,05410415801,5,41,4,158,1,2,1,8,1
1313,05410415801,5,41,4,158,1,2,1,9,2
1314,05410603406,5,41,6,34,6,2,4,1,1
1315,05410603406,5,41,6,34,6,2,4,2,1
1316,05410603406,5,41,6,34,6,2,4,3,2
1317,05410603406,5,41,6,34,6,2,4,4,1
1318,05410603406,5,41,6,34,6,2,4,5,1
1319,05410603406,5,41,6,34,6,2,4,6,2
1320,05410603406,5,41,6,34,6,2,4,7,1
1321,05410603406,5,41,6,34,6,2,4,8,1
1322,05410603406,5,41,6,34,6,2,4,9,1
1323,05410700901,5,41,7,9,1,2,2,1,1
1324,05410700901,5,41,7,9,1,2,2,2,1
1325,05410700901,5,41,7,9,1,2,2,3,1
1326,05410700901,5,41,7,9,1,2,2,4,1
1327,05410700901,5,41,7,9,1,2,2,5,1
1328,05410700901,5,41,7,9,1,2,2,6,2
1329,05410700901,5,41,7,9,1,2,2,7,1
1330,05410700901,5,41,7,9,1,2,2,8,1
1331,05410700901,5,41,7,9,1,2,2,9,2
1332,05420299912,5,42,2,999,12,1,5,1,1
1333,05420299912,5,42,2,999,12,1,5,2,1
1334,05420299912,5,42,2,999,12,1,5,3,2
1335,05420299912,5,42,2,999,12,1,5,4,1
1336,05420299912,5,42,2,999,12,1,5,5,1
1337,05420299912,5,42,2,999,12,1,5,6,2
1338,05420299912,5,42,2,999,12,1,5,7,1
1339,05420299912,5,42,2,999,12,1,5,8,1
1340,05420299912,5,42,2,999,12,1,5,9,2
1341,06460301303,6,46,3,13,3,2,13,1,2
1342,06460301303,6,46,3,13,3,2,13,2,2
1343,06460301303,6,46,3,13,3,2,13,3,2
1344,06460301303,6,46,3,13,3,2,13,4,2
1345,06460301303,6,46,3,13,3,2,13,5,2
1346,06460301303,6,46,3,13,3,2,13,6,2
1347,06460301303,6,46,3,13,3,2,13,7,2
1348,06460301303,6,46,3,13,3,2,13,8,2
1349,06460301303,6,46,3,13,3,2,13,9,2
1350,06460500108,6,46,5,1,8,1,5,1,2
1351,06460500108,6,46,5,1,8,1,5,2,2
1352,06460500108,6,46,5,1,8,1,5,3,2
1353,06460500108,6,46,5,1,8,1,5,4,2
1354,06460500108,6,46,5,1,8,1,5,5,2
1355,06460500108,6,46,5,1,8,1,5,6,2
1356,06460500108,6,46,5,1,8,1,5,7,1
1357,06460500108,6,46,5,1,8,1,5,8,1
1358,06460500108,6,46,5,1,8,1,5,9,2
1359,06460701104,6,46,7,11,4,2,12,1,2
1360,06460701104,6,46,7,11,4,2,12,2,2
1361,06460701104,6,46,7,11,4,2,12,3,2
1362,06460701104,6,46,7,11,4,2,12,4,2
1363,06460701104,6,46,7,11,4,2,12,5,2
1364,06460701104,6,46,7,11,4,2,12,6,2
1365,06460701104,6,46,7,11,4,2,12,7,2
1366,06460701104,6,46,7,11,4,2,12,8,2
1367,06460701104,6,46,7,11,4,2,12,9,2
1368,06460701302,6,46,7,13,2,2,11,1,2
1369,06460701302,6,46,7,13,2,2,11,2,2
1370,06460701302,6,46,7,13,2,2,11,3,2
1371,06460701302,6,46,7,13,2,2,11,4,2
1372,06460701302,6,46,7,13,2,2,11,5,2
1373,06460701302,6,46,7,13,2,2,11,6,2
1374,06460701302,6,46,7,13,2,2,11,7,2
1375,06460701302,6,46,7,13,2,2,11,8,2
1376,06460701302,6,46,7,13,2,2,11,9,2
1377,06470300204,6,47,3,2,4,1,2,1,2
1378,06470300204,6,47,3,2,4,1,2,2,2
1379,06470300204,6,47,3,2,4,1,2,3,2
1380,06470300204,6,47,3,2,4,1,2,4,2
1381,06470300204,6,47,3,2,4,1,2,5,2
1382,06470300204,6,47,3,2,4,1,2,6,2
1383,06470300204,6,47,3,2,4,1,2,7,1
1384,06470300204,6,47,3,2,4,1,2,8,2
1385,06470300204,6,47,3,2,4,1,2,9,2
1386,06470300314,6,47,3,3,14,1,3,1,2
1387,06470300314,6,47,3,3,14,1,3,2,2
1388,06470300314,6,47,3,3,14,1,3,3,2
1389,06470300314,6,47,3,3,14,1,3,4,2
1390,06470300314,6,47,3,3,14,1,3,5,2
1391,06470300314,6,47,3,3,14,1,3,6,2
1392,06470300314,6,47,3,3,14,1,3,7,1
1393,06470300314,6,47,3,3,14,1,3,8,2
1394,06470300314,6,47,3,3,14,1,3,9,2
1395,06470301201,6,47,3,12,1,2,1,1,2
1396,06470301201,6,47,3,12,1,2,1,2,2
1397,06470301201,6,47,3,12,1,2,1,3,1
1398,06470301201,6,47,3,12,1,2,1,4,2
1399,06470301201,6,47,3,12,1,2,1,5,1
1400,06470301201,6,47,3,12,1,2,1,6,2
1401,06470301201,6,47,3,12,1,2,1,7,2
1402,06470301201,6,47,3,12,1,2,1,8,2
1403,06470301201,6,47,3,12,1,2,1,9,2
1404,06470305101,6,47,3,51,1,2,1,1,2
1405,06470305101,6,47,3,51,1,2,1,2,1
1406,06470305101,6,47,3,51,1,2,1,3,2
1407,06470305101,6,47,3,51,1,2,1,4,1
1408,06470305101,6,47,3,51,1,2,1,5,2
1409,06470305101,6,47,3,51,1,2,1,6,2
1410,06470305101,6,47,3,51,1,2,1,7,2
1411,06470305101,6,47,3,51,1,2,1,8,1
1412,06470305101,6,47,3,51,1,2,1,9,2
1413,06480200101,6,48,2,1,1,1,1,1,2
1414,06480200101,6,48,2,1,1,1,1,2,2
1415,06480200101,6,48,2,1,1,1,1,3,2
1416,06480200101,6,48,2,1,1,1,1,4,2
1417,06480200101,6,48,2,1,1,1,1,5,2
1418,06480200101,6,48,2,1,1,1,1,6,2
1419,06480200101,6,48,2,1,1,1,1,7,2
1420,06480200101,6,48,2,1,1,1,1,8,2
1421,06480200101,6,48,2,1,1,1,1,9,2
1422,06480201401,6,48,2,14,1,2,1,1,1
1423,06480201401,6,48,2,14,1,2,1,2,2
1424,06480201401,6,48,2,14,1,2,1,3,2
1425,06480201401,6,48,2,14,1,2,1,4,1
1426,06480201401,6,48,2,14,1,2,1,5,2
1427,06480201401,6,48,2,14,1,2,1,6,2
1428,06480201401,6,48,2,14,1,2,1,7,1
1429,06480201401,6,48,2,14,1,2,1,8,1
1430,06480201401,6,48,2,14,1,2,1,9,2
1431,06490800103,6,49,8,1,3,1,4,1,2
1432,06490800103,6,49,8,1,3,1,4,2,2
1433,06490800103,6,49,8,1,3,1,4,3,2
1434,06490800103,6,49,8,1,3,1,4,4,2
1435,06490800103,6,49,8,1,3,1,4,5,2
1436,06490800103,6,49,8,1,3,1,4,6,2
1437,06490800103,6,49,8,1,3,1,4,7,2
1438,06490800103,6,49,8,1,3,1,4,8,2
1439,06490800103,6,49,8,1,3,1,4,9,2
1440,07500600204,7,50,6,2,4,2,2,1,1
1441,07500600204,7,50,6,2,4,2,2,2,1
1442,07500600204,7,50,6,2,4,2,2,3,2
1443,07500600204,7,50,6,2,4,2,2,4,1
1444,07500600204,7,50,6,2,4,2,2,5,1
1445,07500600204,7,50,6,2,4,2,2,6,2
1446,07500600204,7,50,6,2,4,2,2,7,2
1447,07500600204,7,50,6,2,4,2,2,8,2
1448,07500600204,7,50,6,2,4,2,2,9,2
1449,07500601802,7,50,6,18,2,2,1,1,1
1450,07500601802,7,50,6,18,2,2,1,2,1
1451,07500601802,7,50,6,18,2,2,1,3,1
1452,07500601802,7,50,6,18,2,2,1,4,1
1453,07500601802,7,50,6,18,2,2,1,5,1
1454,07500601802,7,50,6,18,2,2,1,6,2
1455,07500601802,7,50,6,18,2,2,1,7,1
1456,07500601802,7,50,6,18,2,2,1,8,1
1457,07500601802,7,50,6,18,2,2,1,9,2
1458,07500901704,7,50,9,17,4,2,3,1,1
1459,07500901704,7,50,9,17,4,2,3,2,1
1460,07500901704,7,50,9,17,4,2,3,3,2
1461,07500901704,7,50,9,17,4,2,3,4,1
1462,07500901704,7,50,9,17,4,2,3,5,1
1463,07500901704,7,50,9,17,4,2,3,6,2
1464,07500901704,7,50,9,17,4,2,3,7,1
1465,07500901704,7,50,9,17,4,2,3,8,1
1466,07500901704,7,50,9,17,4,2,3,9,2
1467,07501400105,7,50,14,1,5,1,1,1,2
1468,07501400105,7,50,14,1,5,1,1,2,2
1469,07501400105,7,50,14,1,5,1,1,3,2
1470,07501400105,7,50,14,1,5,1,1,4,2
1471,07501400105,7,50,14,1,5,1,1,5,2
1472,07501400105,7,50,14,1,5,1,1,6,2
1473,07501400105,7,50,14,1,5,1,1,7,1
1474,07501400105,7,50,14,1,5,1,1,8,2
1475,07501400105,7,50,14,1,5,1,1,9,2
1476,07510100104,7,51,1,1,4,1,1,1,2
1477,07510100104,7,51,1,1,4,1,1,2,2
1478,07510100104,7,51,1,1,4,1,1,3,2
1479,07510100104,7,51,1,1,4,1,1,4,1
1480,07510100104,7,51,1,1,4,1,1,5,2
1481,07510100104,7,51,1,1,4,1,1,6,2
1482,07510100104,7,51,1,1,4,1,1,7,1
1483,07510100104,7,51,1,1,4,1,1,8,2
1484,07510100104,7,51,1,1,4,1,1,9,2
1485,07511000702,7,51,10,7,2,2,4,1,1
1486,07511000702,7,51,10,7,2,2,4,2,1
1487,07511000702,7,51,10,7,2,2,4,3,1
1488,07511000702,7,51,10,7,2,2,4,4,1
1489,07511000702,7,51,10,7,2,2,4,5,1
1490,07511000702,7,51,10,7,2,2,4,6,1
1491,07511000702,7,51,10,7,2,2,4,7,1
1492,07511000702,7,51,10,7,2,2,4,8,1
1493,07511000702,7,51,10,7,2,2,4,9,2
1494,07511100128,7,51,11,1,28,1,1,1,2
1495,07511100128,7,51,11,1,28,1,1,2,1
1496,07511100128,7,51,11,1,28,1,1,3,2
1497,07511100128,7,51,11,1,28,1,1,4,1
1498,07511100128,7,51,11,1,28,1,1,5,2
1499,07511100128,7,51,11,1,28,1,1,6,2
1500,07511100128,7,51,11,1,28,1,1,7,1
1501,07511100128,7,51,11,1,28,1,1,8,2
1502,07511100128,7,51,11,1,28,1,1,9,2
1503,07511100224,7,51,11,2,24,1,1,1,2
1504,07511100224,7,51,11,2,24,1,1,2,1
1505,07511100224,7,51,11,2,24,1,1,3,2
1506,07511100224,7,51,11,2,24,1,1,4,2
1507,07511100224,7,51,11,2,24,1,1,5,2
1508,07511100224,7,51,11,2,24,1,1,6,2
1509,07511100224,7,51,11,2,24,1,1,7,1
1510,07511100224,7,51,11,2,24,1,1,8,2
1511,07511100224,7,51,11,2,24,1,1,9,2
1512,07520100101,7,52,1,1,1,1,1,1,2
1513,07520100101,7,52,1,1,1,1,1,2,2
1514,07520100101,7,52,1,1,1,1,1,3,2
1515,07520100101,7,52,1,1,1,1,1,4,2
1516,07520100101,7,52,1,1,1,1,1,5,2
1517,07520100101,7,52,1,1,1,1,1,6,2
1518,07520100101,7,52,1,1,1,1,1,7,1
1519,07520100101,7,52,1,1,1,1,1,8,2
1520,07520100101,7,52,1,1,1,1,1,9,2
1521,07520301304,7,52,3,13,4,2,18,1,1
1522,07520301304,7,52,3,13,4,2,18,2,1
1523,07520301304,7,52,3,13,4,2,18,3,2
1524,07520301304,7,52,3,13,4,2,18,4,1
1525,07520301304,7,52,3,13,4,2,18,5,2
1526,07520301304,7,52,3,13,4,2,18,6,2
1527,07520301304,7,52,3,13,4,2,18,7,2
1528,07520301304,7,52,3,13,4,2,18,8,1
1529,07520301304,7,52,3,13,4,2,18,9,2
1530,07520500901,7,52,5,9,1,2,17,1,1
1531,07520500901,7,52,5,9,1,2,17,2,2
1532,07520500901,7,52,5,9,1,2,17,3,2
1533,07520500901,7,52,5,9,1,2,17,4,1
1534,07520500901,7,52,5,9,1,2,17,5,2
1535,07520500901,7,52,5,9,1,2,17,6,2
1536,07520500901,7,52,5,9,1,2,17,7,2
1537,07520500901,7,52,5,9,1,2,17,8,1
1538,07520500901,7,52,5,9,1,2,17,9,2
1539,07520701406,7,52,7,14,6,2,19,1,1
1540,07520701406,7,52,7,14,6,2,19,2,2
1541,07520701406,7,52,7,14,6,2,19,3,2
1542,07520701406,7,52,7,14,6,2,19,4,1
1543,07520701406,7,52,7,14,6,2,19,5,2
1544,07520701406,7,52,7,14,6,2,19,6,2
1545,07520701406,7,52,7,14,6,2,19,7,1
1546,07520701406,7,52,7,14,6,2,19,8,1
1547,07520701406,7,52,7,14,6,2,19,9,2
1548,07530300603,7,53,3,6,3,2,1,1,2
1549,07530300603,7,53,3,6,3,2,1,2,1
1550,07530300603,7,53,3,6,3,2,1,3,1
1551,07530300603,7,53,3,6,3,2,1,4,2
1552,07530300603,7,53,3,6,3,2,1,5,2
1553,07530300603,7,53,3,6,3,2,1,6,2
1554,07530300603,7,53,3,6,3,2,1,7,2
1555,07530300603,7,53,3,6,3,2,1,8,2
1556,07530300603,7,53,3,6,3,2,1,9,2
1557,07530302901,7,53,3,29,1,2,2,1,1
1558,07530302901,7,53,3,29,1,2,2,2,2
1559,07530302901,7,53,3,29,1,2,2,3,2
1560,07530302901,7,53,3,29,1,2,2,4,1
1561,07530302901,7,53,3,29,1,2,2,5,2
1562,07530302901,7,53,3,29,1,2,2,6,2
1563,07530302901,7,53,3,29,1,2,2,7,1
1564,07530302901,7,53,3,29,1,2,2,8,1
1565,07530302901,7,53,3,29,1,2,2,9,2
1566,07530400605,7,53,4,6,5,1,1,1,2
1567,07530400605,7,53,4,6,5,1,1,2,2
1568,07530400605,7,53,4,6,5,1,1,3,2
1569,07530400605,7,53,4,6,5,1,1,4,2
1570,07530400605,7,53,4,6,5,1,1,5,2
1571,07530400605,7,53,4,6,5,1,1,6,2
1572,07530400605,7,53,4,6,5,1,1,7,1
1573,07530400605,7,53,4,6,5,1,1,8,1
1574,07530400605,7,53,4,6,5,1,1,9,2
1575,07540401003,7,54,4,10,3,2,4,1,2
1576,07540401003,7,54,4,10,3,2,4,2,2
1577,07540401003,7,54,4,10,3,2,4,3,2
1578,07540401003,7,54,4,10,3,2,4,4,2
1579,07540401003,7,54,4,10,3,2,4,5,2
1580,07540401003,7,54,4,10,3,2,4,6,2
1581,07540401003,7,54,4,10,3,2,4,7,2
1582,07540401003,7,54,4,10,3,2,4,8,2
1583,07540401003,7,54,4,10,3,2,4,9,2
1584,07540401303,7,54,4,13,3,2,3,1,2
1585,07540401303,7,54,4,13,3,2,3,2,2
1586,07540401303,7,54,4,13,3,2,3,3,2
1587,07540401303,7,54,4,13,3,2,3,4,2
1588,07540401303,7,54,4,13,3,2,3,5,2
1589,07540401303,7,54,4,13,3,2,3,6,2
1590,07540401303,7,54,4,13,3,2,3,7,2
1591,07540401303,7,54,4,13,3,2,3,8,1
1592,07540401303,7,54,4,13,3,2,3,9,2
1593,07540700103,7,54,7,1,3,1,1,1,1
1594,07540700103,7,54,7,1,3,1,1,2,2
1595,07540700103,7,54,7,1,3,1,1,3,2
1596,07540700103,7,54,7,1,3,1,1,4,1
1597,07540700103,7,54,7,1,3,1,1,5,2
1598,07540700103,7,54,7,1,3,1,1,6,1
1599,07540700103,7,54,7,1,3,1,1,7,1
1600,07540700103,7,54,7,1,3,1,1,8,1
1601,07540700103,7,54,7,1,3,1,1,9,1
1602,07540700202,7,54,7,2,2,1,1,1,2
1603,07540700202,7,54,7,2,2,1,1,2,2
1604,07540700202,7,54,7,2,2,1,1,3,2
1605,07540700202,7,54,7,2,2,1,1,4,2
1606,07540700202,7,54,7,2,2,1,1,5,2
1607,07540700202,7,54,7,2,2,1,1,6,1
1608,07540700202,7,54,7,2,2,1,1,7,1
1609,07540700202,7,54,7,2,2,1,1,8,2
1610,07540700202,7,54,7,2,2,1,1,9,1
1611,07540700315,7,54,7,3,15,1,3,1,1
1612,07540700315,7,54,7,3,15,1,3,2,2
1613,07540700315,7,54,7,3,15,1,3,3,2
1614,07540700315,7,54,7,3,15,1,3,4,2
1615,07540700315,7,54,7,3,15,1,3,5,2
1616,07540700315,7,54,7,3,15,1,3,6,2
1617,07540700315,7,54,7,3,15,1,3,7,2
1618,07540700315,7,54,7,3,15,1,3,8,2
1619,07540700315,7,54,7,3,15,1,3,9,2
1620,07550200101,7,55,2,1,1,2,16,1,1
1621,07550200101,7,55,2,1,1,2,16,2,1
1622,07550200101,7,55,2,1,1,2,16,3,1
1623,07550200101,7,55,2,1,1,2,16,4,1
1624,07550200101,7,55,2,1,1,2,16,5,1
1625,07550200101,7,55,2,1,1,2,16,6,2
1626,07550200101,7,55,2,1,1,2,16,7,1
1627,07550200101,7,55,2,1,1,2,16,8,1
1628,07550200101,7,55,2,1,1,2,16,9,2
1629,07550200109,7,55,2,1,9,1,1,1,2
1630,07550200109,7,55,2,1,9,1,1,2,2
1631,07550200109,7,55,2,1,9,1,1,3,2
1632,07550200109,7,55,2,1,9,1,1,4,2
1633,07550200109,7,55,2,1,9,1,1,5,2
1634,07550200109,7,55,2,1,9,1,1,6,2
1635,07550200109,7,55,2,1,9,1,1,7,2
1636,07550200109,7,55,2,1,9,1,1,8,2
1637,07550200109,7,55,2,1,9,1,1,9,2
1638,07551300102,7,55,13,1,2,1,1,1,2
1639,07551300102,7,55,13,1,2,1,1,2,2
1640,07551300102,7,55,13,1,2,1,1,3,2
1641,07551300102,7,55,13,1,2,1,1,4,2
1642,07551300102,7,55,13,1,2,1,1,5,2
1643,07551300102,7,55,13,1,2,1,1,6,2
1644,07551300102,7,55,13,1,2,1,1,7,2
1645,07551300102,7,55,13,1,2,1,1,8,2
1646,07551300102,7,55,13,1,2,1,1,9,2
1647,07551300206,7,55,13,2,6,1,1,1,2
1648,07551300206,7,55,13,2,6,1,1,2,2
1649,07551300206,7,55,13,2,6,1,1,3,2
1650,07551300206,7,55,13,2,6,1,1,4,2
1651,07551300206,7,55,13,2,6,1,1,5,2
1652,07551300206,7,55,13,2,6,1,1,6,2
1653,07551300206,7,55,13,2,6,1,1,7,2
1654,07551300206,7,55,13,2,6,1,1,8,2
1655,07551300206,7,55,13,2,6,1,1,9,2
1656,07551300314,7,55,13,3,14,1,1,1,2
1657,07551300314,7,55,13,3,14,1,1,2,2
1658,07551300314,7,55,13,3,14,1,1,3,2
1659,07551300314,7,55,13,3,14,1,1,4,2
1660,07551300314,7,55,13,3,14,1,1,5,2
1661,07551300314,7,55,13,3,14,1,1,6,2
1662,07551300314,7,55,13,3,14,1,1,7,2
1663,07551300314,7,55,13,3,14,1,1,8,2
1664,07551300314,7,55,13,3,14,1,1,9,2
1665,07560201903,7,56,2,19,3,2,9,1,1
1666,07560201903,7,56,2,19,3,2,9,2,1
1667,07560201903,7,56,2,19,3,2,9,3,2
1668,07560201903,7,56,2,19,3,2,9,4,1
1669,07560201903,7,56,2,19,3,2,9,5,2
1670,07560201903,7,56,2,19,3,2,9,6,2
1671,07560201903,7,56,2,19,3,2,9,7,1
1672,07560201903,7,56,2,19,3,2,9,8,2
1673,07560201903,7,56,2,19,3,2,9,9,2
1674,07560202402,7,56,2,24,2,2,8,1,1
1675,07560202402,7,56,2,24,2,2,8,2,2
1676,07560202402,7,56,2,24,2,2,8,3,2
1677,07560202402,7,56,2,24,2,2,8,4,1
1678,07560202402,7,56,2,24,2,2,8,5,2
1679,07560202402,7,56,2,24,2,2,8,6,2
1680,07560202402,7,56,2,24,2,2,8,7,1
1681,07560202402,7,56,2,24,2,2,8,8,1
1682,07560202402,7,56,2,24,2,2,8,9,2
1683,07570900601,7,57,9,6,1,2,1,1,1
1684,07570900601,7,57,9,6,1,2,1,2,2
1685,07570900601,7,57,9,6,1,2,1,3,2
1686,07570900601,7,57,9,6,1,2,1,4,1
1687,07570900601,7,57,9,6,1,2,1,5,1
1688,07570900601,7,57,9,6,1,2,1,6,2
1689,07570900601,7,57,9,6,1,2,1,7,1
1690,07570900601,7,57,9,6,1,2,1,8,1
1691,07570900601,7,57,9,6,1,2,1,9,2
1692,07570901802,7,57,9,18,2,2,1,1,1
1693,07570901802,7,57,9,18,2,2,1,2,2
1694,07570901802,7,57,9,18,2,2,1,3,1
1695,07570901802,7,57,9,18,2,2,1,4,2
1696,07570901802,7,57,9,18,2,2,1,5,2
1697,07570901802,7,57,9,18,2,2,1,6,1
1698,07570901802,7,57,9,18,2,2,1,7,1
1699,07570901802,7,57,9,18,2,2,1,8,2
1700,07570901802,7,57,9,18,2,2,1,9,2
1701,07580600101,7,58,6,1,1,2,12,1,1
1702,07580600101,7,58,6,1,1,2,12,2,1
1703,07580600101,7,58,6,1,1,2,12,3,2
1704,07580600101,7,58,6,1,1,2,12,4,1
1705,07580600101,7,58,6,1,1,2,12,5,1
1706,07580600101,7,58,6,1,1,2,12,6,2
1707,07580600101,7,58,6,1,1,2,12,7,1
1708,07580600101,7,58,6,1,1,2,12,8,2
1709,07580600101,7,58,6,1,1,2,12,9,2
1710,07580601309,7,58,6,13,9,2,13,1,2
1711,07580601309,7,58,6,13,9,2,13,2,2
1712,07580601309,7,58,6,13,9,2,13,3,2
1713,07580601309,7,58,6,13,9,2,13,4,2
1714,07580601309,7,58,6,13,9,2,13,5,2
1715,07580601309,7,58,6,13,9,2,13,6,2
1716,07580601309,7,58,6,13,9,2,13,7,2
1717,07580601309,7,58,6,13,9,2,13,8,1
1718,07580601309,7,58,6,13,9,2,13,9,2
1719,07590401603,7,59,4,16,3,2,1,1,1
1720,07590401603,7,59,4,16,3,2,1,2,2
1721,07590401603,7,59,4,16,3,2,1,3,2
1722,07590401603,7,59,4,16,3,2,1,4,1
1723,07590401603,7,59,4,16,3,2,1,5,2
1724,07590401603,7,59,4,16,3,2,1,6,2
1725,07590401603,7,59,4,16,3,2,1,7,1
1726,07590401603,7,59,4,16,3,2,1,8,1
1727,07590401603,7,59,4,16,3,2,1,9,2
1728,07590800501,7,59,8,5,1,2,1,1,1
1729,07590800501,7,59,8,5,1,2,1,2,2
1730,07590800501,7,59,8,5,1,2,1,3,1
1731,07590800501,7,59,8,5,1,2,1,4,2
1732,07590800501,7,59,8,5,1,2,1,5,2
1733,07590800501,7,59,8,5,1,2,1,6,1
1734,07590800501,7,59,8,5,1,2,1,7,2
1735,07590800501,7,59,8,5,1,2,1,8,1
1736,07590800501,7,59,8,5,1,2,1,9,2
1737,07610101505,7,61,1,15,5,2,11,1,2
1738,07610101505,7,61,1,15,5,2,11,2,2
1739,07610101505,7,61,1,15,5,2,11,3,2
1740,07610101505,7,61,1,15,5,2,11,4,2
1741,07610101505,7,61,1,15,5,2,11,5,2
1742,07610101505,7,61,1,15,5,2,11,6,2
1743,07610101505,7,61,1,15,5,2,11,7,1
1744,07610101505,7,61,1,15,5,2,11,8,1
1745,07610101505,7,61,1,15,5,2,11,9,2
1746,07610101604,7,61,1,16,4,2,10,1,1
1747,07610101604,7,61,1,16,4,2,10,2,1
1748,07610101604,7,61,1,16,4,2,10,3,1
1749,07610101604,7,61,1,16,4,2,10,4,1
1750,07610101604,7,61,1,16,4,2,10,5,1
1751,07610101604,7,61,1,16,4,2,10,6,2
1752,07610101604,7,61,1,16,4,2,10,7,1
1753,07610101604,7,61,1,16,4,2,10,8,1
1754,07610101604,7,61,1,16,4,2,10,9,1
1755,07630101203,7,63,1,12,3,2,14,1,1
1756,07630101203,7,63,1,12,3,2,14,2,1
1757,07630101203,7,63,1,12,3,2,14,3,1
1758,07630101203,7,63,1,12,3,2,14,4,1
1759,07630101203,7,63,1,12,3,2,14,5,2
1760,07630101203,7,63,1,12,3,2,14,6,2
1761,07630101203,7,63,1,12,3,2,14,7,1
1762,07630101203,7,63,1,12,3,2,14,8,1
1763,07630101203,7,63,1,12,3,2,14,9,1
1764,07630102501,7,63,1,25,1,2,15,1,1
1765,07630102501,7,63,1,25,1,2,15,2,1
1766,07630102501,7,63,1,25,1,2,15,3,1
1767,07630102501,7,63,1,25,1,2,15,4,1
1768,07630102501,7,63,1,25,1,2,15,5,1
1769,07630102501,7,63,1,25,1,2,15,6,2
1770,07630102501,7,63,1,25,1,2,15,7,1
1771,07630102501,7,63,1,25,1,2,15,8,2
1772,07630102501,7,63,1,25,1,2,15,9,1
1773,07640101801,7,64,1,18,1,2,22,1,1
1774,07640101801,7,64,1,18,1,2,22,2,1
1775,07640101801,7,64,1,18,1,2,22,3,1
1776,07640101801,7,64,1,18,1,2,22,4,1
1777,07640101801,7,64,1,18,1,2,22,5,1
1778,07640101801,7,64,1,18,1,2,22,6,2
1779,07640101801,7,64,1,18,1,2,22,7,1
1780,07640101801,7,64,1,18,1,2,22,8,1
1781,07640101801,7,64,1,18,1,2,22,9,2
1782,07640300502,7,64,3,5,2,2,23,1,1
1783,07640300502,7,64,3,5,2,2,23,2,1
1784,07640300502,7,64,3,5,2,2,23,3,1
1785,07640300502,7,64,3,5,2,2,23,4,1
1786,07640300502,7,64,3,5,2,2,23,5,1
1787,07640300502,7,64,3,5,2,2,23,6,2
1788,07640300502,7,64,3,5,2,2,23,7,1
1789,07640300502,7,64,3,5,2,2,23,8,1
1790,07640300502,7,64,3,5,2,2,23,9,1
1791,07650101206,7,65,1,12,6,2,21,1,1
1792,07650101206,7,65,1,12,6,2,21,2,1
1793,07650101206,7,65,1,12,6,2,21,3,1
1794,07650101206,7,65,1,12,6,2,21,4,1
1795,07650101206,7,65,1,12,6,2,21,5,1
1796,07650101206,7,65,1,12,6,2,21,6,2
1797,07650101206,7,65,1,12,6,2,21,7,2
1798,07650101206,7,65,1,12,6,2,21,8,1
1799,07650101206,7,65,1,12,6,2,21,9,2
1800,07650105703,7,65,1,57,3,2,20,1,1
1801,07650105703,7,65,1,57,3,2,20,2,1
1802,07650105703,7,65,1,57,3,2,20,3,1
1803,07650105703,7,65,1,57,3,2,20,4,1
1804,07650105703,7,65,1,57,3,2,20,5,1
1805,07650105703,7,65,1,57,3,2,20,6,2
1806,07650105703,7,65,1,57,3,2,20,7,1
1807,07650105703,7,65,1,57,3,2,20,8,1
1808,07650105703,7,65,1,57,3,2,20,9,1
1809,07661900106,7,66,19,1,6,1,1,1,1
1810,07661900106,7,66,19,1,6,1,1,2,1
1811,07661900106,7,66,19,1,6,1,1,3,2
1812,07661900106,7,66,19,1,6,1,1,4,2
1813,07661900106,7,66,19,1,6,1,1,5,2
1814,07661900106,7,66,19,1,6,1,1,6,2
1815,07661900106,7,66,19,1,6,1,1,7,1
1816,07661900106,7,66,19,1,6,1,1,8,2
1817,07661900106,7,66,19,1,6,1,1,9,2
1818,07661900421,7,66,19,4,21,1,1,1,2
1819,07661900421,7,66,19,4,21,1,1,2,2
1820,07661900421,7,66,19,4,21,1,1,3,1
1821,07661900421,7,66,19,4,21,1,1,4,2
1822,07661900421,7,66,19,4,21,1,1,5,2
1823,07661900421,7,66,19,4,21,1,1,6,2
1824,07661900421,7,66,19,4,21,1,1,7,2
1825,07661900421,7,66,19,4,21,1,1,8,2
1826,07661900421,7,66,19,4,21,1,1,9,2
1827,12670500701,12,67,5,7,1,2,1,1,1
1828,12670500701,12,67,5,7,1,2,1,2,1
1829,12670500701,12,67,5,7,1,2,1,3,2
1830,12670500701,12,67,5,7,1,2,1,4,1
1831,12670500701,12,67,5,7,1,2,1,5,1
1832,12670500701,12,67,5,7,1,2,1,6,2
1833,12670500701,12,67,5,7,1,2,1,7,1
1834,12670500701,12,67,5,7,1,2,1,8,2
1835,12670500701,12,67,5,7,1,2,1,9,2
1836,12690101901,12,69,1,19,1,2,1,1,1
1837,12690101901,12,69,1,19,1,2,1,2,2
1838,12690101901,12,69,1,19,1,2,1,3,2
1839,12690101901,12,69,1,19,1,2,1,4,1
1840,12690101901,12,69,1,19,1,2,1,5,2
1841,12690101901,12,69,1,19,1,2,1,6,1
1842,12690101901,12,69,1,19,1,2,1,7,1
1843,12690101901,12,69,1,19,1,2,1,8,2
1844,12690101901,12,69,1,19,1,2,1,9,2
1845,13700100901,13,70,1,9,1,1,2,1,1
1846,13700100901,13,70,1,9,1,1,2,2,1
1847,13700100901,13,70,1,9,1,1,2,3,2
1848,13700100901,13,70,1,9,1,1,2,4,1
1849,13700100901,13,70,1,9,1,1,2,5,1
1850,13700100901,13,70,1,9,1,1,2,6,1
1851,13700100901,13,70,1,9,1,1,2,7,1
1852,13700100901,13,70,1,9,1,1,2,8,1
1853,13700100901,13,70,1,9,1,1,2,9,2
1854,13700101407,13,70,1,14,7,1,9,1,1
1855,13700101407,13,70,1,14,7,1,9,2,2
1856,13700101407,13,70,1,14,7,1,9,3,2
1857,13700101407,13,70,1,14,7,1,9,4,2
1858,13700101407,13,70,1,14,7,1,9,5,1
1859,13700101407,13,70,1,14,7,1,9,6,1
1860,13700101407,13,70,1,14,7,1,9,7,1
1861,13700101407,13,70,1,14,7,1,9,8,2
1862,13700101407,13,70,1,14,7,1,9,9,2
1863,13700101901,13,70,1,19,1,1,4,1,2
1864,13700101901,13,70,1,19,1,1,4,2,2
1865,13700101901,13,70,1,19,1,1,4,3,2
1866,13700101901,13,70,1,19,1,1,4,4,1
1867,13700101901,13,70,1,19,1,1,4,5,2
1868,13700101901,13,70,1,19,1,1,4,6,2
1869,13700101901,13,70,1,19,1,1,4,7,1
1870,13700101901,13,70,1,19,1,1,4,8,1
1871,13700101901,13,70,1,19,1,1,4,9,2
1872,14720100113,14,72,1,1,13,1,2,1,2
1873,14720100113,14,72,1,1,13,1,2,2,2
1874,14720100113,14,72,1,1,13,1,2,3,2
1875,14720100113,14,72,1,1,13,1,2,4,2
1876,14720100113,14,72,1,1,13,1,2,5,2
1877,14720100113,14,72,1,1,13,1,2,6,2
1878,14720100113,14,72,1,1,13,1,2,7,1
1879,14720100113,14,72,1,1,13,1,2,8,1
1880,14720100113,14,72,1,1,13,1,2,9,2
1881,14720100211,14,72,1,2,11,1,4,1,2
1882,14720100211,14,72,1,2,11,1,4,2,2
1883,14720100211,14,72,1,2,11,1,4,3,2
1884,14720100211,14,72,1,2,11,1,4,4,2
1885,14720100211,14,72,1,2,11,1,4,5,2
1886,14720100211,14,72,1,2,11,1,4,6,2
1887,14720100211,14,72,1,2,11,1,4,7,1
1888,14720100211,14,72,1,2,11,1,4,8,1
1889,14720100211,14,72,1,2,11,1,4,9,2
1890,14720100326,14,72,1,3,26,1,3,1,2
1891,14720100326,14,72,1,3,26,1,3,2,2
1892,14720100326,14,72,1,3,26,1,3,3,2
1893,14720100326,14,72,1,3,26,1,3,4,2
1894,14720100326,14,72,1,3,26,1,3,5,1
1895,14720100326,14,72,1,3,26,1,3,6,2
1896,14720100326,14,72,1,3,26,1,3,7,1
1897,14720100326,14,72,1,3,26,1,3,8,1
1898,14720100326,14,72,1,3,26,1,3,9,2
1899,14720100702,14,72,1,7,2,1,1,1,2
1900,14720100702,14,72,1,7,2,1,1,2,2
1901,14720100702,14,72,1,7,2,1,1,3,2
1902,14720100702,14,72,1,7,2,1,1,4,2
1903,14720100702,14,72,1,7,2,1,1,5,2
1904,14720100702,14,72,1,7,2,1,1,6,2
1905,14720100702,14,72,1,7,2,1,1,7,1
1906,14720100702,14,72,1,7,2,1,1,8,2
1907,14720100702,14,72,1,7,2,1,1,9,2
1908,14750400317,14,75,4,3,17,1,4,1,2
1909,14750400317,14,75,4,3,17,1,4,2,2
1910,14750400317,14,75,4,3,17,1,4,3,2
1911,14750400317,14,75,4,3,17,1,4,4,2
1912,14750400317,14,75,4,3,17,1,4,5,2
1913,14750400317,14,75,4,3,17,1,4,6,2
1914,14750400317,14,75,4,3,17,1,4,7,2
1915,14750400317,14,75,4,3,17,1,4,8,2
1916,14750400317,14,75,4,3,17,1,4,9,2
1917,14750400612,14,75,4,6,12,1,5,1,2
1918,14750400612,14,75,4,6,12,1,5,2,2
1919,14750400612,14,75,4,6,12,1,5,3,2
1920,14750400612,14,75,4,6,12,1,5,4,2
1921,14750400612,14,75,4,6,12,1,5,5,2
1922,14750400612,14,75,4,6,12,1,5,6,2
1923,14750400612,14,75,4,6,12,1,5,7,2
1924,14750400612,14,75,4,6,12,1,5,8,2
1925,14750400612,14,75,4,6,12,1,5,9,2
1926,14750401001,14,75,4,10,1,1,7,1,2
1927,14750401001,14,75,4,10,1,1,7,2,2
1928,14750401001,14,75,4,10,1,1,7,3,2
1929,14750401001,14,75,4,10,1,1,7,4,2
1930,14750401001,14,75,4,10,1,1,7,5,2
1931,14750401001,14,75,4,10,1,1,7,6,2
1932,14750401001,14,75,4,10,1,1,7,7,2
1933,14750401001,14,75,4,10,1,1,7,8,2
1934,14750401001,14,75,4,10,1,1,7,9,2
1935,14760500507,14,76,5,5,7,1,9,1,2
1936,14760500507,14,76,5,5,7,1,9,2,2
1937,14760500507,14,76,5,5,7,1,9,3,2
1938,14760500507,14,76,5,5,7,1,9,4,2
1939,14760500507,14,76,5,5,7,1,9,5,2
1940,14760500507,14,76,5,5,7,1,9,6,1
1941,14760500507,14,76,5,5,7,1,9,7,1
1942,14760500507,14,76,5,5,7,1,9,8,2
1943,14760500507,14,76,5,5,7,1,9,9,2
1944,14760500517,14,76,5,5,17,1,8,1,2
1945,14760500517,14,76,5,5,17,1,8,2,2
1946,14760500517,14,76,5,5,17,1,8,3,2
1947,14760500517,14,76,5,5,17,1,8,4,2
1948,14760500517,14,76,5,5,17,1,8,5,2
1949,14760500517,14,76,5,5,17,1,8,6,1
1950,14760500517,14,76,5,5,17,1,8,7,1
1951,14760500517,14,76,5,5,17,1,8,8,2
1952,14760500517,14,76,5,5,17,1,8,9,2
1953,14760500527,14,76,5,5,27,1,7,1,2
1954,14760500527,14,76,5,5,27,1,7,2,2
1955,14760500527,14,76,5,5,27,1,7,3,2
1956,14760500527,14,76,5,5,27,1,7,4,2
1957,14760500527,14,76,5,5,27,1,7,5,2
1958,14760500527,14,76,5,5,27,1,7,6,1
1959,14760500527,14,76,5,5,27,1,7,7,1
1960,14760500527,14,76,5,5,27,1,7,8,2
1961,14760500527,14,76,5,5,27,1,7,9,2
1962,14760500532,14,76,5,5,32,1,10,1,2
1963,14760500532,14,76,5,5,32,1,10,2,2
1964,14760500532,14,76,5,5,32,1,10,3,2
1965,14760500532,14,76,5,5,32,1,10,4,2
1966,14760500532,14,76,5,5,32,1,10,5,2
1967,14760500532,14,76,5,5,32,1,10,6,1
1968,14760500532,14,76,5,5,32,1,10,7,1
1969,14760500532,14,76,5,5,32,1,10,8,2
1970,14760500532,14,76,5,5,32,1,10,9,2
1971,14760500802,14,76,5,8,2,1,11,1,2
1972,14760500802,14,76,5,8,2,1,11,2,2
1973,14760500802,14,76,5,8,2,1,11,3,2
1974,14760500802,14,76,5,8,2,1,11,4,2
1975,14760500802,14,76,5,8,2,1,11,5,2
1976,14760500802,14,76,5,8,2,1,11,6,1
1977,14760500802,14,76,5,8,2,1,11,7,1
1978,14760500802,14,76,5,8,2,1,11,8,2
1979,14760500802,14,76,5,8,2,1,11,9,2
1980,14760500811,14,76,5,8,11,1,12,1,2
1981,14760500811,14,76,5,8,11,1,12,2,2
1982,14760500811,14,76,5,8,11,1,12,3,2
1983,14760500811,14,76,5,8,11,1,12,4,2
1984,14760500811,14,76,5,8,11,1,12,5,2
1985,14760500811,14,76,5,8,11,1,12,6,1
1986,14760500811,14,76,5,8,11,1,12,7,1
1987,14760500811,14,76,5,8,11,1,12,8,2
1988,14760500811,14,76,5,8,11,1,12,9,2
1989,15710100415,15,71,1,4,15,1,9,1,2
1990,15710100415,15,71,1,4,15,1,9,2,1
1991,15710100415,15,71,1,4,15,1,9,3,2
1992,15710100415,15,71,1,4,15,1,9,4,2
1993,15710100415,15,71,1,4,15,1,9,5,2
1994,15710100415,15,71,1,4,15,1,9,6,2
1995,15710100415,15,71,1,4,15,1,9,7,1
1996,15710100415,15,71,1,4,15,1,9,8,1
1997,15710100415,15,71,1,4,15,1,9,9,2
1998,15710100605,15,71,1,6,5,1,10,1,2
1999,15710100605,15,71,1,6,5,1,10,2,2
2000,15710100605,15,71,1,6,5,1,10,3,2
2001,15710100605,15,71,1,6,5,1,10,4,1
2002,15710100605,15,71,1,6,5,1,10,5,2
2003,15710100605,15,71,1,6,5,1,10,6,1
2004,15710100605,15,71,1,6,5,1,10,7,1
2005,15710100605,15,71,1,6,5,1,10,8,1
2006,15710100605,15,71,1,6,5,1,10,9,2
2007,15710100810,15,71,1,8,10,1,11,1,2
2008,15710100810,15,71,1,8,10,1,11,2,1
2009,15710100810,15,71,1,8,10,1,11,3,2
2010,15710100810,15,71,1,8,10,1,11,4,1
2011,15710100810,15,71,1,8,10,1,11,5,2
2012,15710100810,15,71,1,8,10,1,11,6,1
2013,15710100810,15,71,1,8,10,1,11,7,1
2014,15710100810,15,71,1,8,10,1,11,8,1
2015,15710100810,15,71,1,8,10,1,11,9,2
2016,15710101201,15,71,1,12,1,2,3,1,1
2017,15710101201,15,71,1,12,1,2,3,2,2
2018,15710101201,15,71,1,12,1,2,3,3,2
2019,15710101201,15,71,1,12,1,2,3,4,2
2020,15710101201,15,71,1,12,1,2,3,5,1
2021,15710101201,15,71,1,12,1,2,3,6,2
2022,15710101201,15,71,1,12,1,2,3,7,2
2023,15710101201,15,71,1,12,1,2,3,8,1
2024,15710101201,15,71,1,12,1,2,3,9,2
