,CommunityID,HI_1,HI_2,HI_3,HI_4,HI_5,HI_6,A8,Item,KW_a,KW_b,KW_73,KW_74,KW_75
0,01010200116,1,1,2,1,16,1,1,1,1,6.0,,,1.0
1,01010200116,1,1,2,1,16,1,1,2,2,,1.0,1.0,
2,01010200116,1,1,2,1,16,1,1,3,2,,1.0,2.0,
3,01010200116,1,1,2,1,16,1,1,4,2,,2.0,2.0,
4,01010200116,1,1,2,1,16,1,1,5,2,,2.0,2.0,
5,01010200116,1,1,2,1,16,1,1,6,2,,2.0,2.0,
6,01010200116,1,1,2,1,16,1,1,7,2,,2.0,2.0,
7,01010200116,1,1,2,1,16,1,1,8,2,,2.0,2.0,
8,01010200116,1,1,2,1,16,1,1,9,2,,2.0,2.0,
9,01010200116,1,1,2,1,16,1,1,10,2,,2.0,2.0,
10,01010301101,1,1,3,11,1,2,1,1,2,,1.0,1.0,
11,01010301101,1,1,3,11,1,2,1,2,2,,2.0,2.0,
12,01010301101,1,1,3,11,1,2,1,3,2,,2.0,2.0,
13,01010301101,1,1,3,11,1,2,1,4,2,,2.0,2.0,
14,01010301101,1,1,3,11,1,2,1,5,2,,2.0,2.0,
15,01010301101,1,1,3,11,1,2,1,6,2,,2.0,2.0,
16,01010301101,1,1,3,11,1,2,1,7,2,,2.0,2.0,
17,01010301101,1,1,3,11,1,2,1,8,2,,2.0,2.0,
18,01010301101,1,1,3,11,1,2,1,9,2,,2.0,2.0,
19,01010301101,1,1,3,11,1,2,1,10,2,,2.0,2.0,
20,01010400404,1,1,4,4,4,2,1,1,2,,2.0,2.0,
21,01010400404,1,1,4,4,4,2,1,2,2,,2.0,2.0,
22,01010400404,1,1,4,4,4,2,1,3,2,,2.0,2.0,
23,01010400404,1,1,4,4,4,2,1,4,2,,2.0,2.0,
24,01010400404,1,1,4,4,4,2,1,5,2,,2.0,2.0,
25,01010400404,1,1,4,4,4,2,1,6,2,,2.0,2.0,
26,01010400404,1,1,4,4,4,2,1,7,2,,2.0,2.0,
27,01010400404,1,1,4,4,4,2,1,8,2,,2.0,2.0,
28,01010400404,1,1,4,4,4,2,1,9,2,,2.0,2.0,
29,01010400404,1,1,4,4,4,2,1,10,2,,2.0,2.0,
30,01010400804,1,1,4,8,4,2,1,1,2,,1.0,1.0,
31,01010400804,1,1,4,8,4,2,1,2,2,,1.0,1.0,
32,01010400804,1,1,4,8,4,2,1,3,2,,1.0,1.0,
33,01010400804,1,1,4,8,4,2,1,4,2,,1.0,1.0,
34,01010400804,1,1,4,8,4,2,1,5,2,,1.0,1.0,
35,01010400804,1,1,4,8,4,2,1,6,2,,1.0,1.0,
36,01010400804,1,1,4,8,4,2,1,7,2,,1.0,1.0,
37,01010400804,1,1,4,8,4,2,1,8,2,,1.0,1.0,
38,01010400804,1,1,4,8,4,2,1,9,2,,1.0,1.0,
39,01010400804,1,1,4,8,4,2,1,10,2,,1.0,1.0,
40,01020600113,1,2,6,1,13,1,8,1,1,4.0,,,1.0
41,01020600113,1,2,6,1,13,1,8,2,2,,1.0,2.0,
42,01020600113,1,2,6,1,13,1,8,3,2,,1.0,2.0,
43,01020600113,1,2,6,1,13,1,8,4,2,,1.0,2.0,
44,01020600113,1,2,6,1,13,1,8,5,2,,2.0,2.0,
45,01020600113,1,2,6,1,13,1,8,6,2,,2.0,2.0,
46,01020600113,1,2,6,1,13,1,8,7,2,,2.0,2.0,
47,01020600113,1,2,6,1,13,1,8,8,2,,2.0,2.0,
48,01020600113,1,2,6,1,13,1,8,9,2,,2.0,2.0,
49,01020600113,1,2,6,1,13,1,8,10,2,,2.0,2.0,
50,01020801604,1,2,8,16,4,2,12,1,1,3.0,,,1.0
51,01020801604,1,2,8,16,4,2,12,2,2,,1.0,1.0,
52,01020801604,1,2,8,16,4,2,12,3,2,,1.0,1.0,
53,01020801604,1,2,8,16,4,2,12,4,2,,1.0,1.0,
54,01020801604,1,2,8,16,4,2,12,5,2,,1.0,1.0,
55,01020801604,1,2,8,16,4,2,12,6,2,,1.0,1.0,
56,01020801604,1,2,8,16,4,2,12,7,2,,1.0,1.0,
57,01020801604,1,2,8,16,4,2,12,8,2,,1.0,1.0,
58,01020801604,1,2,8,16,4,2,12,9,1,3.0,,,1.0
59,01020801604,1,2,8,16,4,2,12,10,1,1.0,,,1.0
60,01020901705,1,2,9,17,5,2,11,1,2,,1.0,3.0,
61,01020901705,1,2,9,17,5,2,11,2,2,,1.0,3.0,
62,01020901705,1,2,9,17,5,2,11,3,2,,1.0,3.0,
63,01020901705,1,2,9,17,5,2,11,4,2,,2.0,3.0,
64,01020901705,1,2,9,17,5,2,11,5,2,,2.0,1.0,
65,01020901705,1,2,9,17,5,2,11,6,2,,2.0,1.0,
66,01020901705,1,2,9,17,5,2,11,7,2,,2.0,1.0,
67,01020901705,1,2,9,17,5,2,11,8,2,,2.0,1.0,
68,01020901705,1,2,9,17,5,2,11,9,2,,1.0,3.0,
69,01020901705,1,2,9,17,5,2,11,10,2,,1.0,3.0,
70,01021200418,1,2,12,4,18,1,1,1,1,13.0,,,1.0
71,01021200418,1,2,12,4,18,1,1,2,1,1.0,,,1.0
72,01021200418,1,2,12,4,18,1,1,3,2,,1.0,1.0,
73,01021200418,1,2,12,4,18,1,1,4,2,,1.0,1.0,
74,01021200418,1,2,12,4,18,1,1,5,2,,1.0,1.0,
75,01021200418,1,2,12,4,18,1,1,6,2,,1.0,1.0,
76,01021200418,1,2,12,4,18,1,1,7,2,,1.0,1.0,
77,01021200418,1,2,12,4,18,1,1,8,2,,1.0,1.0,
78,01021200418,1,2,12,4,18,1,1,9,1,1.0,,,1.0
79,01021200418,1,2,12,4,18,1,1,10,2,,1.0,1.0,
80,01030300103,1,3,3,1,3,1,1,1,1,5.0,,,1.0
81,01030300103,1,3,3,1,3,1,1,2,2,,1.0,2.0,
82,01030300103,1,3,3,1,3,1,1,3,2,,1.0,2.0,
83,01030300103,1,3,3,1,3,1,1,4,2,,1.0,2.0,
84,01030300103,1,3,3,1,3,1,1,5,2,,2.0,2.0,
85,01030300103,1,3,3,1,3,1,1,6,2,,2.0,2.0,
86,01030300103,1,3,3,1,3,1,1,7,2,,2.0,2.0,
87,01030300103,1,3,3,1,3,1,1,8,2,,2.0,2.0,
88,01030300103,1,3,3,1,3,1,1,9,2,,2.0,2.0,
89,01030300103,1,3,3,1,3,1,1,10,2,,2.0,2.0,
90,01030600403,1,3,6,4,3,2,10,1,1,1.0,,,1.0
91,01030600403,1,3,6,4,3,2,10,2,2,,1.0,1.0,
92,01030600403,1,3,6,4,3,2,10,3,2,,1.0,1.0,
93,01030600403,1,3,6,4,3,2,10,4,2,,2.0,1.0,
94,01030600403,1,3,6,4,3,2,10,5,2,,1.0,1.0,
95,01030600403,1,3,6,4,3,2,10,6,2,,1.0,1.0,
96,01030600403,1,3,6,4,3,2,10,7,2,,1.0,1.0,
97,01030600403,1,3,6,4,3,2,10,8,2,,2.0,1.0,
98,01030600403,1,3,6,4,3,2,10,9,2,,2.0,1.0,
99,01030600403,1,3,6,4,3,2,10,10,2,,1.0,1.0,
100,01030800402,1,3,8,4,2,1,1,1,1,12.0,,,1.0
101,01030800402,1,3,8,4,2,1,1,2,1,1.0,,,1.0
102,01030800402,1,3,8,4,2,1,1,3,2,,1.0,2.0,
103,01030800402,1,3,8,4,2,1,1,4,2,,1.0,2.0,
104,01030800402,1,3,8,4,2,1,1,5,2,,1.0,2.0,
105,01030800402,1,3,8,4,2,1,1,6,2,,1.0,2.0,
106,01030800402,1,3,8,4,2,1,1,7,2,,1.0,2.0,
107,01030800402,1,3,8,4,2,1,1,8,2,,2.0,2.0,
108,01030800402,1,3,8,4,2,1,1,9,1,5.0,,,1.0
109,01030800402,1,3,8,4,2,1,1,10,2,,1.0,2.0,
110,01041100201,1,4,11,2,1,1,1,1,1,2.0,,,1.0
111,01041100201,1,4,11,2,1,1,1,2,2,,2.0,2.0,
112,01041100201,1,4,11,2,1,1,1,3,2,,2.0,2.0,
113,01041100201,1,4,11,2,1,1,1,4,2,,2.0,2.0,
114,01041100201,1,4,11,2,1,1,1,5,2,,2.0,2.0,
115,01041100201,1,4,11,2,1,1,1,6,2,,2.0,2.0,
116,01041100201,1,4,11,2,1,1,1,7,2,,2.0,2.0,
117,01041100201,1,4,11,2,1,1,1,8,2,,2.0,2.0,
118,01041100201,1,4,11,2,1,1,1,9,2,,2.0,2.0,
119,01041100201,1,4,11,2,1,1,1,10,2,,2.0,2.0,
120,01050100110,1,5,1,1,10,1,1,1,1,3.0,,,1.0
121,01050100110,1,5,1,1,10,1,1,2,2,,1.0,2.0,
122,01050100110,1,5,1,1,10,1,1,3,2,,2.0,2.0,
123,01050100110,1,5,1,1,10,1,1,4,2,,2.0,2.0,
124,01050100110,1,5,1,1,10,1,1,5,2,,2.0,2.0,
125,01050100110,1,5,1,1,10,1,1,6,2,,2.0,2.0,
126,01050100110,1,5,1,1,10,1,1,7,2,,2.0,2.0,
127,01050100110,1,5,1,1,10,1,1,8,2,,2.0,2.0,
128,01050100110,1,5,1,1,10,1,1,9,2,,2.0,2.0,
129,01050100110,1,5,1,1,10,1,1,10,2,,2.0,2.0,
130,01050101108,1,5,1,11,8,2,1,1,2,,2.0,2.0,
131,01050101108,1,5,1,11,8,2,1,2,2,,2.0,2.0,
132,01050101108,1,5,1,11,8,2,1,3,2,,2.0,2.0,
133,01050101108,1,5,1,11,8,2,1,4,2,,2.0,2.0,
134,01050101108,1,5,1,11,8,2,1,5,2,,2.0,2.0,
135,01050101108,1,5,1,11,8,2,1,6,2,,2.0,2.0,
136,01050101108,1,5,1,11,8,2,1,7,2,,2.0,2.0,
137,01050101108,1,5,1,11,8,2,1,8,2,,2.0,2.0,
138,01050101108,1,5,1,11,8,2,1,9,2,,2.0,2.0,
139,01050101108,1,5,1,11,8,2,1,10,2,,2.0,2.0,
140,01060100317,1,6,1,3,17,1,1,1,1,9.0,,,1.0
141,01060100317,1,6,1,3,17,1,1,2,2,,2.0,2.0,
142,01060100317,1,6,1,3,17,1,1,3,2,,2.0,2.0,
143,01060100317,1,6,1,3,17,1,1,4,2,,2.0,2.0,
144,01060100317,1,6,1,3,17,1,1,5,2,,2.0,2.0,
145,01060100317,1,6,1,3,17,1,1,6,2,,2.0,2.0,
146,01060100317,1,6,1,3,17,1,1,7,2,,2.0,2.0,
147,01060100317,1,6,1,3,17,1,1,8,2,,2.0,2.0,
148,01060100317,1,6,1,3,17,1,1,9,2,,2.0,2.0,
149,01060100317,1,6,1,3,17,1,1,10,2,,1.0,2.0,
150,02070101804,2,7,1,18,4,2,1,1,2,,1.0,1.0,
151,02070101804,2,7,1,18,4,2,1,2,2,,1.0,1.0,
152,02070101804,2,7,1,18,4,2,1,3,2,,1.0,1.0,
153,02070101804,2,7,1,18,4,2,1,4,2,,1.0,1.0,
154,02070101804,2,7,1,18,4,2,1,5,2,,1.0,1.0,
155,02070101804,2,7,1,18,4,2,1,6,2,,1.0,1.0,
156,02070101804,2,7,1,18,4,2,1,7,2,,1.0,1.0,
157,02070101804,2,7,1,18,4,2,1,8,2,,1.0,1.0,
158,02070101804,2,7,1,18,4,2,1,9,2,,1.0,1.0,
159,02070101804,2,7,1,18,4,2,1,10,2,,1.0,1.0,
160,02070101901,2,7,1,19,1,2,2,1,2,,2.0,1.0,
161,02070101901,2,7,1,19,1,2,2,2,2,,2.0,1.0,
162,02070101901,2,7,1,19,1,2,2,3,2,,2.0,1.0,
163,02070101901,2,7,1,19,1,2,2,4,2,,1.0,1.0,
164,02070101901,2,7,1,19,1,2,2,5,2,,1.0,1.0,
165,02070101901,2,7,1,19,1,2,2,6,2,,1.0,1.0,
166,02070101901,2,7,1,19,1,2,2,7,2,,1.0,1.0,
167,02070101901,2,7,1,19,1,2,2,8,2,,1.0,1.0,
168,02070101901,2,7,1,19,1,2,2,9,2,,1.0,1.0,
169,02070101901,2,7,1,19,1,2,2,10,2,,1.0,1.0,
170,02070200101,2,7,2,1,1,1,1,1,1,5.0,,,1.0
171,02070200101,2,7,2,1,1,1,1,2,2,,1.0,2.0,
172,02070200101,2,7,2,1,1,1,1,3,2,,2.0,2.0,
173,02070200101,2,7,2,1,1,1,1,4,2,,2.0,2.0,
174,02070200101,2,7,2,1,1,1,1,5,1,3.0,,,1.0
175,02070200101,2,7,2,1,1,1,1,6,1,1.0,,,1.0
176,02070200101,2,7,2,1,1,1,1,7,2,,2.0,2.0,
177,02070200101,2,7,2,1,1,1,1,8,2,,2.0,2.0,
178,02070200101,2,7,2,1,1,1,1,9,2,,2.0,2.0,
179,02070200101,2,7,2,1,1,1,1,10,2,,2.0,2.0,
180,02070300104,2,7,3,1,4,1,1,1,1,5.0,,,1.0
181,02070300104,2,7,3,1,4,1,1,2,2,,1.0,2.0,
182,02070300104,2,7,3,1,4,1,1,3,2,,2.0,2.0,
183,02070300104,2,7,3,1,4,1,1,4,2,,2.0,2.0,
184,02070300104,2,7,3,1,4,1,1,5,1,2.0,,,1.0
185,02070300104,2,7,3,1,4,1,1,6,2,,1.0,2.0,
186,02070300104,2,7,3,1,4,1,1,7,2,,1.0,2.0,
187,02070300104,2,7,3,1,4,1,1,8,2,,2.0,2.0,
188,02070300104,2,7,3,1,4,1,1,9,2,,2.0,2.0,
189,02070300104,2,7,3,1,4,1,1,10,2,,1.0,2.0,
190,02070501103,2,7,5,11,3,2,3,1,1,1.0,,,1.0
191,02070501103,2,7,5,11,3,2,3,2,2,,1.0,1.0,
192,02070501103,2,7,5,11,3,2,3,3,2,,1.0,1.0,
193,02070501103,2,7,5,11,3,2,3,4,2,,1.0,1.0,
194,02070501103,2,7,5,11,3,2,3,5,2,,1.0,1.0,
195,02070501103,2,7,5,11,3,2,3,6,1,1.0,,,2.0
196,02070501103,2,7,5,11,3,2,3,7,2,,1.0,1.0,
197,02070501103,2,7,5,11,3,2,3,8,2,,1.0,1.0,
198,02070501103,2,7,5,11,3,2,3,9,1,2.0,,,1.0
199,02070501103,2,7,5,11,3,2,3,10,2,,1.0,1.0,
200,02070501302,2,7,5,13,2,2,4,1,2,,1.0,1.0,
201,02070501302,2,7,5,13,2,2,4,2,2,,1.0,1.0,
202,02070501302,2,7,5,13,2,2,4,3,2,,1.0,1.0,
203,02070501302,2,7,5,13,2,2,4,4,2,,1.0,1.0,
204,02070501302,2,7,5,13,2,2,4,5,2,,1.0,1.0,
205,02070501302,2,7,5,13,2,2,4,6,2,,1.0,1.0,
206,02070501302,2,7,5,13,2,2,4,7,2,,1.0,1.0,
207,02070501302,2,7,5,13,2,2,4,8,2,,1.0,1.0,
208,02070501302,2,7,5,13,2,2,4,9,2,,1.0,1.0,
209,02070501302,2,7,5,13,2,2,4,10,2,,1.0,1.0,
210,02080300102,2,8,3,1,2,2,9,1,2,,1.0,1.0,
211,02080300102,2,8,3,1,2,2,9,2,2,,1.0,1.0,
212,02080300102,2,8,3,1,2,2,9,3,2,,1.0,1.0,
213,02080300102,2,8,3,1,2,2,9,4,2,,1.0,1.0,
214,02080300102,2,8,3,1,2,2,9,5,2,,1.0,1.0,
215,02080300102,2,8,3,1,2,2,9,6,2,,1.0,1.0,
216,02080300102,2,8,3,1,2,2,9,7,2,,1.0,1.0,
217,02080300102,2,8,3,1,2,2,9,8,2,,1.0,1.0,
218,02080300102,2,8,3,1,2,2,9,9,2,,1.0,1.0,
219,02080300102,2,8,3,1,2,2,9,10,2,,1.0,1.0,
220,02080300404,2,8,3,4,4,2,8,1,1,3.0,,,1.0
221,02080300404,2,8,3,4,4,2,8,2,2,,1.0,1.0,
222,02080300404,2,8,3,4,4,2,8,3,2,,1.0,1.0,
223,02080300404,2,8,3,4,4,2,8,4,2,,1.0,1.0,
224,02080300404,2,8,3,4,4,2,8,5,2,,1.0,1.0,
225,02080300404,2,8,3,4,4,2,8,6,1,2.0,,,1.0
226,02080300404,2,8,3,4,4,2,8,7,2,,1.0,1.0,
227,02080300404,2,8,3,4,4,2,8,8,2,,1.0,1.0,
228,02080300404,2,8,3,4,4,2,8,9,1,3.0,,,1.0
229,02080300404,2,8,3,4,4,2,8,10,1,1.0,,,1.0
230,02090100104,2,9,1,1,4,1,1,1,1,2.0,,,1.0
231,02090100104,2,9,1,1,4,1,1,2,2,,1.0,3.0,
232,02090100104,2,9,1,1,4,1,1,3,2,,1.0,2.0,
233,02090100104,2,9,1,1,4,1,1,4,2,,2.0,2.0,
234,02090100104,2,9,1,1,4,1,1,5,1,2.0,,,1.0
235,02090100104,2,9,1,1,4,1,1,6,2,,1.0,2.0,
236,02090100104,2,9,1,1,4,1,1,7,2,,1.0,2.0,
237,02090100104,2,9,1,1,4,1,1,8,2,,1.0,2.0,
238,02090100104,2,9,1,1,4,1,1,9,2,,1.0,2.0,
239,02090100104,2,9,1,1,4,1,1,10,2,,1.0,2.0,
240,02090200123,2,9,2,1,23,1,1,1,1,6.0,,,1.0
241,02090200123,2,9,2,1,23,1,1,2,1,1.0,,,1.0
242,02090200123,2,9,2,1,23,1,1,3,2,,2.0,555.0,
243,02090200123,2,9,2,1,23,1,1,4,2,,2.0,555.0,
244,02090200123,2,9,2,1,23,1,1,5,1,2.0,,,1.0
245,02090200123,2,9,2,1,23,1,1,6,1,1.0,,,1.0
246,02090200123,2,9,2,1,23,1,1,7,2,,1.0,2.0,
247,02090200123,2,9,2,1,23,1,1,8,2,,2.0,6.0,
248,02090200123,2,9,2,1,23,1,1,9,2,,2.0,6.0,
249,02090200123,2,9,2,1,23,1,1,10,2,,1.0,2.0,
250,02100100401,2,10,1,4,1,2,6,1,2,,1.0,1.0,
251,02100100401,2,10,1,4,1,2,6,2,2,,1.0,1.0,
252,02100100401,2,10,1,4,1,2,6,3,2,,1.0,1.0,
253,02100100401,2,10,1,4,1,2,6,4,2,,1.0,1.0,
254,02100100401,2,10,1,4,1,2,6,5,2,,1.0,1.0,
255,02100100401,2,10,1,4,1,2,6,6,2,,1.0,1.0,
256,02100100401,2,10,1,4,1,2,6,7,2,,1.0,1.0,
257,02100100401,2,10,1,4,1,2,6,8,2,,1.0,1.0,
258,02100100401,2,10,1,4,1,2,6,9,2,,1.0,1.0,
259,02100100401,2,10,1,4,1,2,6,10,2,,1.0,1.0,
260,02100100501,2,10,1,5,1,2,7,1,2,,1.0,1.0,
261,02100100501,2,10,1,5,1,2,7,2,2,,1.0,1.0,
262,02100100501,2,10,1,5,1,2,7,3,2,,1.0,1.0,
263,02100100501,2,10,1,5,1,2,7,4,2,,1.0,1.0,
264,02100100501,2,10,1,5,1,2,7,5,2,,1.0,1.0,
265,02100100501,2,10,1,5,1,2,7,6,2,,1.0,1.0,
266,02100100501,2,10,1,5,1,2,7,7,2,,1.0,1.0,
267,02100100501,2,10,1,5,1,2,7,8,2,,2.0,1.0,
268,02100100501,2,10,1,5,1,2,7,9,2,,1.0,1.0,
269,02100100501,2,10,1,5,1,2,7,10,2,,1.0,1.0,
270,02100200904,2,10,2,9,4,2,5,1,2,,2.0,1.0,
271,02100200904,2,10,2,9,4,2,5,2,2,,2.0,1.0,
272,02100200904,2,10,2,9,4,2,5,3,2,,2.0,1.0,
273,02100200904,2,10,2,9,4,2,5,4,2,,2.0,1.0,
274,02100200904,2,10,2,9,4,2,5,5,2,,2.0,1.0,
275,02100200904,2,10,2,9,4,2,5,6,2,,2.0,1.0,
276,02100200904,2,10,2,9,4,2,5,7,2,,2.0,1.0,
277,02100200904,2,10,2,9,4,2,5,8,2,,2.0,1.0,
278,02100200904,2,10,2,9,4,2,5,9,2,,2.0,1.0,
279,02100200904,2,10,2,9,4,2,5,10,2,,2.0,1.0,
280,03110300605,3,11,3,6,5,2,15,1,2,,2.0,1.0,
281,03110300605,3,11,3,6,5,2,15,2,2,,2.0,1.0,
282,03110300605,3,11,3,6,5,2,15,3,2,,2.0,1.0,
283,03110300605,3,11,3,6,5,2,15,4,2,,2.0,1.0,
284,03110300605,3,11,3,6,5,2,15,5,2,,2.0,1.0,
285,03110300605,3,11,3,6,5,2,15,6,2,,2.0,1.0,
286,03110300605,3,11,3,6,5,2,15,7,2,,2.0,1.0,
287,03110300605,3,11,3,6,5,2,15,8,2,,2.0,1.0,
288,03110300605,3,11,3,6,5,2,15,9,2,,2.0,1.0,
289,03110300605,3,11,3,6,5,2,15,10,2,,2.0,1.0,
290,03110301501,3,11,3,15,1,2,14,1,2,,2.0,1.0,
291,03110301501,3,11,3,15,1,2,14,2,2,,2.0,1.0,
292,03110301501,3,11,3,15,1,2,14,3,2,,2.0,1.0,
293,03110301501,3,11,3,15,1,2,14,4,2,,2.0,1.0,
294,03110301501,3,11,3,15,1,2,14,5,2,,2.0,1.0,
295,03110301501,3,11,3,15,1,2,14,6,2,,2.0,1.0,
296,03110301501,3,11,3,15,1,2,14,7,2,,2.0,1.0,
297,03110301501,3,11,3,15,1,2,14,8,2,,2.0,1.0,
298,03110301501,3,11,3,15,1,2,14,9,2,,2.0,1.0,
299,03110301501,3,11,3,15,1,2,14,10,2,,2.0,1.0,
300,03110800110,3,11,8,1,10,1,6,1,1,2.0,,,1.0
301,03110800110,3,11,8,1,10,1,6,2,2,,2.0,1.0,
302,03110800110,3,11,8,1,10,1,6,3,2,,1.0,2.0,
303,03110800110,3,11,8,1,10,1,6,4,2,,1.0,2.0,
304,03110800110,3,11,8,1,10,1,6,5,2,,2.0,1.0,
305,03110800110,3,11,8,1,10,1,6,6,2,,2.0,1.0,
306,03110800110,3,11,8,1,10,1,6,7,2,,2.0,1.0,
307,03110800110,3,11,8,1,10,1,6,8,2,,2.0,1.0,
308,03110800110,3,11,8,1,10,1,6,9,2,,2.0,1.0,
309,03110800110,3,11,8,1,10,1,6,10,2,,2.0,1.0,
310,03110800701,3,11,8,7,1,2,16,1,2,,2.0,1.0,
311,03110800701,3,11,8,7,1,2,16,2,2,,2.0,1.0,
312,03110800701,3,11,8,7,1,2,16,3,2,,2.0,1.0,
313,03110800701,3,11,8,7,1,2,16,4,2,,2.0,1.0,
314,03110800701,3,11,8,7,1,2,16,5,2,,2.0,1.0,
315,03110800701,3,11,8,7,1,2,16,6,2,,2.0,1.0,
316,03110800701,3,11,8,7,1,2,16,7,2,,2.0,1.0,
317,03110800701,3,11,8,7,1,2,16,8,2,,2.0,1.0,
318,03110800701,3,11,8,7,1,2,16,9,2,,2.0,1.0,
319,03110800701,3,11,8,7,1,2,16,10,2,,2.0,1.0,
320,03111700101,3,11,17,1,1,1,1,1,1,1.0,,,1.0
321,03111700101,3,11,17,1,1,1,1,2,1,1.0,,,1.0
322,03111700101,3,11,17,1,1,1,1,3,1,1.0,,,1.0
323,03111700101,3,11,17,1,1,1,1,4,2,,2.0,1.0,
324,03111700101,3,11,17,1,1,1,1,5,2,,2.0,1.0,
325,03111700101,3,11,17,1,1,1,1,6,2,,2.0,1.0,
326,03111700101,3,11,17,1,1,1,1,7,2,,2.0,1.0,
327,03111700101,3,11,17,1,1,1,1,8,2,,2.0,1.0,
328,03111700101,3,11,17,1,1,1,1,9,2,,2.0,1.0,
329,03111700101,3,11,17,1,1,1,1,10,2,,2.0,1.0,
330,03111802013,3,11,18,20,13,1,1,1,1,1.0,,,1.0
331,03111802013,3,11,18,20,13,1,1,2,1,1.0,,,1.0
332,03111802013,3,11,18,20,13,1,1,3,1,2.0,,,1.0
333,03111802013,3,11,18,20,13,1,1,4,2,,2.0,1.0,
334,03111802013,3,11,18,20,13,1,1,5,2,,2.0,1.0,
335,03111802013,3,11,18,20,13,1,1,6,2,,2.0,1.0,
336,03111802013,3,11,18,20,13,1,1,7,2,,2.0,1.0,
337,03111802013,3,11,18,20,13,1,1,8,2,,2.0,1.0,
338,03111802013,3,11,18,20,13,1,1,9,2,,2.0,1.0,
339,03111802013,3,11,18,20,13,1,1,10,2,,2.0,1.0,
340,03111802013,3,11,18,20,13,1,5,1,1,5.0,,,1.0
341,03111802013,3,11,18,20,13,1,5,2,2,,2.0,2.0,
342,03111802013,3,11,18,20,13,1,5,3,2,,2.0,2.0,
343,03111802013,3,11,18,20,13,1,5,4,2,,2.0,2.0,
344,03111802013,3,11,18,20,13,1,5,5,2,,2.0,2.0,
345,03111802013,3,11,18,20,13,1,5,6,2,,2.0,2.0,
346,03111802013,3,11,18,20,13,1,5,7,2,,2.0,2.0,
347,03111802013,3,11,18,20,13,1,5,8,2,,2.0,2.0,
348,03111802013,3,11,18,20,13,1,5,9,2,,2.0,2.0,
349,03111802013,3,11,18,20,13,1,5,10,2,,2.0,2.0,
350,03112101007,3,11,21,10,7,2,17,1,2,,2.0,1.0,
351,03112101007,3,11,21,10,7,2,17,2,2,,2.0,1.0,
352,03112101007,3,11,21,10,7,2,17,3,2,,2.0,1.0,
353,03112101007,3,11,21,10,7,2,17,4,2,,2.0,1.0,
354,03112101007,3,11,21,10,7,2,17,5,2,,2.0,1.0,
355,03112101007,3,11,21,10,7,2,17,6,2,,2.0,1.0,
356,03112101007,3,11,21,10,7,2,17,7,2,,2.0,1.0,
357,03112101007,3,11,21,10,7,2,17,8,2,,2.0,1.0,
358,03112101007,3,11,21,10,7,2,17,9,2,,2.0,1.0,
359,03112101007,3,11,21,10,7,2,17,10,2,,2.0,1.0,
360,03120102608,3,12,1,26,8,2,18,1,2,,2.0,1.0,
361,03120102608,3,12,1,26,8,2,18,2,2,,2.0,1.0,
362,03120102608,3,12,1,26,8,2,18,3,2,,2.0,1.0,
363,03120102608,3,12,1,26,8,2,18,4,2,,2.0,1.0,
364,03120102608,3,12,1,26,8,2,18,5,2,,2.0,1.0,
365,03120102608,3,12,1,26,8,2,18,6,2,,2.0,1.0,
366,03120102608,3,12,1,26,8,2,18,7,2,,2.0,1.0,
367,03120102608,3,12,1,26,8,2,18,8,2,,2.0,1.0,
368,03120102608,3,12,1,26,8,2,18,9,2,,2.0,1.0,
369,03120102608,3,12,1,26,8,2,18,10,2,,2.0,1.0,
370,03120200303,3,12,2,3,3,1,1,1,1,5.0,,,1.0
371,03120200303,3,12,2,3,3,1,1,2,1,1.0,,,1.0
372,03120200303,3,12,2,3,3,1,1,3,1,2.0,,,1.0
373,03120200303,3,12,2,3,3,1,1,4,2,,2.0,1.0,
374,03120200303,3,12,2,3,3,1,1,5,2,,2.0,1.0,
375,03120200303,3,12,2,3,3,1,1,6,2,,2.0,1.0,
376,03120200303,3,12,2,3,3,1,1,7,2,,2.0,1.0,
377,03120200303,3,12,2,3,3,1,1,8,2,,2.0,1.0,
378,03120200303,3,12,2,3,3,1,1,9,2,,2.0,1.0,
379,03120200303,3,12,2,3,3,1,1,10,2,,2.0,1.0,
380,03120300709,3,12,3,7,9,2,19,1,2,,2.0,1.0,
381,03120300709,3,12,3,7,9,2,19,2,2,,2.0,1.0,
382,03120300709,3,12,3,7,9,2,19,3,2,,2.0,1.0,
383,03120300709,3,12,3,7,9,2,19,4,2,,2.0,1.0,
384,03120300709,3,12,3,7,9,2,19,5,2,,2.0,1.0,
385,03120300709,3,12,3,7,9,2,19,6,2,,2.0,1.0,
386,03120300709,3,12,3,7,9,2,19,7,2,,2.0,1.0,
387,03120300709,3,12,3,7,9,2,19,8,2,,2.0,1.0,
388,03120300709,3,12,3,7,9,2,19,9,2,,2.0,1.0,
389,03120300709,3,12,3,7,9,2,19,10,2,,2.0,1.0,
390,03120302401,3,12,3,24,1,2,20,1,2,,2.0,1.0,
391,03120302401,3,12,3,24,1,2,20,2,2,,2.0,1.0,
392,03120302401,3,12,3,24,1,2,20,3,2,,2.0,1.0,
393,03120302401,3,12,3,24,1,2,20,4,2,,2.0,1.0,
394,03120302401,3,12,3,24,1,2,20,5,2,,2.0,1.0,
395,03120302401,3,12,3,24,1,2,20,6,2,,2.0,1.0,
396,03120302401,3,12,3,24,1,2,20,7,2,,2.0,1.0,
397,03120302401,3,12,3,24,1,2,20,8,2,,2.0,1.0,
398,03120302401,3,12,3,24,1,2,20,9,2,,2.0,1.0,
399,03120302401,3,12,3,24,1,2,20,10,2,,2.0,1.0,
400,03121000302,3,12,10,3,2,1,1,1,1,8.0,,,1.0
401,03121000302,3,12,10,3,2,1,1,2,1,2.0,,,1.0
402,03121000302,3,12,10,3,2,1,1,3,1,5.0,,,1.0
403,03121000302,3,12,10,3,2,1,1,4,2,,2.0,1.0,
404,03121000302,3,12,10,3,2,1,1,5,2,,2.0,1.0,
405,03121000302,3,12,10,3,2,1,1,6,2,,2.0,1.0,
406,03121000302,3,12,10,3,2,1,1,7,1,2.0,,,1.0
407,03121000302,3,12,10,3,2,1,1,8,2,,2.0,1.0,
408,03121000302,3,12,10,3,2,1,1,9,2,,2.0,1.0,
409,03121000302,3,12,10,3,2,1,1,10,2,,2.0,1.0,
410,03121000302,3,12,10,3,2,1,2,1,1,1.0,,,1.0
411,03121000302,3,12,10,3,2,1,2,2,1,1.0,,,1.0
412,03121000302,3,12,10,3,2,1,2,3,1,1.0,,,1.0
413,03121000302,3,12,10,3,2,1,2,4,1,1.0,,,1.0
414,03121000302,3,12,10,3,2,1,2,5,1,1.0,,,1.0
415,03121000302,3,12,10,3,2,1,2,6,1,1.0,,,1.0
416,03121000302,3,12,10,3,2,1,2,7,1,1.0,,,1.0
417,03121000302,3,12,10,3,2,1,2,8,1,1.0,,,1.0
418,03121000302,3,12,10,3,2,1,2,9,1,1.0,,,1.0
419,03121000302,3,12,10,3,2,1,2,10,1,1.0,,,1.0
420,03130200801,3,13,2,8,1,2,15,1,1,1.0,,,1.0
421,03130200801,3,13,2,8,1,2,15,2,2,,1.0,1.0,
422,03130200801,3,13,2,8,1,2,15,3,2,,1.0,1.0,
423,03130200801,3,13,2,8,1,2,15,4,2,,1.0,1.0,
424,03130200801,3,13,2,8,1,2,15,5,2,,1.0,1.0,
425,03130200801,3,13,2,8,1,2,15,6,2,,1.0,1.0,
426,03130200801,3,13,2,8,1,2,15,7,2,,2.0,1.0,
427,03130200801,3,13,2,8,1,2,15,8,2,,2.0,1.0,
428,03130200801,3,13,2,8,1,2,15,9,2,,2.0,1.0,
429,03130200801,3,13,2,8,1,2,15,10,2,,1.0,1.0,
430,03130202504,3,13,2,25,4,2,16,1,2,,1.0,3.0,
431,03130202504,3,13,2,25,4,2,16,2,2,,1.0,3.0,
432,03130202504,3,13,2,25,4,2,16,3,2,,1.0,3.0,
433,03130202504,3,13,2,25,4,2,16,4,2,,2.0,1.0,
434,03130202504,3,13,2,25,4,2,16,5,2,,2.0,1.0,
435,03130202504,3,13,2,25,4,2,16,6,2,,2.0,1.0,
436,03130202504,3,13,2,25,4,2,16,7,2,,2.0,1.0,
437,03130202504,3,13,2,25,4,2,16,8,2,,2.0,1.0,
438,03130202504,3,13,2,25,4,2,16,9,2,,1.0,3.0,
439,03130202504,3,13,2,25,4,2,16,10,2,,1.0,1.0,
440,03130401201,3,13,4,12,1,2,17,1,1,4.0,,,1.0
441,03130401201,3,13,4,12,1,2,17,2,2,,1.0,1.0,
442,03130401201,3,13,4,12,1,2,17,3,2,,1.0,1.0,
443,03130401201,3,13,4,12,1,2,17,4,2,,1.0,1.0,
444,03130401201,3,13,4,12,1,2,17,5,2,,2.0,1.0,
445,03130401201,3,13,4,12,1,2,17,6,2,,2.0,1.0,
446,03130401201,3,13,4,12,1,2,17,7,2,,2.0,1.0,
447,03130401201,3,13,4,12,1,2,17,8,2,,2.0,1.0,
448,03130401201,3,13,4,12,1,2,17,9,1,1.0,,,1.0
449,03130401201,3,13,4,12,1,2,17,10,2,,1.0,1.0,
450,03130803001,3,13,8,30,1,2,20,1,1,26.0,,,1.0
451,03130803001,3,13,8,30,1,2,20,2,2,,1.0,1.0,
452,03130803001,3,13,8,30,1,2,20,3,2,,1.0,1.0,
453,03130803001,3,13,8,30,1,2,20,4,2,,1.0,1.0,
454,03130803001,3,13,8,30,1,2,20,5,2,,2.0,1.0,
455,03130803001,3,13,8,30,1,2,20,6,2,,2.0,1.0,
456,03130803001,3,13,8,30,1,2,20,7,2,,2.0,1.0,
457,03130803001,3,13,8,30,1,2,20,8,2,,1.0,1.0,
458,03130803001,3,13,8,30,1,2,20,9,2,,1.0,1.0,
459,03130803001,3,13,8,30,1,2,20,10,2,,1.0,1.0,
460,03140400104,3,14,4,1,4,1,1,1,1,2.0,,,1.0
461,03140400104,3,14,4,1,4,1,1,2,2,,2.0,1.0,
462,03140400104,3,14,4,1,4,1,1,3,2,,2.0,1.0,
463,03140400104,3,14,4,1,4,1,1,4,2,,2.0,1.0,
464,03140400104,3,14,4,1,4,1,1,5,2,,2.0,1.0,
465,03140400104,3,14,4,1,4,1,1,6,2,,2.0,2.0,
466,03140400104,3,14,4,1,4,1,1,7,2,,2.0,2.0,
467,03140400104,3,14,4,1,4,1,1,8,2,,2.0,1.0,
468,03140400104,3,14,4,1,4,1,1,9,2,,2.0,1.0,
469,03140400104,3,14,4,1,4,1,1,10,2,,2.0,1.0,
470,03140901602,3,14,9,16,2,2,21,1,2,,1.0,3.0,
471,03140901602,3,14,9,16,2,2,21,2,2,,1.0,3.0,
472,03140901602,3,14,9,16,2,2,21,3,2,,1.0,3.0,
473,03140901602,3,14,9,16,2,2,21,4,2,,2.0,1.0,
474,03140901602,3,14,9,16,2,2,21,5,2,,2.0,1.0,
475,03140901602,3,14,9,16,2,2,21,6,2,,2.0,1.0,
476,03140901602,3,14,9,16,2,2,21,7,2,,2.0,1.0,
477,03140901602,3,14,9,16,2,2,21,8,2,,1.0,1.0,
478,03140901602,3,14,9,16,2,2,21,9,2,,1.0,3.0,
479,03140901602,3,14,9,16,2,2,21,10,2,,1.0,1.0,
480,03141000205,3,14,10,2,5,2,18,1,1,2.0,,,1.0
481,03141000205,3,14,10,2,5,2,18,2,2,,1.0,1.0,
482,03141000205,3,14,10,2,5,2,18,3,2,,1.0,1.0,
483,03141000205,3,14,10,2,5,2,18,4,2,,1.0,1.0,
484,03141000205,3,14,10,2,5,2,18,5,2,,2.0,1.0,
485,03141000205,3,14,10,2,5,2,18,6,2,,2.0,1.0,
486,03141000205,3,14,10,2,5,2,18,7,2,,2.0,1.0,
487,03141000205,3,14,10,2,5,2,18,8,2,,2.0,1.0,
488,03141000205,3,14,10,2,5,2,18,9,2,,2.0,1.0,
489,03141000205,3,14,10,2,5,2,18,10,2,,1.0,1.0,
490,03141001902,3,14,10,19,2,2,19,1,1,4.0,,,1.0
491,03141001902,3,14,10,19,2,2,19,2,2,,1.0,1.0,
492,03141001902,3,14,10,19,2,2,19,3,2,,1.0,1.0,
493,03141001902,3,14,10,19,2,2,19,4,2,,1.0,1.0,
494,03141001902,3,14,10,19,2,2,19,5,2,,2.0,1.0,
495,03141001902,3,14,10,19,2,2,19,6,2,,2.0,1.0,
496,03141001902,3,14,10,19,2,2,19,7,2,,2.0,1.0,
497,03141001902,3,14,10,19,2,2,19,8,2,,2.0,1.0,
498,03141001902,3,14,10,19,2,2,19,9,2,,2.0,1.0,
499,03141001902,3,14,10,19,2,2,19,10,2,,1.0,1.0,
500,03141202605,3,14,12,26,5,2,2,1,1,20.0,,,1.0
501,03141202605,3,14,12,26,5,2,2,2,1,1.0,,,1.0
502,03141202605,3,14,12,26,5,2,2,3,2,,2.0,1.0,
503,03141202605,3,14,12,26,5,2,2,4,2,,2.0,1.0,
504,03141202605,3,14,12,26,5,2,2,5,2,,2.0,1.0,
505,03141202605,3,14,12,26,5,2,2,6,2,,2.0,1.0,
506,03141202605,3,14,12,26,5,2,2,7,1,1.0,,,1.0
507,03141202605,3,14,12,26,5,2,2,8,2,,2.0,1.0,
508,03141202605,3,14,12,26,5,2,2,9,2,,2.0,1.0,
509,03141202605,3,14,12,26,5,2,2,10,2,,2.0,1.0,
510,03141700416,3,14,17,4,16,1,3,1,1,2.0,,,1.0
511,03141700416,3,14,17,4,16,1,3,2,2,,2.0,2.0,
512,03141700416,3,14,17,4,16,1,3,3,2,,2.0,2.0,
513,03141700416,3,14,17,4,16,1,3,4,2,,2.0,2.0,
514,03141700416,3,14,17,4,16,1,3,5,2,,2.0,2.0,
515,03141700416,3,14,17,4,16,1,3,6,2,,2.0,2.0,
516,03141700416,3,14,17,4,16,1,3,7,2,,2.0,2.0,
517,03141700416,3,14,17,4,16,1,3,8,2,,2.0,2.0,
518,03141700416,3,14,17,4,16,1,3,9,2,,2.0,2.0,
519,03141700416,3,14,17,4,16,1,3,10,2,,2.0,2.0,
520,03141800910,3,14,18,9,10,1,2,1,1,4.0,,,1.0
521,03141800910,3,14,18,9,10,1,2,2,2,,1.0,1.0,
522,03141800910,3,14,18,9,10,1,2,3,2,,1.0,1.0,
523,03141800910,3,14,18,9,10,1,2,4,2,,1.0,1.0,
524,03141800910,3,14,18,9,10,1,2,5,2,,1.0,1.0,
525,03141800910,3,14,18,9,10,1,2,6,2,,1.0,1.0,
526,03141800910,3,14,18,9,10,1,2,7,2,,1.0,1.0,
527,03141800910,3,14,18,9,10,1,2,8,2,,1.0,1.0,
528,03141800910,3,14,18,9,10,1,2,9,2,,1.0,1.0,
529,03141800910,3,14,18,9,10,1,2,10,2,,1.0,1.0,
530,03150300101,3,15,3,1,1,2,2,1,2,,1.0,1.0,
531,03150300101,3,15,3,1,1,2,2,2,2,,1.0,1.0,
532,03150300101,3,15,3,1,1,2,2,3,2,,2.0,1.0,
533,03150300101,3,15,3,1,1,2,2,4,2,,2.0,1.0,
534,03150300101,3,15,3,1,1,2,2,5,2,,2.0,1.0,
535,03150300101,3,15,3,1,1,2,2,6,2,,2.0,1.0,
536,03150300101,3,15,3,1,1,2,2,7,2,,2.0,1.0,
537,03150300101,3,15,3,1,1,2,2,8,2,,2.0,1.0,
538,03150300101,3,15,3,1,1,2,2,9,2,,2.0,1.0,
539,03150300101,3,15,3,1,1,2,2,10,2,,2.0,1.0,
540,03150300905,3,15,3,9,5,2,5,1,1,1.0,,,1.0
541,03150300905,3,15,3,9,5,2,5,2,2,,2.0,1.0,
542,03150300905,3,15,3,9,5,2,5,3,2,,2.0,1.0,
543,03150300905,3,15,3,9,5,2,5,4,2,,2.0,1.0,
544,03150300905,3,15,3,9,5,2,5,5,2,,2.0,1.0,
545,03150300905,3,15,3,9,5,2,5,6,2,,2.0,1.0,
546,03150300905,3,15,3,9,5,2,5,7,2,,2.0,1.0,
547,03150300905,3,15,3,9,5,2,5,8,2,,2.0,1.0,
548,03150300905,3,15,3,9,5,2,5,9,2,,2.0,1.0,
549,03150300905,3,15,3,9,5,2,5,10,2,,2.0,1.0,
550,03150800103,3,15,8,1,3,1,1,1,1,5.0,,,1.0
551,03150800103,3,15,8,1,3,1,1,2,1,1.0,,,1.0
552,03150800103,3,15,8,1,3,1,1,3,1,4.0,,,1.0
553,03150800103,3,15,8,1,3,1,1,4,2,,2.0,1.0,
554,03150800103,3,15,8,1,3,1,1,5,2,,2.0,1.0,
555,03150800103,3,15,8,1,3,1,1,6,2,,2.0,1.0,
556,03150800103,3,15,8,1,3,1,1,7,2,,2.0,1.0,
557,03150800103,3,15,8,1,3,1,1,8,2,,2.0,1.0,
558,03150800103,3,15,8,1,3,1,1,9,2,,2.0,1.0,
559,03150800103,3,15,8,1,3,1,1,10,2,,2.0,1.0,
560,03151900506,3,15,19,5,6,2,6,1,2,,1.0,1.0,
561,03151900506,3,15,19,5,6,2,6,2,2,,2.0,1.0,
562,03151900506,3,15,19,5,6,2,6,3,2,,1.0,1.0,
563,03151900506,3,15,19,5,6,2,6,4,2,,1.0,1.0,
564,03151900506,3,15,19,5,6,2,6,5,2,,1.0,1.0,
565,03151900506,3,15,19,5,6,2,6,6,2,,1.0,1.0,
566,03151900506,3,15,19,5,6,2,6,7,2,,1.0,1.0,
567,03151900506,3,15,19,5,6,2,6,8,2,,1.0,1.0,
568,03151900506,3,15,19,5,6,2,6,9,2,,1.0,1.0,
569,03151900506,3,15,19,5,6,2,6,10,2,,1.0,1.0,
570,03152000705,3,15,20,7,5,1,1,1,1,3.0,,,1.0
571,03152000705,3,15,20,7,5,1,1,2,1,2.0,,,1.0
572,03152000705,3,15,20,7,5,1,1,3,1,2.0,,,1.0
573,03152000705,3,15,20,7,5,1,1,4,2,,2.0,1.0,
574,03152000705,3,15,20,7,5,1,1,5,2,,2.0,1.0,
575,03152000705,3,15,20,7,5,1,1,6,2,,2.0,1.0,
576,03152000705,3,15,20,7,5,1,1,7,2,,2.0,1.0,
577,03152000705,3,15,20,7,5,1,1,8,2,,2.0,1.0,
578,03152000705,3,15,20,7,5,1,1,9,2,,2.0,1.0,
579,03152000705,3,15,20,7,5,1,1,10,2,,2.0,1.0,
580,03160201902,3,16,2,19,2,2,3,1,2,,2.0,1.0,
581,03160201902,3,16,2,19,2,2,3,2,2,,2.0,1.0,
582,03160201902,3,16,2,19,2,2,3,3,2,,2.0,1.0,
583,03160201902,3,16,2,19,2,2,3,4,2,,2.0,1.0,
584,03160201902,3,16,2,19,2,2,3,5,2,,2.0,1.0,
585,03160201902,3,16,2,19,2,2,3,6,2,,2.0,1.0,
586,03160201902,3,16,2,19,2,2,3,7,2,,2.0,1.0,
587,03160201902,3,16,2,19,2,2,3,8,2,,2.0,1.0,
588,03160201902,3,16,2,19,2,2,3,9,2,,2.0,1.0,
589,03160201902,3,16,2,19,2,2,3,10,2,,2.0,1.0,
590,03160204005,3,16,2,40,5,2,2,1,2,,2.0,1.0,
591,03160204005,3,16,2,40,5,2,2,2,2,,2.0,1.0,
592,03160204005,3,16,2,40,5,2,2,3,2,,2.0,1.0,
593,03160204005,3,16,2,40,5,2,2,4,2,,2.0,1.0,
594,03160204005,3,16,2,40,5,2,2,5,2,,2.0,1.0,
595,03160204005,3,16,2,40,5,2,2,6,2,,2.0,1.0,
596,03160204005,3,16,2,40,5,2,2,7,2,,2.0,1.0,
597,03160204005,3,16,2,40,5,2,2,8,2,,2.0,1.0,
598,03160204005,3,16,2,40,5,2,2,9,2,,2.0,1.0,
599,03160204005,3,16,2,40,5,2,2,10,2,,2.0,1.0,
600,03160500103,3,16,5,1,3,1,1,1,1,2.0,,,1.0
601,03160500103,3,16,5,1,3,1,1,2,2,,2.0,1.0,
602,03160500103,3,16,5,1,3,1,1,3,2,,2.0,1.0,
603,03160500103,3,16,5,1,3,1,1,4,2,,2.0,1.0,
604,03160500103,3,16,5,1,3,1,1,5,2,,2.0,1.0,
605,03160500103,3,16,5,1,3,1,1,6,2,,2.0,1.0,
606,03160500103,3,16,5,1,3,1,1,7,2,,2.0,1.0,
607,03160500103,3,16,5,1,3,1,1,8,2,,2.0,1.0,
608,03160500103,3,16,5,1,3,1,1,9,2,,2.0,1.0,
609,03160500103,3,16,5,1,3,1,1,10,2,,2.0,1.0,
610,03160600803,3,16,6,8,3,2,1,1,2,,2.0,555.0,
611,03160600803,3,16,6,8,3,2,1,2,2,,2.0,1.0,
612,03160600803,3,16,6,8,3,2,1,3,2,,2.0,1.0,
613,03160600803,3,16,6,8,3,2,1,4,2,,2.0,1.0,
614,03160600803,3,16,6,8,3,2,1,5,2,,2.0,1.0,
615,03160600803,3,16,6,8,3,2,1,6,2,,2.0,1.0,
616,03160600803,3,16,6,8,3,2,1,7,2,,2.0,1.0,
617,03160600803,3,16,6,8,3,2,1,8,2,,2.0,1.0,
618,03160600803,3,16,6,8,3,2,1,9,2,,2.0,1.0,
619,03160600803,3,16,6,8,3,2,1,10,2,,2.0,1.0,
620,03161500214,3,16,15,2,14,1,1,1,1,4.0,,,1.0
621,03161500214,3,16,15,2,14,1,1,2,1,1.0,,,1.0
622,03161500214,3,16,15,2,14,1,1,3,1,1.0,,,1.0
623,03161500214,3,16,15,2,14,1,1,4,2,,2.0,1.0,
624,03161500214,3,16,15,2,14,1,1,5,2,,2.0,1.0,
625,03161500214,3,16,15,2,14,1,1,6,2,,2.0,1.0,
626,03161500214,3,16,15,2,14,1,1,7,2,,2.0,1.0,
627,03161500214,3,16,15,2,14,1,1,8,2,,2.0,1.0,
628,03161500214,3,16,15,2,14,1,1,9,2,,2.0,1.0,
629,03161500214,3,16,15,2,14,1,1,10,2,,2.0,1.0,
630,03170400206,3,17,4,2,6,2,7,1,2,,2.0,1.0,
631,03170400206,3,17,4,2,6,2,7,2,2,,2.0,1.0,
632,03170400206,3,17,4,2,6,2,7,3,2,,2.0,1.0,
633,03170400206,3,17,4,2,6,2,7,4,2,,2.0,1.0,
634,03170400206,3,17,4,2,6,2,7,5,2,,2.0,1.0,
635,03170400206,3,17,4,2,6,2,7,6,2,,2.0,1.0,
636,03170400206,3,17,4,2,6,2,7,7,2,,2.0,1.0,
637,03170400206,3,17,4,2,6,2,7,8,2,,2.0,1.0,
638,03170400206,3,17,4,2,6,2,7,9,2,,2.0,1.0,
639,03170400206,3,17,4,2,6,2,7,10,2,,2.0,1.0,
640,03170401804,3,17,4,18,4,2,5,1,2,,2.0,1.0,
641,03170401804,3,17,4,18,4,2,5,2,2,,2.0,1.0,
642,03170401804,3,17,4,18,4,2,5,3,2,,2.0,1.0,
643,03170401804,3,17,4,18,4,2,5,4,2,,2.0,1.0,
644,03170401804,3,17,4,18,4,2,5,5,2,,2.0,1.0,
645,03170401804,3,17,4,18,4,2,5,6,2,,2.0,1.0,
646,03170401804,3,17,4,18,4,2,5,7,2,,2.0,1.0,
647,03170401804,3,17,4,18,4,2,5,8,2,,2.0,1.0,
648,03170401804,3,17,4,18,4,2,5,9,2,,2.0,1.0,
649,03170401804,3,17,4,18,4,2,5,10,2,,2.0,1.0,
650,03170403702,3,17,4,37,2,2,6,1,2,,2.0,1.0,
651,03170403702,3,17,4,37,2,2,6,2,2,,2.0,1.0,
652,03170403702,3,17,4,37,2,2,6,3,2,,2.0,1.0,
653,03170403702,3,17,4,37,2,2,6,4,2,,2.0,1.0,
654,03170403702,3,17,4,37,2,2,6,5,2,,2.0,1.0,
655,03170403702,3,17,4,37,2,2,6,6,2,,2.0,1.0,
656,03170403702,3,17,4,37,2,2,6,7,2,,2.0,1.0,
657,03170403702,3,17,4,37,2,2,6,8,2,,2.0,1.0,
658,03170403702,3,17,4,37,2,2,6,9,2,,2.0,1.0,
659,03170403702,3,17,4,37,2,2,6,10,2,,2.0,1.0,
660,03170601005,3,17,6,10,5,2,4,1,2,,2.0,1.0,
661,03170601005,3,17,6,10,5,2,4,2,2,,2.0,1.0,
662,03170601005,3,17,6,10,5,2,4,3,2,,2.0,1.0,
663,03170601005,3,17,6,10,5,2,4,4,2,,2.0,1.0,
664,03170601005,3,17,6,10,5,2,4,5,2,,2.0,1.0,
665,03170601005,3,17,6,10,5,2,4,6,2,,2.0,1.0,
666,03170601005,3,17,6,10,5,2,4,7,2,,2.0,1.0,
667,03170601005,3,17,6,10,5,2,4,8,2,,2.0,1.0,
668,03170601005,3,17,6,10,5,2,4,9,2,,2.0,1.0,
669,03170601005,3,17,6,10,5,2,4,10,2,,2.0,1.0,
670,03180100101,3,18,1,1,1,1,1,1,1,8.0,,,1.0
671,03180100101,3,18,1,1,1,1,1,2,1,2.0,,,1.0
672,03180100101,3,18,1,1,1,1,1,3,2,,2.0,1.0,
673,03180100101,3,18,1,1,1,1,1,4,2,,2.0,1.0,
674,03180100101,3,18,1,1,1,1,1,5,2,,2.0,1.0,
675,03180100101,3,18,1,1,1,1,1,6,2,,2.0,1.0,
676,03180100101,3,18,1,1,1,1,1,7,2,,2.0,1.0,
677,03180100101,3,18,1,1,1,1,1,8,2,,2.0,1.0,
678,03180100101,3,18,1,1,1,1,1,9,2,,2.0,1.0,
679,03180100101,3,18,1,1,1,1,1,10,2,,2.0,1.0,
680,03180100102,3,18,1,1,2,1,1,1,1,8.0,,,1.0
681,03180100102,3,18,1,1,2,1,1,2,1,6.0,,,1.0
682,03180100102,3,18,1,1,2,1,1,3,1,10.0,,,1.0
683,03180100102,3,18,1,1,2,1,1,4,2,,2.0,1.0,
684,03180100102,3,18,1,1,2,1,1,5,2,,2.0,1.0,
685,03180100102,3,18,1,1,2,1,1,6,2,,2.0,1.0,
686,03180100102,3,18,1,1,2,1,1,7,2,,2.0,1.0,
687,03180100102,3,18,1,1,2,1,1,8,2,,2.0,1.0,
688,03180100102,3,18,1,1,2,1,1,9,2,,2.0,1.0,
689,03180100102,3,18,1,1,2,1,1,10,2,,2.0,1.0,
690,03180201302,3,18,2,13,2,2,13,1,1,1.0,,,1.0
691,03180201302,3,18,2,13,2,2,13,2,2,,1.0,1.0,
692,03180201302,3,18,2,13,2,2,13,3,2,,1.0,1.0,
693,03180201302,3,18,2,13,2,2,13,4,2,,1.0,1.0,
694,03180201302,3,18,2,13,2,2,13,5,2,,1.0,1.0,
695,03180201302,3,18,2,13,2,2,13,6,2,,1.0,1.0,
696,03180201302,3,18,2,13,2,2,13,7,2,,1.0,1.0,
697,03180201302,3,18,2,13,2,2,13,8,2,,1.0,1.0,
698,03180201302,3,18,2,13,2,2,13,9,2,,1.0,1.0,
699,03180201302,3,18,2,13,2,2,13,10,2,,1.0,1.0,
700,03180302503,3,18,3,25,3,2,14,1,2,,1.0,3.0,
701,03180302503,3,18,3,25,3,2,14,2,2,,1.0,3.0,
702,03180302503,3,18,3,25,3,2,14,3,2,,1.0,3.0,
703,03180302503,3,18,3,25,3,2,14,4,2,,1.0,3.0,
704,03180302503,3,18,3,25,3,2,14,5,2,,1.0,1.0,
705,03180302503,3,18,3,25,3,2,14,6,2,,1.0,1.0,
706,03180302503,3,18,3,25,3,2,14,7,2,,1.0,1.0,
707,03180302503,3,18,3,25,3,2,14,8,2,,1.0,1.0,
708,03180302503,3,18,3,25,3,2,14,9,2,,1.0,1.0,
709,03180302503,3,18,3,25,3,2,14,10,2,,1.0,1.0,
710,03180700305,3,18,7,3,5,1,1,1,1,6.0,,,1.0
711,03180700305,3,18,7,3,5,1,1,2,1,2.0,,,1.0
712,03180700305,3,18,7,3,5,1,1,3,1,2.0,,,1.0
713,03180700305,3,18,7,3,5,1,1,4,2,,2.0,1.0,
714,03180700305,3,18,7,3,5,1,1,5,2,,2.0,1.0,
715,03180700305,3,18,7,3,5,1,1,6,2,,2.0,1.0,
716,03180700305,3,18,7,3,5,1,1,7,2,,2.0,1.0,
717,03180700305,3,18,7,3,5,1,1,8,2,,2.0,1.0,
718,03180700305,3,18,7,3,5,1,1,9,2,,2.0,1.0,
719,03180700305,3,18,7,3,5,1,1,10,2,,2.0,1.0,
720,03190201401,3,19,2,14,1,2,9,1,2,,2.0,1.0,
721,03190201401,3,19,2,14,1,2,9,2,2,,2.0,1.0,
722,03190201401,3,19,2,14,1,2,9,3,2,,2.0,1.0,
723,03190201401,3,19,2,14,1,2,9,4,2,,2.0,1.0,
724,03190201401,3,19,2,14,1,2,9,5,2,,2.0,1.0,
725,03190201401,3,19,2,14,1,2,9,6,2,,2.0,1.0,
726,03190201401,3,19,2,14,1,2,9,7,2,,2.0,1.0,
727,03190201401,3,19,2,14,1,2,9,8,2,,2.0,1.0,
728,03190201401,3,19,2,14,1,2,9,9,2,,2.0,1.0,
729,03190201401,3,19,2,14,1,2,9,10,2,,2.0,1.0,
730,03190202501,3,19,2,25,1,2,8,1,2,,2.0,1.0,
731,03190202501,3,19,2,25,1,2,8,2,2,,2.0,1.0,
732,03190202501,3,19,2,25,1,2,8,3,2,,2.0,1.0,
733,03190202501,3,19,2,25,1,2,8,4,2,,2.0,1.0,
734,03190202501,3,19,2,25,1,2,8,5,2,,2.0,1.0,
735,03190202501,3,19,2,25,1,2,8,6,2,,2.0,1.0,
736,03190202501,3,19,2,25,1,2,8,7,2,,2.0,1.0,
737,03190202501,3,19,2,25,1,2,8,8,2,,2.0,1.0,
738,03190202501,3,19,2,25,1,2,8,9,2,,2.0,1.0,
739,03190202501,3,19,2,25,1,2,8,10,2,,2.0,1.0,
740,03190402004,3,19,4,20,4,2,10,1,2,,2.0,1.0,
741,03190402004,3,19,4,20,4,2,10,2,2,,2.0,1.0,
742,03190402004,3,19,4,20,4,2,10,3,2,,2.0,1.0,
743,03190402004,3,19,4,20,4,2,10,4,2,,2.0,1.0,
744,03190402004,3,19,4,20,4,2,10,5,2,,2.0,1.0,
745,03190402004,3,19,4,20,4,2,10,6,2,,2.0,1.0,
746,03190402004,3,19,4,20,4,2,10,7,2,,2.0,1.0,
747,03190402004,3,19,4,20,4,2,10,8,2,,2.0,1.0,
748,03190402004,3,19,4,20,4,2,10,9,2,,2.0,1.0,
749,03190402004,3,19,4,20,4,2,10,10,2,,2.0,1.0,
750,03200100113,3,20,1,1,13,2,9,1,2,,1.0,1.0,
751,03200100113,3,20,1,1,13,2,9,2,2,,1.0,1.0,
752,03200100113,3,20,1,1,13,2,9,3,2,,1.0,1.0,
753,03200100113,3,20,1,1,13,2,9,4,2,,1.0,1.0,
754,03200100113,3,20,1,1,13,2,9,5,2,,1.0,1.0,
755,03200100113,3,20,1,1,13,2,9,6,2,,1.0,1.0,
756,03200100113,3,20,1,1,13,2,9,7,2,,1.0,1.0,
757,03200100113,3,20,1,1,13,2,9,8,2,,2.0,1.0,
758,03200100113,3,20,1,1,13,2,9,9,2,,2.0,1.0,
759,03200100113,3,20,1,1,13,2,9,10,2,,2.0,1.0,
760,03200100807,3,20,1,8,7,2,7,1,1,3.0,,,1.0
761,03200100807,3,20,1,8,7,2,7,2,2,,1.0,1.0,
762,03200100807,3,20,1,8,7,2,7,3,2,,2.0,1.0,
763,03200100807,3,20,1,8,7,2,7,4,2,,2.0,1.0,
764,03200100807,3,20,1,8,7,2,7,5,2,,2.0,1.0,
765,03200100807,3,20,1,8,7,2,7,6,2,,2.0,1.0,
766,03200100807,3,20,1,8,7,2,7,7,2,,2.0,1.0,
767,03200100807,3,20,1,8,7,2,7,8,2,,2.0,1.0,
768,03200100807,3,20,1,8,7,2,7,9,2,,2.0,1.0,
769,03200100807,3,20,1,8,7,2,7,10,2,,2.0,1.0,
770,03200200209,3,20,2,2,9,1,4,1,2,,1.0,1.0,
771,03200200209,3,20,2,2,9,1,4,2,2,,2.0,2.0,
772,03200200209,3,20,2,2,9,1,4,3,2,,2.0,1.0,
773,03200200209,3,20,2,2,9,1,4,4,2,,2.0,1.0,
774,03200200209,3,20,2,2,9,1,4,5,2,,2.0,1.0,
775,03200200209,3,20,2,2,9,1,4,6,2,,2.0,1.0,
776,03200200209,3,20,2,2,9,1,4,7,2,,2.0,1.0,
777,03200200209,3,20,2,2,9,1,4,8,2,,2.0,1.0,
778,03200200209,3,20,2,2,9,1,4,9,2,,2.0,1.0,
779,03200200209,3,20,2,2,9,1,4,10,2,,2.0,1.0,
780,03210100412,3,21,1,4,12,1,1,1,1,6.0,,,1.0
781,03210100412,3,21,1,4,12,1,1,2,1,2.0,,,1.0
782,03210100412,3,21,1,4,12,1,1,3,1,3.0,,,1.0
783,03210100412,3,21,1,4,12,1,1,4,2,,2.0,1.0,
784,03210100412,3,21,1,4,12,1,1,5,2,,2.0,1.0,
785,03210100412,3,21,1,4,12,1,1,6,2,,2.0,1.0,
786,03210100412,3,21,1,4,12,1,1,7,2,,2.0,1.0,
787,03210100412,3,21,1,4,12,1,1,8,2,,2.0,1.0,
788,03210100412,3,21,1,4,12,1,1,9,2,,2.0,1.0,
789,03210100412,3,21,1,4,12,1,1,10,2,,2.0,1.0,
790,04220202602,4,22,2,26,2,2,1,1,2,,2.0,1.0,
791,04220202602,4,22,2,26,2,2,1,2,2,,2.0,1.0,
792,04220202602,4,22,2,26,2,2,1,3,2,,2.0,1.0,
793,04220202602,4,22,2,26,2,2,1,4,2,,2.0,1.0,
794,04220202602,4,22,2,26,2,2,1,5,2,,2.0,1.0,
795,04220202602,4,22,2,26,2,2,1,6,2,,2.0,1.0,
796,04220202602,4,22,2,26,2,2,1,7,2,,2.0,1.0,
797,04220202602,4,22,2,26,2,2,1,8,2,,2.0,1.0,
798,04220202602,4,22,2,26,2,2,1,9,2,,2.0,1.0,
799,04220202602,4,22,2,26,2,2,1,10,2,,2.0,1.0,
800,04220800303,4,22,8,3,3,2,1,1,2,,2.0,1.0,
801,04220800303,4,22,8,3,3,2,1,2,2,,2.0,1.0,
802,04220800303,4,22,8,3,3,2,1,3,2,,2.0,1.0,
803,04220800303,4,22,8,3,3,2,1,4,2,,2.0,1.0,
804,04220800303,4,22,8,3,3,2,1,5,2,,2.0,1.0,
805,04220800303,4,22,8,3,3,2,1,6,2,,2.0,1.0,
806,04220800303,4,22,8,3,3,2,1,7,2,,2.0,1.0,
807,04220800303,4,22,8,3,3,2,1,8,2,,2.0,1.0,
808,04220800303,4,22,8,3,3,2,1,9,2,,2.0,1.0,
809,04220800303,4,22,8,3,3,2,1,10,1,1.0,,,1.0
810,04230200302,4,23,2,3,2,2,1,1,2,,2.0,1.0,
811,04230200302,4,23,2,3,2,2,1,2,2,,2.0,1.0,
812,04230200302,4,23,2,3,2,2,1,3,2,,2.0,1.0,
813,04230200302,4,23,2,3,2,2,1,4,2,,2.0,1.0,
814,04230200302,4,23,2,3,2,2,1,5,2,,2.0,1.0,
815,04230200302,4,23,2,3,2,2,1,6,2,,2.0,1.0,
816,04230200302,4,23,2,3,2,2,1,7,2,,2.0,1.0,
817,04230200302,4,23,2,3,2,2,1,8,2,,2.0,1.0,
818,04230200302,4,23,2,3,2,2,1,9,2,,2.0,1.0,
819,04230200302,4,23,2,3,2,2,1,10,2,,2.0,1.0,
820,04231300304,4,23,13,3,4,2,1,1,2,,2.0,1.0,
821,04231300304,4,23,13,3,4,2,1,2,2,,2.0,1.0,
822,04231300304,4,23,13,3,4,2,1,3,2,,2.0,1.0,
823,04231300304,4,23,13,3,4,2,1,4,2,,2.0,1.0,
824,04231300304,4,23,13,3,4,2,1,5,2,,2.0,1.0,
825,04231300304,4,23,13,3,4,2,1,6,2,,2.0,1.0,
826,04231300304,4,23,13,3,4,2,1,7,2,,2.0,1.0,
827,04231300304,4,23,13,3,4,2,1,8,2,,2.0,1.0,
828,04231300304,4,23,13,3,4,2,1,9,2,,2.0,1.0,
829,04231300304,4,23,13,3,4,2,1,10,2,,2.0,1.0,
830,04231301905,4,23,13,19,5,2,1,1,2,,2.0,1.0,
831,04231301905,4,23,13,19,5,2,1,2,2,,2.0,1.0,
832,04231301905,4,23,13,19,5,2,1,3,2,,2.0,1.0,
833,04231301905,4,23,13,19,5,2,1,4,2,,2.0,1.0,
834,04231301905,4,23,13,19,5,2,1,5,2,,2.0,1.0,
835,04231301905,4,23,13,19,5,2,1,6,2,,2.0,1.0,
836,04231301905,4,23,13,19,5,2,1,7,2,,2.0,1.0,
837,04231301905,4,23,13,19,5,2,1,8,2,,2.0,1.0,
838,04231301905,4,23,13,19,5,2,1,9,2,,2.0,1.0,
839,04231301905,4,23,13,19,5,2,1,10,2,,2.0,1.0,
840,04240101704,4,24,1,17,4,2,1,1,2,,2.0,3.0,
841,04240101704,4,24,1,17,4,2,1,2,2,,,,
842,04240101704,4,24,1,17,4,2,1,3,2,,,,
843,04240101704,4,24,1,17,4,2,1,4,2,,2.0,1.0,
844,04240101704,4,24,1,17,4,2,1,5,2,,2.0,1.0,
845,04240101704,4,24,1,17,4,2,1,6,2,,2.0,3.0,
846,04240101704,4,24,1,17,4,2,1,7,2,,2.0,3.0,
847,04240101704,4,24,1,17,4,2,1,8,2,,2.0,1.0,
848,04240101704,4,24,1,17,4,2,1,9,2,,2.0,1.0,
849,04240101704,4,24,1,17,4,2,1,10,2,,2.0,1.0,
850,04240602203,4,24,6,22,3,2,1,1,2,,2.0,1.0,
851,04240602203,4,24,6,22,3,2,1,2,2,,2.0,1.0,
852,04240602203,4,24,6,22,3,2,1,3,2,,2.0,1.0,
853,04240602203,4,24,6,22,3,2,1,4,2,,2.0,1.0,
854,04240602203,4,24,6,22,3,2,1,5,2,,2.0,1.0,
855,04240602203,4,24,6,22,3,2,1,6,2,,2.0,1.0,
856,04240602203,4,24,6,22,3,2,1,7,2,,2.0,1.0,
857,04240602203,4,24,6,22,3,2,1,8,2,,2.0,1.0,
858,04240602203,4,24,6,22,3,2,1,9,2,,2.0,1.0,
859,04240602203,4,24,6,22,3,2,1,10,2,,2.0,1.0,
860,04242204001,4,24,22,40,1,2,1,1,2,,2.0,1.0,
861,04242204001,4,24,22,40,1,2,1,2,2,,2.0,1.0,
862,04242204001,4,24,22,40,1,2,1,3,2,,2.0,1.0,
863,04242204001,4,24,22,40,1,2,1,4,2,,2.0,1.0,
864,04242204001,4,24,22,40,1,2,1,5,2,,2.0,1.0,
865,04242204001,4,24,22,40,1,2,1,6,2,,2.0,1.0,
866,04242204001,4,24,22,40,1,2,1,7,1,1.0,,,
867,04242204001,4,24,22,40,1,2,1,8,2,,2.0,1.0,
868,04242204001,4,24,22,40,1,2,1,9,2,,2.0,1.0,
869,04242204001,4,24,22,40,1,2,1,10,2,,2.0,1.0,
870,04260801102,4,26,8,11,2,2,1,1,2,,2.0,1.0,
871,04260801102,4,26,8,11,2,2,1,2,2,,2.0,1.0,
872,04260801102,4,26,8,11,2,2,1,3,2,,2.0,1.0,
873,04260801102,4,26,8,11,2,2,1,4,2,,2.0,1.0,
874,04260801102,4,26,8,11,2,2,1,5,2,,2.0,1.0,
875,04260801102,4,26,8,11,2,2,1,6,2,,2.0,1.0,
876,04260801102,4,26,8,11,2,2,1,7,2,,2.0,1.0,
877,04260801102,4,26,8,11,2,2,1,8,2,,2.0,1.0,
878,04260801102,4,26,8,11,2,2,1,9,2,,2.0,1.0,
879,04260801102,4,26,8,11,2,2,1,10,1,1.0,,,
880,04260803103,4,26,8,31,3,2,1,1,2,,2.0,1.0,
881,04260803103,4,26,8,31,3,2,1,2,2,,2.0,1.0,
882,04260803103,4,26,8,31,3,2,1,3,2,,2.0,1.0,
883,04260803103,4,26,8,31,3,2,1,4,2,,2.0,1.0,
884,04260803103,4,26,8,31,3,2,1,5,2,,2.0,1.0,
885,04260803103,4,26,8,31,3,2,1,6,2,,2.0,1.0,
886,04260803103,4,26,8,31,3,2,1,7,2,,2.0,1.0,
887,04260803103,4,26,8,31,3,2,1,8,2,,2.0,1.0,
888,04260803103,4,26,8,31,3,2,1,9,2,,2.0,1.0,
889,04260803103,4,26,8,31,3,2,1,10,2,,2.0,1.0,
890,04261701902,4,26,17,19,2,2,1,1,2,,2.0,1.0,
891,04261701902,4,26,17,19,2,2,1,2,1,1.0,,,
892,04261701902,4,26,17,19,2,2,1,3,2,,2.0,1.0,
893,04261701902,4,26,17,19,2,2,1,4,2,,2.0,1.0,
894,04261701902,4,26,17,19,2,2,1,5,2,,2.0,1.0,
895,04261701902,4,26,17,19,2,2,1,6,2,,2.0,1.0,
896,04261701902,4,26,17,19,2,2,1,7,2,,2.0,1.0,
897,04261701902,4,26,17,19,2,2,1,8,2,,2.0,1.0,
898,04261701902,4,26,17,19,2,2,1,9,1,1.0,,,
899,04261701902,4,26,17,19,2,2,1,10,2,,2.0,1.0,
900,04271800107,4,27,18,1,7,1,2,1,1,120.0,,,1.0
901,04271800107,4,27,18,1,7,1,2,2,2,,2.0,1.0,
902,04271800107,4,27,18,1,7,1,2,3,1,1.0,,,1.0
903,04271800107,4,27,18,1,7,1,2,4,2,,2.0,1.0,
904,04271800107,4,27,18,1,7,1,2,5,2,,2.0,1.0,
905,04271800107,4,27,18,1,7,1,2,6,2,,2.0,1.0,
906,04271800107,4,27,18,1,7,1,2,7,2,,2.0,1.0,
907,04271800107,4,27,18,1,7,1,2,8,2,,2.0,1.0,
908,04271800107,4,27,18,1,7,1,2,9,2,,2.0,1.0,
909,04271800107,4,27,18,1,7,1,2,10,2,,2.0,1.0,
910,04280201505,4,28,2,15,5,2,5,1,2,,2.0,1.0,
911,04280201505,4,28,2,15,5,2,5,2,2,,2.0,1.0,
912,04280201505,4,28,2,15,5,2,5,3,2,,2.0,1.0,
913,04280201505,4,28,2,15,5,2,5,4,2,,2.0,1.0,
914,04280201505,4,28,2,15,5,2,5,5,2,,2.0,1.0,
915,04280201505,4,28,2,15,5,2,5,6,2,,2.0,1.0,
916,04280201505,4,28,2,15,5,2,5,7,2,,2.0,1.0,
917,04280201505,4,28,2,15,5,2,5,8,2,,2.0,1.0,
918,04280201505,4,28,2,15,5,2,5,9,2,,2.0,1.0,
919,04280201505,4,28,2,15,5,2,5,10,2,,2.0,1.0,
920,04280203203,4,28,2,32,3,2,4,1,2,,2.0,555.0,2.0
921,04280203203,4,28,2,32,3,2,4,2,2,,2.0,1.0,
922,04280203203,4,28,2,32,3,2,4,3,2,,2.0,1.0,
923,04280203203,4,28,2,32,3,2,4,4,2,,2.0,1.0,
924,04280203203,4,28,2,32,3,2,4,5,2,,2.0,1.0,
925,04280203203,4,28,2,32,3,2,4,6,2,,2.0,1.0,
926,04280203203,4,28,2,32,3,2,4,7,2,,2.0,1.0,
927,04280203203,4,28,2,32,3,2,4,8,2,,2.0,1.0,
928,04280203203,4,28,2,32,3,2,4,9,2,,2.0,1.0,
929,04280203203,4,28,2,32,3,2,4,10,2,,2.0,1.0,
930,04280900226,4,28,9,2,26,1,4,1,1,4.0,,,1.0
931,04280900226,4,28,9,2,26,1,4,2,2,,1.0,1.0,
932,04280900226,4,28,9,2,26,1,4,3,2,,2.0,1.0,
933,04280900226,4,28,9,2,26,1,4,4,2,,2.0,1.0,
934,04280900226,4,28,9,2,26,1,4,5,2,,2.0,1.0,
935,04280900226,4,28,9,2,26,1,4,6,2,,2.0,1.0,
936,04280900226,4,28,9,2,26,1,4,7,2,,1.0,1.0,
937,04280900226,4,28,9,2,26,1,4,8,2,,2.0,1.0,
938,04280900226,4,28,9,2,26,1,4,9,2,,2.0,1.0,
939,04280900226,4,28,9,2,26,1,4,10,2,,2.0,1.0,
940,04290500106,4,29,5,1,6,1,6,1,1,10.0,,,1.0
941,04290500106,4,29,5,1,6,1,6,2,2,,2.0,1.0,
942,04290500106,4,29,5,1,6,1,6,3,2,,2.0,1.0,
943,04290500106,4,29,5,1,6,1,6,4,2,,2.0,1.0,
944,04290500106,4,29,5,1,6,1,6,5,2,,2.0,1.0,
945,04290500106,4,29,5,1,6,1,6,6,2,,2.0,1.0,
946,04290500106,4,29,5,1,6,1,6,7,2,,2.0,1.0,
947,04290500106,4,29,5,1,6,1,6,8,2,,2.0,1.0,
948,04290500106,4,29,5,1,6,1,6,9,2,,2.0,1.0,
949,04290500106,4,29,5,1,6,1,6,10,2,,2.0,1.0,
950,04291500905,4,29,15,9,5,2,5,1,1,1.0,,,1.0
951,04291500905,4,29,15,9,5,2,5,2,1,1.0,,,1.0
952,04291500905,4,29,15,9,5,2,5,3,1,2.0,,,1.0
953,04291500905,4,29,15,9,5,2,5,4,2,,2.0,1.0,
954,04291500905,4,29,15,9,5,2,5,5,2,,2.0,1.0,
955,04291500905,4,29,15,9,5,2,5,6,2,,2.0,1.0,
956,04291500905,4,29,15,9,5,2,5,7,2,,2.0,1.0,
957,04291500905,4,29,15,9,5,2,5,8,2,,2.0,1.0,
958,04291500905,4,29,15,9,5,2,5,9,2,,2.0,1.0,
959,04291500905,4,29,15,9,5,2,5,10,2,,2.0,1.0,
960,04291501302,4,29,15,13,2,2,2,1,2,,2.0,1.0,
961,04291501302,4,29,15,13,2,2,2,2,2,,2.0,1.0,
962,04291501302,4,29,15,13,2,2,2,3,2,,2.0,1.0,
963,04291501302,4,29,15,13,2,2,2,4,2,,2.0,1.0,
964,04291501302,4,29,15,13,2,2,2,5,2,,2.0,1.0,
965,04291501302,4,29,15,13,2,2,2,6,2,,2.0,1.0,
966,04291501302,4,29,15,13,2,2,2,7,2,,2.0,1.0,
967,04291501302,4,29,15,13,2,2,2,8,2,,2.0,1.0,
968,04291501302,4,29,15,13,2,2,2,9,2,,2.0,1.0,
969,04291501302,4,29,15,13,2,2,2,10,2,,2.0,1.0,
970,04291801901,4,29,18,19,1,2,1,1,2,,2.0,1.0,
971,04291801901,4,29,18,19,1,2,1,2,2,,2.0,1.0,
972,04291801901,4,29,18,19,1,2,1,3,2,,2.0,1.0,
973,04291801901,4,29,18,19,1,2,1,4,2,,2.0,1.0,
974,04291801901,4,29,18,19,1,2,1,5,2,,2.0,1.0,
975,04291801901,4,29,18,19,1,2,1,6,2,,2.0,1.0,
976,04291801901,4,29,18,19,1,2,1,7,2,,2.0,1.0,
977,04291801901,4,29,18,19,1,2,1,8,2,,2.0,1.0,
978,04291801901,4,29,18,19,1,2,1,9,2,,2.0,1.0,
979,04291801901,4,29,18,19,1,2,1,10,2,,2.0,1.0,
980,04292500402,4,29,25,4,2,1,4,1,1,20.0,,,1.0
981,04292500402,4,29,25,4,2,1,4,2,1,1.0,,,1.0
982,04292500402,4,29,25,4,2,1,4,3,2,,2.0,1.0,
983,04292500402,4,29,25,4,2,1,4,4,2,,2.0,1.0,
984,04292500402,4,29,25,4,2,1,4,5,2,,2.0,1.0,
985,04292500402,4,29,25,4,2,1,4,6,2,,2.0,1.0,
986,04292500402,4,29,25,4,2,1,4,7,2,,2.0,1.0,
987,04292500402,4,29,25,4,2,1,4,8,2,,2.0,1.0,
988,04292500402,4,29,25,4,2,1,4,9,2,,2.0,1.0,
989,04292500402,4,29,25,4,2,1,4,10,2,,2.0,1.0,
990,04300400106,4,30,4,1,6,1,6,1,1,5.0,,,1.0
991,04300400106,4,30,4,1,6,1,6,2,2,,2.0,1.0,
992,04300400106,4,30,4,1,6,1,6,3,2,,2.0,1.0,
993,04300400106,4,30,4,1,6,1,6,4,2,,2.0,1.0,
994,04300400106,4,30,4,1,6,1,6,5,2,,2.0,1.0,
995,04300400106,4,30,4,1,6,1,6,6,2,,2.0,1.0,
996,04300400106,4,30,4,1,6,1,6,7,2,,2.0,1.0,
997,04300400106,4,30,4,1,6,1,6,8,2,,2.0,1.0,
998,04300400106,4,30,4,1,6,1,6,9,2,,2.0,1.0,
999,04300400106,4,30,4,1,6,1,6,10,2,,2.0,1.0,
1000,04300800105,4,30,8,1,5,2,5,1,2,,2.0,1.0,
1001,04300800105,4,30,8,1,5,2,5,2,2,,2.0,1.0,
1002,04300800105,4,30,8,1,5,2,5,3,2,,2.0,1.0,
1003,04300800105,4,30,8,1,5,2,5,4,2,,2.0,1.0,
1004,04300800105,4,30,8,1,5,2,5,5,2,,2.0,1.0,
1005,04300800105,4,30,8,1,5,2,5,6,2,,2.0,1.0,
1006,04300800105,4,30,8,1,5,2,5,7,2,,2.0,1.0,
1007,04300800105,4,30,8,1,5,2,5,8,2,,2.0,1.0,
1008,04300800105,4,30,8,1,5,2,5,9,2,,2.0,1.0,
1009,04300800105,4,30,8,1,5,2,5,10,2,,2.0,1.0,
1010,04300800105,4,30,8,1,5,2,8,1,2,,2.0,1.0,
1011,04300800105,4,30,8,1,5,2,8,2,2,,2.0,1.0,
1012,04300800105,4,30,8,1,5,2,8,3,2,,2.0,1.0,
1013,04300800105,4,30,8,1,5,2,8,4,2,,2.0,1.0,
1014,04300800105,4,30,8,1,5,2,8,5,2,,2.0,1.0,
1015,04300800105,4,30,8,1,5,2,8,6,2,,2.0,1.0,
1016,04300800105,4,30,8,1,5,2,8,7,2,,2.0,1.0,
1017,04300800105,4,30,8,1,5,2,8,8,2,,2.0,1.0,
1018,04300800105,4,30,8,1,5,2,8,9,2,,2.0,1.0,
1019,04300800105,4,30,8,1,5,2,8,10,2,,2.0,1.0,
1020,04300802504,4,30,8,25,4,2,4,1,2,,2.0,1.0,
1021,04300802504,4,30,8,25,4,2,4,2,2,,2.0,1.0,
1022,04300802504,4,30,8,25,4,2,4,3,2,,2.0,1.0,
1023,04300802504,4,30,8,25,4,2,4,4,2,,2.0,1.0,
1024,04300802504,4,30,8,25,4,2,4,5,2,,2.0,1.0,
1025,04300802504,4,30,8,25,4,2,4,6,2,,2.0,1.0,
1026,04300802504,4,30,8,25,4,2,4,7,2,,2.0,1.0,
1027,04300802504,4,30,8,25,4,2,4,8,2,,2.0,1.0,
1028,04300802504,4,30,8,25,4,2,4,9,2,,2.0,1.0,
1029,04300802504,4,30,8,25,4,2,4,10,2,,2.0,1.0,
1030,04301301004,4,30,13,10,4,2,4,1,2,,1.0,1.0,
1031,04301301004,4,30,13,10,4,2,4,2,2,,1.0,3.0,
1032,04301301004,4,30,13,10,4,2,4,3,2,,2.0,1.0,
1033,04301301004,4,30,13,10,4,2,4,4,2,,1.0,1.0,
1034,04301301004,4,30,13,10,4,2,4,5,2,,2.0,1.0,
1035,04301301004,4,30,13,10,4,2,4,6,2,,2.0,1.0,
1036,04301301004,4,30,13,10,4,2,4,7,2,,2.0,1.0,
1037,04301301004,4,30,13,10,4,2,4,8,2,,2.0,1.0,
1038,04301301004,4,30,13,10,4,2,4,9,2,,2.0,1.0,
1039,04301301004,4,30,13,10,4,2,4,10,2,,2.0,1.0,
1040,04311103311,4,31,11,33,11,2,10,1,2,,2.0,1.0,
1041,04311103311,4,31,11,33,11,2,10,2,2,,2.0,1.0,
1042,04311103311,4,31,11,33,11,2,10,3,2,,2.0,1.0,
1043,04311103311,4,31,11,33,11,2,10,4,2,,2.0,1.0,
1044,04311103311,4,31,11,33,11,2,10,5,2,,2.0,1.0,
1045,04311103311,4,31,11,33,11,2,10,6,2,,2.0,1.0,
1046,04311103311,4,31,11,33,11,2,10,7,2,,2.0,1.0,
1047,04311103311,4,31,11,33,11,2,10,8,2,,2.0,1.0,
1048,04311103311,4,31,11,33,11,2,10,9,2,,2.0,1.0,
1049,04311103311,4,31,11,33,11,2,10,10,2,,2.0,1.0,
1050,04311200105,4,31,12,1,5,1,10,1,1,3.0,,,1.0
1051,04311200105,4,31,12,1,5,1,10,2,2,,1.0,555.0,1.0
1052,04311200105,4,31,12,1,5,1,10,3,1,3.0,,,1.0
1053,04311200105,4,31,12,1,5,1,10,4,2,,1.0,3.0,
1054,04311200105,4,31,12,1,5,1,10,5,2,,2.0,555.0,1.0
1055,04311200105,4,31,12,1,5,1,10,6,2,,2.0,555.0,1.0
1056,04311200105,4,31,12,1,5,1,10,7,2,,1.0,1.0,
1057,04311200105,4,31,12,1,5,1,10,8,2,,1.0,1.0,
1058,04311200105,4,31,12,1,5,1,10,9,2,,1.0,1.0,
1059,04311200105,4,31,12,1,5,1,10,10,2,,2.0,1.0,
1060,04311201223,4,31,12,12,23,2,23,1,2,,2.0,1.0,
1061,04311201223,4,31,12,12,23,2,23,2,2,,1.0,1.0,
1062,04311201223,4,31,12,12,23,2,23,3,1,1.0,,,1.0
1063,04311201223,4,31,12,12,23,2,23,4,2,,2.0,1.0,
1064,04311201223,4,31,12,12,23,2,23,5,2,,2.0,1.0,
1065,04311201223,4,31,12,12,23,2,23,6,2,,2.0,1.0,
1066,04311201223,4,31,12,12,23,2,23,7,2,,,,
1067,04311201223,4,31,12,12,23,2,23,8,1,1.0,,,1.0
1068,04311201223,4,31,12,12,23,2,23,9,1,1.0,,,1.0
1069,04311201223,4,31,12,12,23,2,23,10,2,,2.0,1.0,
1070,04320400608,4,32,4,6,8,2,3,1,1,1.0,,,1.0
1071,04320400608,4,32,4,6,8,2,3,2,2,,2.0,1.0,
1072,04320400608,4,32,4,6,8,2,3,3,2,,2.0,1.0,
1073,04320400608,4,32,4,6,8,2,3,4,2,,2.0,1.0,
1074,04320400608,4,32,4,6,8,2,3,5,2,,2.0,1.0,
1075,04320400608,4,32,4,6,8,2,3,6,2,,2.0,1.0,
1076,04320400608,4,32,4,6,8,2,3,7,2,,2.0,1.0,
1077,04320400608,4,32,4,6,8,2,3,8,2,,2.0,1.0,
1078,04320400608,4,32,4,6,8,2,3,9,2,,2.0,1.0,
1079,04320400608,4,32,4,6,8,2,3,10,2,,2.0,1.0,
1080,04320501610,4,32,5,16,10,2,10,1,2,,2.0,1.0,
1081,04320501610,4,32,5,16,10,2,10,2,2,,2.0,1.0,
1082,04320501610,4,32,5,16,10,2,10,3,2,,2.0,1.0,
1083,04320501610,4,32,5,16,10,2,10,4,2,,2.0,1.0,
1084,04320501610,4,32,5,16,10,2,10,5,2,,2.0,1.0,
1085,04320501610,4,32,5,16,10,2,10,6,2,,2.0,1.0,
1086,04320501610,4,32,5,16,10,2,10,7,2,,2.0,1.0,
1087,04320501610,4,32,5,16,10,2,10,8,2,,2.0,1.0,
1088,04320501610,4,32,5,16,10,2,10,9,2,,2.0,1.0,
1089,04320501610,4,32,5,16,10,2,10,10,2,,2.0,1.0,
1090,04320600302,4,32,6,3,2,2,2,1,2,,2.0,1.0,
1091,04320600302,4,32,6,3,2,2,2,2,2,,2.0,1.0,
1092,04320600302,4,32,6,3,2,2,2,3,2,,2.0,1.0,
1093,04320600302,4,32,6,3,2,2,2,4,2,,2.0,1.0,
1094,04320600302,4,32,6,3,2,2,2,5,2,,2.0,1.0,
1095,04320600302,4,32,6,3,2,2,2,6,2,,2.0,1.0,
1096,04320600302,4,32,6,3,2,2,2,7,2,,2.0,1.0,
1097,04320600302,4,32,6,3,2,2,2,8,2,,2.0,1.0,
1098,04320600302,4,32,6,3,2,2,2,9,2,,2.0,1.0,
1099,04320600302,4,32,6,3,2,2,2,10,2,,2.0,1.0,
1100,04321200208,4,32,12,2,8,1,2,1,1,8.0,,,1.0
1101,04321200208,4,32,12,2,8,1,2,2,2,,2.0,1.0,
1102,04321200208,4,32,12,2,8,1,2,3,2,,2.0,1.0,
1103,04321200208,4,32,12,2,8,1,2,4,2,,2.0,1.0,
1104,04321200208,4,32,12,2,8,1,2,5,2,,1.0,1.0,
1105,04321200208,4,32,12,2,8,1,2,6,2,,2.0,1.0,
1106,04321200208,4,32,12,2,8,1,2,7,2,,1.0,1.0,
1107,04321200208,4,32,12,2,8,1,2,8,2,,2.0,1.0,
1108,04321200208,4,32,12,2,8,1,2,9,2,,2.0,1.0,
1109,04321200208,4,32,12,2,8,1,2,10,2,,2.0,1.0,
1110,04321600405,4,32,16,4,5,2,5,1,2,,2.0,1.0,
1111,04321600405,4,32,16,4,5,2,5,2,2,,2.0,1.0,
1112,04321600405,4,32,16,4,5,2,5,3,2,,2.0,1.0,
1113,04321600405,4,32,16,4,5,2,5,4,2,,2.0,1.0,
1114,04321600405,4,32,16,4,5,2,5,5,2,,2.0,1.0,
1115,04321600405,4,32,16,4,5,2,5,6,2,,2.0,1.0,
1116,04321600405,4,32,16,4,5,2,5,7,2,,2.0,1.0,
1117,04321600405,4,32,16,4,5,2,5,8,2,,2.0,1.0,
1118,04321600405,4,32,16,4,5,2,5,9,2,,2.0,1.0,
1119,04321600405,4,32,16,4,5,2,5,10,2,,2.0,1.0,
1120,04330600803,4,33,6,8,3,2,5,1,2,,2.0,1.0,
1121,04330600803,4,33,6,8,3,2,5,2,2,,2.0,1.0,
1122,04330600803,4,33,6,8,3,2,5,3,2,,2.0,1.0,
1123,04330600803,4,33,6,8,3,2,5,4,2,,2.0,1.0,
1124,04330600803,4,33,6,8,3,2,5,5,2,,2.0,1.0,
1125,04330600803,4,33,6,8,3,2,5,6,2,,2.0,1.0,
1126,04330600803,4,33,6,8,3,2,5,7,2,,,,
1127,04330600803,4,33,6,8,3,2,5,8,2,,2.0,1.0,
1128,04330600803,4,33,6,8,3,2,5,9,2,,2.0,1.0,
1129,04330600803,4,33,6,8,3,2,5,10,2,,2.0,1.0,
1130,04330600803,4,33,6,8,3,2,6,1,2,,2.0,1.0,
1131,04330600803,4,33,6,8,3,2,6,2,2,,2.0,1.0,
1132,04330600803,4,33,6,8,3,2,6,3,2,,2.0,1.0,
1133,04330600803,4,33,6,8,3,2,6,4,2,,2.0,1.0,
1134,04330600803,4,33,6,8,3,2,6,5,2,,2.0,1.0,
1135,04330600803,4,33,6,8,3,2,6,6,2,,2.0,1.0,
1136,04330600803,4,33,6,8,3,2,6,7,2,,2.0,1.0,
1137,04330600803,4,33,6,8,3,2,6,8,2,,2.0,1.0,
1138,04330600803,4,33,6,8,3,2,6,9,2,,2.0,1.0,
1139,04330600803,4,33,6,8,3,2,6,10,2,,2.0,1.0,
1140,04330801809,4,33,8,18,9,2,7,1,2,,1.0,1.0,
1141,04330801809,4,33,8,18,9,2,7,2,2,,2.0,1.0,
1142,04330801809,4,33,8,18,9,2,7,3,1,1.0,,,2.0
1143,04330801809,4,33,8,18,9,2,7,4,2,,1.0,1.0,
1144,04330801809,4,33,8,18,9,2,7,5,2,,1.0,1.0,
1145,04330801809,4,33,8,18,9,2,7,6,2,,1.0,1.0,
1146,04330801809,4,33,8,18,9,2,7,7,1,2.0,,,2.0
1147,04330801809,4,33,8,18,9,2,7,8,2,,1.0,1.0,
1148,04330801809,4,33,8,18,9,2,7,9,2,,1.0,1.0,
1149,04330801809,4,33,8,18,9,2,7,10,2,,2.0,1.0,
1150,04340300103,4,34,3,1,3,1,3,1,1,20.0,,,1.0
1151,04340300103,4,34,3,1,3,1,3,2,2,,1.0,1.0,
1152,04340300103,4,34,3,1,3,1,3,3,1,1.0,,,1.0
1153,04340300103,4,34,3,1,3,1,3,4,2,,2.0,1.0,
1154,04340300103,4,34,3,1,3,1,3,5,2,,2.0,1.0,
1155,04340300103,4,34,3,1,3,1,3,6,2,,2.0,1.0,
1156,04340300103,4,34,3,1,3,1,3,7,2,,2.0,1.0,
1157,04340300103,4,34,3,1,3,1,3,8,2,,2.0,1.0,
1158,04340300103,4,34,3,1,3,1,3,9,2,,2.0,1.0,
1159,04340300103,4,34,3,1,3,1,3,10,2,,2.0,1.0,
1160,04340900114,4,34,9,1,14,1,2,1,1,6.0,,,1.0
1161,04340900114,4,34,9,1,14,1,2,2,2,,,,
1162,04340900114,4,34,9,1,14,1,2,3,2,,2.0,1.0,
1163,04340900114,4,34,9,1,14,1,2,4,2,,2.0,1.0,
1164,04340900114,4,34,9,1,14,1,2,5,2,,2.0,1.0,
1165,04340900114,4,34,9,1,14,1,2,6,2,,2.0,1.0,
1166,04340900114,4,34,9,1,14,1,2,7,2,,2.0,1.0,
1167,04340900114,4,34,9,1,14,1,2,8,2,,2.0,1.0,
1168,04340900114,4,34,9,1,14,1,2,9,2,,2.0,1.0,
1169,04340900114,4,34,9,1,14,1,2,10,2,,2.0,1.0,
1170,04360100202,4,36,1,2,2,1,8,1,1,10.0,,,1.0
1171,04360100202,4,36,1,2,2,1,8,2,2,,2.0,1.0,
1172,04360100202,4,36,1,2,2,1,8,3,2,,2.0,1.0,
1173,04360100202,4,36,1,2,2,1,8,4,2,,2.0,1.0,
1174,04360100202,4,36,1,2,2,1,8,5,1,1.0,,,1.0
1175,04360100202,4,36,1,2,2,1,8,6,2,,2.0,1.0,
1176,04360100202,4,36,1,2,2,1,8,7,2,,2.0,1.0,
1177,04360100202,4,36,1,2,2,1,8,8,2,,2.0,1.0,
1178,04360100202,4,36,1,2,2,1,8,9,2,,2.0,1.0,
1179,04360100202,4,36,1,2,2,1,8,10,2,,2.0,1.0,
1180,04360101005,4,36,1,10,5,1,5,1,1,10.0,,,1.0
1181,04360101005,4,36,1,10,5,1,5,1,1,23.0,,,1.0
1182,04360101005,4,36,1,10,5,1,5,2,1,1.0,,,1.0
1183,04360101005,4,36,1,10,5,1,5,2,1,1.0,,,1.0
1184,04360101005,4,36,1,10,5,1,5,3,1,1.0,,,1.0
1185,04360101005,4,36,1,10,5,1,5,3,1,1.0,,,1.0
1186,04360101005,4,36,1,10,5,1,5,4,2,,2.0,1.0,
1187,04360101005,4,36,1,10,5,1,5,4,2,,2.0,1.0,
1188,04360101005,4,36,1,10,5,1,5,5,2,,2.0,1.0,
1189,04360101005,4,36,1,10,5,1,5,5,1,3.0,,,1.0
1190,04360101005,4,36,1,10,5,1,5,6,2,,2.0,1.0,
1191,04360101005,4,36,1,10,5,1,5,6,2,,2.0,1.0,
1192,04360101005,4,36,1,10,5,1,5,7,2,,2.0,1.0,
1193,04360101005,4,36,1,10,5,1,5,7,1,1.0,,,1.0
1194,04360101005,4,36,1,10,5,1,5,8,2,,2.0,1.0,
1195,04360101005,4,36,1,10,5,1,5,8,2,,2.0,1.0,
1196,04360101005,4,36,1,10,5,1,5,9,2,,2.0,1.0,
1197,04360101005,4,36,1,10,5,1,5,9,2,,2.0,1.0,
1198,04360101005,4,36,1,10,5,1,5,10,2,,1.0,1.0,
1199,04360101005,4,36,1,10,5,1,5,10,2,,2.0,1.0,
1200,04360101402,4,36,1,14,2,1,4,1,1,160.0,,,1.0
1201,04360101402,4,36,1,14,2,1,4,2,2,,2.0,1.0,
1202,04360101402,4,36,1,14,2,1,4,3,2,,2.0,1.0,
1203,04360101402,4,36,1,14,2,1,4,4,2,,2.0,1.0,
1204,04360101402,4,36,1,14,2,1,4,5,2,,2.0,1.0,
1205,04360101402,4,36,1,14,2,1,4,6,2,,2.0,1.0,
1206,04360101402,4,36,1,14,2,1,4,7,2,,2.0,1.0,
1207,04360101402,4,36,1,14,2,1,4,8,2,,2.0,1.0,
1208,04360101402,4,36,1,14,2,1,4,9,2,,2.0,1.0,
1209,04360101402,4,36,1,14,2,1,4,10,2,,2.0,1.0,
1210,04380100110,4,38,1,1,10,1,16,1,1,5.0,,,1.0
1211,04380100110,4,38,1,1,10,1,16,2,2,,2.0,1.0,
1212,04380100110,4,38,1,1,10,1,16,3,1,1.0,,,1.0
1213,04380100110,4,38,1,1,10,1,16,4,2,,2.0,1.0,
1214,04380100110,4,38,1,1,10,1,16,5,2,,2.0,1.0,
1215,04380100110,4,38,1,1,10,1,16,6,2,,2.0,1.0,
1216,04380100110,4,38,1,1,10,1,16,7,2,,2.0,1.0,
1217,04380100110,4,38,1,1,10,1,16,8,2,,2.0,1.0,
1218,04380100110,4,38,1,1,10,1,16,9,2,,2.0,1.0,
1219,04380100110,4,38,1,1,10,1,16,10,2,,2.0,1.0,
1220,04380100203,4,38,1,2,3,1,3,1,1,35.0,,,1.0
1221,04380100203,4,38,1,2,3,1,3,2,2,,2.0,1.0,
1222,04380100203,4,38,1,2,3,1,3,3,1,1.0,,,1.0
1223,04380100203,4,38,1,2,3,1,3,4,2,,2.0,1.0,
1224,04380100203,4,38,1,2,3,1,3,5,2,,2.0,1.0,
1225,04380100203,4,38,1,2,3,1,3,6,2,,2.0,1.0,
1226,04380100203,4,38,1,2,3,1,3,7,1,1.0,,,1.0
1227,04380100203,4,38,1,2,3,1,3,8,2,,2.0,1.0,
1228,04380100203,4,38,1,2,3,1,3,9,2,,2.0,1.0,
1229,04380100203,4,38,1,2,3,1,3,10,2,,2.0,1.0,
1230,04381000108,4,38,10,1,8,1,1,1,1,40.0,,,1.0
1231,04381000108,4,38,10,1,8,1,1,2,2,,2.0,1.0,
1232,04381000108,4,38,10,1,8,1,1,3,2,,2.0,1.0,
1233,04381000108,4,38,10,1,8,1,1,4,2,,2.0,1.0,
1234,04381000108,4,38,10,1,8,1,1,5,2,,2.0,1.0,
1235,04381000108,4,38,10,1,8,1,1,6,2,,2.0,1.0,
1236,04381000108,4,38,10,1,8,1,1,7,2,,2.0,1.0,
1237,04381000108,4,38,10,1,8,1,1,8,2,,2.0,1.0,
1238,04381000108,4,38,10,1,8,1,1,9,2,,2.0,1.0,
1239,04381000108,4,38,10,1,8,1,1,10,2,,2.0,1.0,
1240,04381001704,4,38,10,17,4,2,4,1,2,,2.0,1.0,
1241,04381001704,4,38,10,17,4,2,4,2,2,,2.0,1.0,
1242,04381001704,4,38,10,17,4,2,4,3,1,1.0,,,1.0
1243,04381001704,4,38,10,17,4,2,4,4,2,,2.0,1.0,
1244,04381001704,4,38,10,17,4,2,4,5,2,,2.0,1.0,
1245,04381001704,4,38,10,17,4,2,4,6,2,,2.0,1.0,
1246,04381001704,4,38,10,17,4,2,4,7,2,,2.0,1.0,
1247,04381001704,4,38,10,17,4,2,4,8,2,,2.0,1.0,
1248,04381001704,4,38,10,17,4,2,4,9,2,,2.0,1.0,
1249,04381001704,4,38,10,17,4,2,4,10,2,,2.0,1.0,
1250,04381100116,4,38,11,1,16,1,1,1,2,,1.0,1.0,
1251,04381100116,4,38,11,1,16,1,1,2,2,,1.0,1.0,
1252,04381100116,4,38,11,1,16,1,1,3,2,,1.0,1.0,
1253,04381100116,4,38,11,1,16,1,1,4,2,,1.0,1.0,
1254,04381100116,4,38,11,1,16,1,1,5,2,,2.0,1.0,
1255,04381100116,4,38,11,1,16,1,1,6,2,,2.0,1.0,
1256,04381100116,4,38,11,1,16,1,1,7,2,,2.0,1.0,
1257,04381100116,4,38,11,1,16,1,1,8,2,,2.0,1.0,
1258,04381100116,4,38,11,1,16,1,1,9,2,,2.0,1.0,
1259,04381100116,4,38,11,1,16,1,1,10,2,,2.0,1.0,
1260,04381100516,4,38,11,5,16,1,16,1,1,4.0,,,1.0
1261,04381100516,4,38,11,5,16,1,16,2,2,,1.0,1.0,
1262,04381100516,4,38,11,5,16,1,16,3,2,,1.0,1.0,
1263,04381100516,4,38,11,5,16,1,16,4,2,,1.0,1.0,
1264,04381100516,4,38,11,5,16,1,16,5,2,,1.0,1.0,
1265,04381100516,4,38,11,5,16,1,16,6,2,,1.0,1.0,
1266,04381100516,4,38,11,5,16,1,16,7,2,,1.0,1.0,
1267,04381100516,4,38,11,5,16,1,16,8,2,,1.0,1.0,
1268,04381100516,4,38,11,5,16,1,16,9,2,,1.0,1.0,
1269,04381100516,4,38,11,5,16,1,16,10,2,,1.0,1.0,
1270,04381100606,4,38,11,6,6,1,6,1,1,4.0,,,1.0
1271,04381100606,4,38,11,6,6,1,6,2,2,,1.0,1.0,
1272,04381100606,4,38,11,6,6,1,6,3,2,,1.0,1.0,
1273,04381100606,4,38,11,6,6,1,6,4,2,,2.0,1.0,
1274,04381100606,4,38,11,6,6,1,6,5,2,,2.0,1.0,
1275,04381100606,4,38,11,6,6,1,6,6,2,,2.0,1.0,
1276,04381100606,4,38,11,6,6,1,6,7,2,,2.0,1.0,
1277,04381100606,4,38,11,6,6,1,6,8,2,,2.0,1.0,
1278,04381100606,4,38,11,6,6,1,6,9,2,,2.0,1.0,
1279,04381100606,4,38,11,6,6,1,6,10,2,,2.0,1.0,
1280,04390300402,4,39,3,4,2,2,1,1,2,,2.0,1.0,
1281,04390300402,4,39,3,4,2,2,1,2,2,,2.0,1.0,
1282,04390300402,4,39,3,4,2,2,1,3,2,,2.0,1.0,
1283,04390300402,4,39,3,4,2,2,1,4,2,,2.0,1.0,
1284,04390300402,4,39,3,4,2,2,1,5,2,,2.0,1.0,
1285,04390300402,4,39,3,4,2,2,1,6,2,,2.0,1.0,
1286,04390300402,4,39,3,4,2,2,1,7,2,,2.0,1.0,
1287,04390300402,4,39,3,4,2,2,1,8,2,,2.0,1.0,
1288,04390300402,4,39,3,4,2,2,1,9,2,,2.0,1.0,
1289,04390300402,4,39,3,4,2,2,1,10,2,,2.0,1.0,
1290,04390300601,4,39,3,6,1,2,1,1,2,,2.0,1.0,
1291,04390300601,4,39,3,6,1,2,1,2,2,,2.0,1.0,
1292,04390300601,4,39,3,6,1,2,1,3,2,,2.0,1.0,
1293,04390300601,4,39,3,6,1,2,1,4,2,,2.0,1.0,
1294,04390300601,4,39,3,6,1,2,1,5,2,,2.0,1.0,
1295,04390300601,4,39,3,6,1,2,1,6,2,,2.0,1.0,
1296,04390300601,4,39,3,6,1,2,1,7,2,,2.0,1.0,
1297,04390300601,4,39,3,6,1,2,1,8,2,,2.0,1.0,
1298,04390300601,4,39,3,6,1,2,1,9,2,,2.0,1.0,
1299,04390300601,4,39,3,6,1,2,1,10,2,,2.0,1.0,
1300,04390302201,4,39,3,22,1,2,1,1,2,,2.0,1.0,
1301,04390302201,4,39,3,22,1,2,1,2,2,,2.0,1.0,
1302,04390302201,4,39,3,22,1,2,1,3,2,,2.0,1.0,
1303,04390302201,4,39,3,22,1,2,1,4,2,,2.0,1.0,
1304,04390302201,4,39,3,22,1,2,1,5,2,,2.0,1.0,
1305,04390302201,4,39,3,22,1,2,1,6,2,,2.0,1.0,
1306,04390302201,4,39,3,22,1,2,1,7,2,,2.0,1.0,
1307,04390302201,4,39,3,22,1,2,1,8,2,,2.0,1.0,
1308,04390302201,4,39,3,22,1,2,1,9,2,,2.0,1.0,
1309,04390302201,4,39,3,22,1,2,1,10,2,,2.0,1.0,
1310,04391000302,4,39,10,3,2,2,1,1,2,,2.0,1.0,
1311,04391000302,4,39,10,3,2,2,1,2,2,,2.0,1.0,
1312,04391000302,4,39,10,3,2,2,1,3,2,,2.0,1.0,
1313,04391000302,4,39,10,3,2,2,1,4,2,,2.0,1.0,
1314,04391000302,4,39,10,3,2,2,1,5,2,,2.0,1.0,
1315,04391000302,4,39,10,3,2,2,1,6,2,,2.0,1.0,
1316,04391000302,4,39,10,3,2,2,1,7,2,,2.0,1.0,
1317,04391000302,4,39,10,3,2,2,1,8,2,,2.0,1.0,
1318,04391000302,4,39,10,3,2,2,1,9,2,,2.0,1.0,
1319,04391000302,4,39,10,3,2,2,1,10,2,,2.0,1.0,
1320,05400100401,5,40,1,4,1,2,6,1,1,2.0,,,1.0
1321,05400100401,5,40,1,4,1,2,6,2,2,,2.0,1.0,
1322,05400100401,5,40,1,4,1,2,6,3,2,,2.0,1.0,
1323,05400100401,5,40,1,4,1,2,6,4,2,,2.0,1.0,
1324,05400100401,5,40,1,4,1,2,6,5,2,,2.0,1.0,
1325,05400100401,5,40,1,4,1,2,6,6,2,,2.0,1.0,
1326,05400100401,5,40,1,4,1,2,6,7,2,,2.0,1.0,
1327,05400100401,5,40,1,4,1,2,6,8,2,,2.0,1.0,
1328,05400100401,5,40,1,4,1,2,6,9,2,,2.0,1.0,
1329,05400100401,5,40,1,4,1,2,6,10,2,,2.0,1.0,
1330,05400101101,5,40,1,11,1,2,8,1,2,,1.0,3.0,
1331,05400101101,5,40,1,11,1,2,8,2,2,,2.0,3.0,
1332,05400101101,5,40,1,11,1,2,8,3,2,,2.0,1.0,
1333,05400101101,5,40,1,11,1,2,8,4,2,,2.0,1.0,
1334,05400101101,5,40,1,11,1,2,8,5,2,,2.0,3.0,
1335,05400101101,5,40,1,11,1,2,8,6,2,,2.0,3.0,
1336,05400101101,5,40,1,11,1,2,8,7,2,,2.0,3.0,
1337,05400101101,5,40,1,11,1,2,8,8,2,,2.0,5.0,
1338,05400101101,5,40,1,11,1,2,8,9,2,,2.0,3.0,
1339,05400101101,5,40,1,11,1,2,8,10,2,,2.0,3.0,
1340,05400101201,5,40,1,12,1,2,7,1,1,1.0,,,2.0
1341,05400101201,5,40,1,12,1,2,7,2,2,,2.0,1.0,
1342,05400101201,5,40,1,12,1,2,7,3,2,,2.0,1.0,
1343,05400101201,5,40,1,12,1,2,7,4,2,,2.0,1.0,
1344,05400101201,5,40,1,12,1,2,7,5,2,,2.0,3.0,
1345,05400101201,5,40,1,12,1,2,7,6,2,,2.0,1.0,
1346,05400101201,5,40,1,12,1,2,7,7,2,,2.0,1.0,
1347,05400101201,5,40,1,12,1,2,7,8,2,,2.0,1.0,
1348,05400101201,5,40,1,12,1,2,7,9,2,,2.0,1.0,
1349,05400101201,5,40,1,12,1,2,7,10,2,,2.0,3.0,
1350,05400300103,5,40,3,1,3,1,3,1,2,,1.0,5.0,
1351,05400300103,5,40,3,1,3,1,3,2,2,,2.0,3.0,
1352,05400300103,5,40,3,1,3,1,3,3,2,,2.0,3.0,
1353,05400300103,5,40,3,1,3,1,3,4,2,,2.0,5.0,
1354,05400300103,5,40,3,1,3,1,3,5,2,,1.0,3.0,
1355,05400300103,5,40,3,1,3,1,3,6,2,,1.0,5.0,
1356,05400300103,5,40,3,1,3,1,3,7,2,,2.0,3.0,
1357,05400300103,5,40,3,1,3,1,3,8,2,,2.0,1.0,
1358,05400300103,5,40,3,1,3,1,3,9,2,,1.0,3.0,
1359,05400300103,5,40,3,1,3,1,3,10,2,,2.0,1.0,
1360,05400301101,5,40,3,11,1,2,1,1,2,,1.0,3.0,
1361,05400301101,5,40,3,11,1,2,1,2,2,,1.0,3.0,
1362,05400301101,5,40,3,11,1,2,1,3,2,,1.0,3.0,
1363,05400301101,5,40,3,11,1,2,1,4,2,,2.0,1.0,
1364,05400301101,5,40,3,11,1,2,1,5,2,,1.0,3.0,
1365,05400301101,5,40,3,11,1,2,1,6,2,,1.0,3.0,
1366,05400301101,5,40,3,11,1,2,1,7,2,,2.0,1.0,
1367,05400301101,5,40,3,11,1,2,1,8,2,,2.0,1.0,
1368,05400301101,5,40,3,11,1,2,1,9,2,,2.0,1.0,
1369,05400301101,5,40,3,11,1,2,1,10,2,,1.0,1.0,
1370,05400401501,5,40,4,15,1,2,2,1,1,5.0,,,1.0
1371,05400401501,5,40,4,15,1,2,2,2,2,,1.0,1.0,
1372,05400401501,5,40,4,15,1,2,2,3,2,,1.0,1.0,
1373,05400401501,5,40,4,15,1,2,2,4,2,,1.0,1.0,
1374,05400401501,5,40,4,15,1,2,2,5,2,,1.0,1.0,
1375,05400401501,5,40,4,15,1,2,2,6,2,,1.0,1.0,
1376,05400401501,5,40,4,15,1,2,2,7,2,,2.0,1.0,
1377,05400401501,5,40,4,15,1,2,2,8,2,,2.0,1.0,
1378,05400401501,5,40,4,15,1,2,2,9,2,,2.0,1.0,
1379,05400401501,5,40,4,15,1,2,2,10,2,,1.0,1.0,
1380,05410415801,5,41,4,158,1,2,1,1,2,,1.0,3.0,
1381,05410415801,5,41,4,158,1,2,1,2,2,,2.0,3.0,
1382,05410415801,5,41,4,158,1,2,1,3,2,,1.0,3.0,
1383,05410415801,5,41,4,158,1,2,1,4,2,,1.0,3.0,
1384,05410415801,5,41,4,158,1,2,1,5,2,,2.0,3.0,
1385,05410415801,5,41,4,158,1,2,1,6,2,,2.0,1.0,
1386,05410415801,5,41,4,158,1,2,1,7,2,,2.0,3.0,
1387,05410415801,5,41,4,158,1,2,1,8,2,,1.0,3.0,
1388,05410415801,5,41,4,158,1,2,1,9,2,,1.0,3.0,
1389,05410415801,5,41,4,158,1,2,1,10,2,,2.0,1.0,
1390,05410603406,5,41,6,34,6,2,4,1,1,1.0,,,2.0
1391,05410603406,5,41,6,34,6,2,4,2,2,,2.0,1.0,
1392,05410603406,5,41,6,34,6,2,4,3,2,,2.0,1.0,
1393,05410603406,5,41,6,34,6,2,4,4,2,,2.0,1.0,
1394,05410603406,5,41,6,34,6,2,4,5,2,,2.0,1.0,
1395,05410603406,5,41,6,34,6,2,4,6,2,,2.0,1.0,
1396,05410603406,5,41,6,34,6,2,4,7,2,,2.0,5.0,
1397,05410603406,5,41,6,34,6,2,4,8,2,,2.0,3.0,
1398,05410603406,5,41,6,34,6,2,4,9,2,,2.0,5.0,
1399,05410603406,5,41,6,34,6,2,4,10,2,,2.0,1.0,
1400,05410700901,5,41,7,9,1,2,2,1,2,,2.0,5.0,
1401,05410700901,5,41,7,9,1,2,2,2,2,,2.0,5.0,
1402,05410700901,5,41,7,9,1,2,2,3,2,,2.0,5.0,
1403,05410700901,5,41,7,9,1,2,2,4,2,,2.0,3.0,
1404,05410700901,5,41,7,9,1,2,2,5,2,,2.0,5.0,
1405,05410700901,5,41,7,9,1,2,2,6,2,,2.0,5.0,
1406,05410700901,5,41,7,9,1,2,2,7,2,,2.0,5.0,
1407,05410700901,5,41,7,9,1,2,2,8,2,,2.0,5.0,
1408,05410700901,5,41,7,9,1,2,2,9,2,,2.0,5.0,
1409,05410700901,5,41,7,9,1,2,2,10,2,,2.0,1.0,
1410,05420299912,5,42,2,999,12,1,5,1,1,3.0,,,2.0
1411,05420299912,5,42,2,999,12,1,5,2,2,,2.0,1.0,
1412,05420299912,5,42,2,999,12,1,5,3,2,,2.0,1.0,
1413,05420299912,5,42,2,999,12,1,5,4,2,,2.0,1.0,
1414,05420299912,5,42,2,999,12,1,5,5,2,,2.0,1.0,
1415,05420299912,5,42,2,999,12,1,5,6,2,,2.0,1.0,
1416,05420299912,5,42,2,999,12,1,5,7,2,,2.0,1.0,
1417,05420299912,5,42,2,999,12,1,5,8,2,,2.0,1.0,
1418,05420299912,5,42,2,999,12,1,5,9,2,,2.0,1.0,
1419,05420299912,5,42,2,999,12,1,5,10,2,,2.0,1.0,
1420,06460301303,6,46,3,13,3,2,13,1,2,,2.0,1.0,
1421,06460301303,6,46,3,13,3,2,13,2,2,,2.0,1.0,
1422,06460301303,6,46,3,13,3,2,13,3,2,,2.0,1.0,
1423,06460301303,6,46,3,13,3,2,13,4,2,,2.0,1.0,
1424,06460301303,6,46,3,13,3,2,13,5,2,,2.0,1.0,
1425,06460301303,6,46,3,13,3,2,13,6,2,,2.0,1.0,
1426,06460301303,6,46,3,13,3,2,13,7,2,,2.0,1.0,
1427,06460301303,6,46,3,13,3,2,13,8,2,,2.0,1.0,
1428,06460301303,6,46,3,13,3,2,13,9,2,,2.0,1.0,
1429,06460301303,6,46,3,13,3,2,13,10,2,,2.0,1.0,
1430,06460500108,6,46,5,1,8,1,5,1,1,1.0,,,1.0
1431,06460500108,6,46,5,1,8,1,5,2,2,,2.0,2.0,
1432,06460500108,6,46,5,1,8,1,5,3,2,,1.0,4.0,
1433,06460500108,6,46,5,1,8,1,5,4,2,,2.0,2.0,
1434,06460500108,6,46,5,1,8,1,5,5,2,,1.0,4.0,
1435,06460500108,6,46,5,1,8,1,5,6,2,,2.0,1.0,
1436,06460500108,6,46,5,1,8,1,5,7,2,,1.0,1.0,
1437,06460500108,6,46,5,1,8,1,5,8,2,,2.0,2.0,
1438,06460500108,6,46,5,1,8,1,5,9,2,,2.0,2.0,
1439,06460500108,6,46,5,1,8,1,5,10,2,,2.0,2.0,
1440,06460701104,6,46,7,11,4,2,12,1,2,,2.0,1.0,
1441,06460701104,6,46,7,11,4,2,12,2,2,,2.0,1.0,
1442,06460701104,6,46,7,11,4,2,12,3,2,,2.0,1.0,
1443,06460701104,6,46,7,11,4,2,12,4,2,,2.0,1.0,
1444,06460701104,6,46,7,11,4,2,12,5,2,,2.0,1.0,
1445,06460701104,6,46,7,11,4,2,12,6,2,,2.0,1.0,
1446,06460701104,6,46,7,11,4,2,12,7,2,,2.0,1.0,
1447,06460701104,6,46,7,11,4,2,12,8,2,,2.0,1.0,
1448,06460701104,6,46,7,11,4,2,12,9,2,,2.0,1.0,
1449,06460701104,6,46,7,11,4,2,12,10,2,,2.0,1.0,
1450,06460701302,6,46,7,13,2,2,11,1,2,,2.0,1.0,
1451,06460701302,6,46,7,13,2,2,11,2,2,,2.0,1.0,
1452,06460701302,6,46,7,13,2,2,11,3,2,,2.0,1.0,
1453,06460701302,6,46,7,13,2,2,11,4,2,,2.0,1.0,
1454,06460701302,6,46,7,13,2,2,11,5,2,,2.0,1.0,
1455,06460701302,6,46,7,13,2,2,11,6,2,,2.0,1.0,
1456,06460701302,6,46,7,13,2,2,11,7,2,,2.0,1.0,
1457,06460701302,6,46,7,13,2,2,11,8,2,,2.0,1.0,
1458,06460701302,6,46,7,13,2,2,11,9,2,,2.0,1.0,
1459,06460701302,6,46,7,13,2,2,11,10,2,,2.0,1.0,
1460,06470300204,6,47,3,2,4,1,1,1,2,,2.0,1.0,
1461,06470300204,6,47,3,2,4,1,1,2,2,,2.0,1.0,
1462,06470300204,6,47,3,2,4,1,1,3,1,1.0,,,2.0
1463,06470300204,6,47,3,2,4,1,1,4,2,,2.0,1.0,
1464,06470300204,6,47,3,2,4,1,1,5,2,,2.0,1.0,
1465,06470300204,6,47,3,2,4,1,1,6,2,,2.0,1.0,
1466,06470300204,6,47,3,2,4,1,1,7,2,,2.0,1.0,
1467,06470300204,6,47,3,2,4,1,1,8,2,,2.0,1.0,
1468,06470300204,6,47,3,2,4,1,1,9,2,,2.0,1.0,
1469,06470300204,6,47,3,2,4,1,1,10,2,,2.0,1.0,
1470,06470300314,6,47,3,3,14,1,1,1,1,1.0,,,1.0
1471,06470300314,6,47,3,3,14,1,1,2,1,1.0,,,1.0
1472,06470300314,6,47,3,3,14,1,1,3,2,,2.0,1.0,
1473,06470300314,6,47,3,3,14,1,1,4,2,,2.0,2.0,
1474,06470300314,6,47,3,3,14,1,1,5,2,,2.0,2.0,
1475,06470300314,6,47,3,3,14,1,1,6,2,,2.0,1.0,
1476,06470300314,6,47,3,3,14,1,1,7,1,1.0,,,1.0
1477,06470300314,6,47,3,3,14,1,1,8,2,,2.0,1.0,
1478,06470300314,6,47,3,3,14,1,1,9,2,,2.0,2.0,
1479,06470300314,6,47,3,3,14,1,1,10,2,,2.0,1.0,
1480,06470301201,6,47,3,12,1,2,1,1,2,,2.0,1.0,
1481,06470301201,6,47,3,12,1,2,1,2,2,,2.0,1.0,
1482,06470301201,6,47,3,12,1,2,1,3,2,,2.0,1.0,
1483,06470301201,6,47,3,12,1,2,1,4,2,,2.0,1.0,
1484,06470301201,6,47,3,12,1,2,1,5,2,,2.0,1.0,
1485,06470301201,6,47,3,12,1,2,1,6,2,,2.0,1.0,
1486,06470301201,6,47,3,12,1,2,1,7,2,,2.0,1.0,
1487,06470301201,6,47,3,12,1,2,1,8,2,,2.0,1.0,
1488,06470301201,6,47,3,12,1,2,1,9,2,,2.0,1.0,
1489,06470301201,6,47,3,12,1,2,1,10,2,,2.0,1.0,
1490,06470305101,6,47,3,51,1,2,1,1,2,,2.0,1.0,
1491,06470305101,6,47,3,51,1,2,1,2,2,,2.0,1.0,
1492,06470305101,6,47,3,51,1,2,1,3,2,,2.0,1.0,
1493,06470305101,6,47,3,51,1,2,1,4,2,,2.0,1.0,
1494,06470305101,6,47,3,51,1,2,1,5,2,,2.0,1.0,
1495,06470305101,6,47,3,51,1,2,1,6,2,,2.0,1.0,
1496,06470305101,6,47,3,51,1,2,1,7,2,,2.0,1.0,
1497,06470305101,6,47,3,51,1,2,1,8,2,,2.0,1.0,
1498,06470305101,6,47,3,51,1,2,1,9,2,,2.0,1.0,
1499,06470305101,6,47,3,51,1,2,1,10,1,1.0,,,1.0
1500,06480200101,6,48,2,1,1,1,1,1,1,3.0,,,1.0
1501,06480200101,6,48,2,1,1,1,1,2,2,,2.0,1.0,
1502,06480200101,6,48,2,1,1,1,1,3,2,,2.0,1.0,
1503,06480200101,6,48,2,1,1,1,1,4,2,,2.0,1.0,
1504,06480200101,6,48,2,1,1,1,1,5,2,,2.0,1.0,
1505,06480200101,6,48,2,1,1,1,1,6,2,,2.0,1.0,
1506,06480200101,6,48,2,1,1,1,1,7,2,,2.0,1.0,
1507,06480200101,6,48,2,1,1,1,1,8,2,,2.0,1.0,
1508,06480200101,6,48,2,1,1,1,1,9,1,3.0,,,1.0
1509,06480200101,6,48,2,1,1,1,1,10,2,,2.0,1.0,
1510,06480201401,6,48,2,14,1,2,1,1,2,,2.0,1.0,
1511,06480201401,6,48,2,14,1,2,1,2,2,,2.0,1.0,
1512,06480201401,6,48,2,14,1,2,1,3,2,,2.0,1.0,
1513,06480201401,6,48,2,14,1,2,1,4,2,,2.0,1.0,
1514,06480201401,6,48,2,14,1,2,1,5,2,,2.0,1.0,
1515,06480201401,6,48,2,14,1,2,1,6,2,,2.0,1.0,
1516,06480201401,6,48,2,14,1,2,1,7,2,,2.0,1.0,
1517,06480201401,6,48,2,14,1,2,1,8,2,,2.0,1.0,
1518,06480201401,6,48,2,14,1,2,1,9,2,,2.0,1.0,
1519,06480201401,6,48,2,14,1,2,1,10,2,,2.0,1.0,
1520,06490800103,6,49,8,1,3,1,1,1,1,1.0,,,1.0
1521,06490800103,6,49,8,1,3,1,1,2,2,,2.0,1.0,
1522,06490800103,6,49,8,1,3,1,1,3,2,,2.0,2.0,
1523,06490800103,6,49,8,1,3,1,1,4,2,,2.0,2.0,
1524,06490800103,6,49,8,1,3,1,1,5,2,,2.0,2.0,
1525,06490800103,6,49,8,1,3,1,1,6,2,,2.0,2.0,
1526,06490800103,6,49,8,1,3,1,1,7,2,,2.0,2.0,
1527,06490800103,6,49,8,1,3,1,1,8,2,,2.0,1.0,
1528,06490800103,6,49,8,1,3,1,1,9,2,,2.0,2.0,
1529,06490800103,6,49,8,1,3,1,1,10,2,,2.0,1.0,
1530,07500600204,7,50,6,2,4,2,2,1,2,,2.0,1.0,
1531,07500600204,7,50,6,2,4,2,2,2,2,,2.0,1.0,
1532,07500600204,7,50,6,2,4,2,2,3,2,,2.0,1.0,
1533,07500600204,7,50,6,2,4,2,2,4,2,,2.0,1.0,
1534,07500600204,7,50,6,2,4,2,2,5,2,,2.0,1.0,
1535,07500600204,7,50,6,2,4,2,2,6,2,,2.0,1.0,
1536,07500600204,7,50,6,2,4,2,2,7,2,,2.0,1.0,
1537,07500600204,7,50,6,2,4,2,2,8,2,,2.0,1.0,
1538,07500600204,7,50,6,2,4,2,2,9,2,,2.0,1.0,
1539,07500600204,7,50,6,2,4,2,2,10,2,,1.0,1.0,
1540,07500601802,7,50,6,18,2,2,1,1,2,,1.0,1.0,
1541,07500601802,7,50,6,18,2,2,1,2,2,,1.0,1.0,
1542,07500601802,7,50,6,18,2,2,1,3,2,,1.0,1.0,
1543,07500601802,7,50,6,18,2,2,1,4,2,,1.0,1.0,
1544,07500601802,7,50,6,18,2,2,1,5,2,,2.0,1.0,
1545,07500601802,7,50,6,18,2,2,1,6,2,,2.0,1.0,
1546,07500601802,7,50,6,18,2,2,1,7,2,,2.0,1.0,
1547,07500601802,7,50,6,18,2,2,1,8,2,,2.0,1.0,
1548,07500601802,7,50,6,18,2,2,1,9,2,,1.0,1.0,
1549,07500601802,7,50,6,18,2,2,1,10,2,,1.0,1.0,
1550,07500901704,7,50,9,17,4,2,3,1,1,1.0,,,1.0
1551,07500901704,7,50,9,17,4,2,3,2,1,2.0,,,1.0
1552,07500901704,7,50,9,17,4,2,3,3,1,4.0,,,1.0
1553,07500901704,7,50,9,17,4,2,3,4,2,,1.0,1.0,
1554,07500901704,7,50,9,17,4,2,3,5,2,,2.0,1.0,
1555,07500901704,7,50,9,17,4,2,3,6,2,,2.0,1.0,
1556,07500901704,7,50,9,17,4,2,3,7,2,,2.0,1.0,
1557,07500901704,7,50,9,17,4,2,3,8,2,,2.0,1.0,
1558,07500901704,7,50,9,17,4,2,3,9,2,,1.0,1.0,
1559,07500901704,7,50,9,17,4,2,3,10,2,,1.0,1.0,
1560,07501400105,7,50,14,1,5,1,1,1,1,1.0,,,1.0
1561,07501400105,7,50,14,1,5,1,1,2,2,,2.0,2.0,
1562,07501400105,7,50,14,1,5,1,1,3,2,,2.0,2.0,
1563,07501400105,7,50,14,1,5,1,1,4,2,,2.0,2.0,
1564,07501400105,7,50,14,1,5,1,1,5,2,,2.0,2.0,
1565,07501400105,7,50,14,1,5,1,1,6,2,,2.0,2.0,
1566,07501400105,7,50,14,1,5,1,1,7,2,,2.0,2.0,
1567,07501400105,7,50,14,1,5,1,1,8,2,,2.0,2.0,
1568,07501400105,7,50,14,1,5,1,1,9,1,1.0,,,1.0
1569,07501400105,7,50,14,1,5,1,1,10,2,,2.0,2.0,
1570,07510100104,7,51,1,1,4,1,1,1,1,1.0,,,1.0
1571,07510100104,7,51,1,1,4,1,1,2,2,,2.0,2.0,
1572,07510100104,7,51,1,1,4,1,1,3,2,,2.0,2.0,
1573,07510100104,7,51,1,1,4,1,1,4,2,,2.0,2.0,
1574,07510100104,7,51,1,1,4,1,1,5,2,,2.0,2.0,
1575,07510100104,7,51,1,1,4,1,1,6,2,,2.0,2.0,
1576,07510100104,7,51,1,1,4,1,1,7,2,,2.0,2.0,
1577,07510100104,7,51,1,1,4,1,1,8,2,,2.0,2.0,
1578,07510100104,7,51,1,1,4,1,1,9,2,,2.0,2.0,
1579,07510100104,7,51,1,1,4,1,1,10,2,,2.0,2.0,
1580,07511000702,7,51,10,7,2,2,4,1,1,1.0,,,1.0
1581,07511000702,7,51,10,7,2,2,4,2,1,1.0,,,1.0
1582,07511000702,7,51,10,7,2,2,4,3,1,2.0,,,1.0
1583,07511000702,7,51,10,7,2,2,4,4,2,,1.0,1.0,
1584,07511000702,7,51,10,7,2,2,4,5,2,,1.0,1.0,
1585,07511000702,7,51,10,7,2,2,4,6,2,,2.0,1.0,
1586,07511000702,7,51,10,7,2,2,4,7,1,3.0,,,1.0
1587,07511000702,7,51,10,7,2,2,4,8,2,,2.0,1.0,
1588,07511000702,7,51,10,7,2,2,4,9,2,,2.0,1.0,
1589,07511000702,7,51,10,7,2,2,4,10,2,,2.0,1.0,
1590,07511100128,7,51,11,1,28,1,1,1,1,1.0,,,1.0
1591,07511100128,7,51,11,1,28,1,1,2,2,,2.0,2.0,
1592,07511100128,7,51,11,1,28,1,1,3,2,,2.0,2.0,
1593,07511100128,7,51,11,1,28,1,1,4,2,,2.0,2.0,
1594,07511100128,7,51,11,1,28,1,1,5,2,,2.0,2.0,
1595,07511100128,7,51,11,1,28,1,1,6,2,,2.0,2.0,
1596,07511100128,7,51,11,1,28,1,1,7,2,,2.0,2.0,
1597,07511100128,7,51,11,1,28,1,1,8,2,,2.0,1.0,
1598,07511100128,7,51,11,1,28,1,1,9,2,,2.0,2.0,
1599,07511100128,7,51,11,1,28,1,1,10,2,,2.0,2.0,
1600,07511100224,7,51,11,2,24,1,1,1,1,1.0,,,1.0
1601,07511100224,7,51,11,2,24,1,1,2,2,,2.0,1.0,
1602,07511100224,7,51,11,2,24,1,1,3,1,1.0,,,1.0
1603,07511100224,7,51,11,2,24,1,1,4,2,,2.0,1.0,
1604,07511100224,7,51,11,2,24,1,1,5,2,,2.0,1.0,
1605,07511100224,7,51,11,2,24,1,1,6,2,,2.0,1.0,
1606,07511100224,7,51,11,2,24,1,1,7,2,,2.0,1.0,
1607,07511100224,7,51,11,2,24,1,1,8,2,,2.0,1.0,
1608,07511100224,7,51,11,2,24,1,1,9,2,,2.0,1.0,
1609,07511100224,7,51,11,2,24,1,1,10,2,,2.0,1.0,
1610,07520100101,7,52,1,1,1,1,1,1,1,1.0,,,1.0
1611,07520100101,7,52,1,1,1,1,1,2,2,,2.0,2.0,
1612,07520100101,7,52,1,1,1,1,1,3,2,,2.0,2.0,
1613,07520100101,7,52,1,1,1,1,1,4,2,,2.0,2.0,
1614,07520100101,7,52,1,1,1,1,1,5,2,,2.0,2.0,
1615,07520100101,7,52,1,1,1,1,1,6,2,,2.0,2.0,
1616,07520100101,7,52,1,1,1,1,1,7,2,,2.0,2.0,
1617,07520100101,7,52,1,1,1,1,1,8,2,,2.0,2.0,
1618,07520100101,7,52,1,1,1,1,1,9,2,,2.0,2.0,
1619,07520100101,7,52,1,1,1,1,1,10,2,,2.0,2.0,
1620,07520301304,7,52,3,13,4,2,18,1,2,,1.0,1.0,
1621,07520301304,7,52,3,13,4,2,18,2,2,,1.0,1.0,
1622,07520301304,7,52,3,13,4,2,18,3,2,,1.0,1.0,
1623,07520301304,7,52,3,13,4,2,18,4,2,,1.0,1.0,
1624,07520301304,7,52,3,13,4,2,18,5,2,,2.0,1.0,
1625,07520301304,7,52,3,13,4,2,18,6,2,,2.0,1.0,
1626,07520301304,7,52,3,13,4,2,18,7,2,,2.0,1.0,
1627,07520301304,7,52,3,13,4,2,18,8,2,,2.0,1.0,
1628,07520301304,7,52,3,13,4,2,18,9,2,,2.0,1.0,
1629,07520301304,7,52,3,13,4,2,18,10,2,,2.0,1.0,
1630,07520500901,7,52,5,9,1,2,17,1,2,,1.0,1.0,
1631,07520500901,7,52,5,9,1,2,17,2,2,,2.0,1.0,
1632,07520500901,7,52,5,9,1,2,17,3,2,,1.0,1.0,
1633,07520500901,7,52,5,9,1,2,17,4,2,,1.0,1.0,
1634,07520500901,7,52,5,9,1,2,17,5,2,,2.0,1.0,
1635,07520500901,7,52,5,9,1,2,17,6,2,,2.0,1.0,
1636,07520500901,7,52,5,9,1,2,17,7,2,,2.0,1.0,
1637,07520500901,7,52,5,9,1,2,17,8,2,,2.0,1.0,
1638,07520500901,7,52,5,9,1,2,17,9,2,,2.0,1.0,
1639,07520500901,7,52,5,9,1,2,17,10,2,,2.0,1.0,
1640,07520701406,7,52,7,14,6,2,19,1,1,2.0,,,1.0
1641,07520701406,7,52,7,14,6,2,19,2,1,1.0,,,1.0
1642,07520701406,7,52,7,14,6,2,19,3,1,2.0,,,1.0
1643,07520701406,7,52,7,14,6,2,19,4,2,,2.0,1.0,
1644,07520701406,7,52,7,14,6,2,19,5,2,,2.0,1.0,
1645,07520701406,7,52,7,14,6,2,19,6,2,,2.0,1.0,
1646,07520701406,7,52,7,14,6,2,19,7,2,,2.0,1.0,
1647,07520701406,7,52,7,14,6,2,19,8,2,,2.0,1.0,
1648,07520701406,7,52,7,14,6,2,19,9,2,,1.0,1.0,
1649,07520701406,7,52,7,14,6,2,19,10,2,,1.0,1.0,
1650,07530300603,7,53,3,6,3,2,1,1,2,,2.0,1.0,
1651,07530300603,7,53,3,6,3,2,1,2,2,,2.0,1.0,
1652,07530300603,7,53,3,6,3,2,1,3,2,,2.0,1.0,
1653,07530300603,7,53,3,6,3,2,1,4,2,,2.0,1.0,
1654,07530300603,7,53,3,6,3,2,1,5,2,,2.0,1.0,
1655,07530300603,7,53,3,6,3,2,1,6,2,,2.0,1.0,
1656,07530300603,7,53,3,6,3,2,1,7,2,,2.0,1.0,
1657,07530300603,7,53,3,6,3,2,1,8,2,,2.0,1.0,
1658,07530300603,7,53,3,6,3,2,1,9,2,,2.0,1.0,
1659,07530300603,7,53,3,6,3,2,1,10,2,,2.0,1.0,
1660,07530302901,7,53,3,29,1,2,2,1,2,,1.0,1.0,
1661,07530302901,7,53,3,29,1,2,2,2,2,,2.0,2.0,
1662,07530302901,7,53,3,29,1,2,2,3,2,,2.0,2.0,
1663,07530302901,7,53,3,29,1,2,2,4,2,,2.0,2.0,
1664,07530302901,7,53,3,29,1,2,2,5,2,,2.0,1.0,
1665,07530302901,7,53,3,29,1,2,2,6,2,,2.0,1.0,
1666,07530302901,7,53,3,29,1,2,2,7,2,,2.0,1.0,
1667,07530302901,7,53,3,29,1,2,2,8,2,,2.0,1.0,
1668,07530302901,7,53,3,29,1,2,2,9,2,,1.0,3.0,
1669,07530302901,7,53,3,29,1,2,2,10,2,,2.0,1.0,
1670,07530400605,7,53,4,6,5,1,1,1,1,2.0,,,1.0
1671,07530400605,7,53,4,6,5,1,1,2,1,2.0,,,2.0
1672,07530400605,7,53,4,6,5,1,1,3,1,3.0,,,1.0
1673,07530400605,7,53,4,6,5,1,1,4,2,,2.0,1.0,
1674,07530400605,7,53,4,6,5,1,1,5,2,,2.0,1.0,
1675,07530400605,7,53,4,6,5,1,1,6,2,,2.0,1.0,
1676,07530400605,7,53,4,6,5,1,1,7,2,,2.0,2.0,
1677,07530400605,7,53,4,6,5,1,1,8,2,,2.0,1.0,
1678,07530400605,7,53,4,6,5,1,1,9,2,,2.0,1.0,
1679,07530400605,7,53,4,6,5,1,1,10,2,,2.0,555.0,
1680,07540401003,7,54,4,10,3,2,4,1,1,23.0,,,2.0
1681,07540401003,7,54,4,10,3,2,4,2,1,2.0,,,2.0
1682,07540401003,7,54,4,10,3,2,4,3,1,10.0,,,2.0
1683,07540401003,7,54,4,10,3,2,4,4,2,,1.0,1.0,
1684,07540401003,7,54,4,10,3,2,4,5,2,,2.0,1.0,
1685,07540401003,7,54,4,10,3,2,4,6,2,,2.0,1.0,
1686,07540401003,7,54,4,10,3,2,4,7,1,2.0,,,1.0
1687,07540401003,7,54,4,10,3,2,4,8,2,,2.0,1.0,
1688,07540401003,7,54,4,10,3,2,4,9,2,,2.0,1.0,
1689,07540401003,7,54,4,10,3,2,4,10,2,,2.0,1.0,
1690,07540401303,7,54,4,13,3,2,3,1,2,,2.0,1.0,
1691,07540401303,7,54,4,13,3,2,3,2,2,,2.0,1.0,
1692,07540401303,7,54,4,13,3,2,3,3,2,,2.0,1.0,
1693,07540401303,7,54,4,13,3,2,3,4,2,,2.0,1.0,
1694,07540401303,7,54,4,13,3,2,3,5,2,,2.0,1.0,
1695,07540401303,7,54,4,13,3,2,3,6,2,,2.0,1.0,
1696,07540401303,7,54,4,13,3,2,3,7,2,,2.0,1.0,
1697,07540401303,7,54,4,13,3,2,3,8,2,,2.0,1.0,
1698,07540401303,7,54,4,13,3,2,3,9,2,,2.0,1.0,
1699,07540401303,7,54,4,13,3,2,3,10,2,,2.0,1.0,
1700,07540700103,7,54,7,1,3,1,1,1,2,,2.0,1.0,
1701,07540700103,7,54,7,1,3,1,1,2,2,,2.0,1.0,
1702,07540700103,7,54,7,1,3,1,1,3,2,,1.0,1.0,
1703,07540700103,7,54,7,1,3,1,1,4,2,,2.0,1.0,
1704,07540700103,7,54,7,1,3,1,1,5,2,,2.0,1.0,
1705,07540700103,7,54,7,1,3,1,1,6,2,,1.0,1.0,
1706,07540700103,7,54,7,1,3,1,1,7,2,,2.0,1.0,
1707,07540700103,7,54,7,1,3,1,1,8,1,2.0,,,2.0
1708,07540700103,7,54,7,1,3,1,1,9,2,,2.0,1.0,
1709,07540700103,7,54,7,1,3,1,1,10,2,,2.0,1.0,
1710,07540700315,7,54,7,3,15,1,3,1,1,5.0,,,1.0
1711,07540700315,7,54,7,3,15,1,3,2,1,5.0,,,1.0
1712,07540700315,7,54,7,3,15,1,3,3,1,1.0,,,1.0
1713,07540700315,7,54,7,3,15,1,3,4,2,,2.0,1.0,
1714,07540700315,7,54,7,3,15,1,3,5,2,,2.0,2.0,
1715,07540700315,7,54,7,3,15,1,3,6,2,,2.0,6.0,
1716,07540700315,7,54,7,3,15,1,3,7,2,,1.0,2.0,
1717,07540700315,7,54,7,3,15,1,3,8,1,1.0,,,1.0
1718,07540700315,7,54,7,3,15,1,3,9,2,,,,
1719,07540700315,7,54,7,3,15,1,3,10,2,,2.0,555.0,
1720,07550200101,7,55,2,1,1,2,16,1,1,1.0,,,1.0
1721,07550200101,7,55,2,1,1,2,16,2,2,,2.0,1.0,
1722,07550200101,7,55,2,1,1,2,16,3,2,,1.0,1.0,
1723,07550200101,7,55,2,1,1,2,16,4,2,,1.0,1.0,
1724,07550200101,7,55,2,1,1,2,16,5,2,,2.0,1.0,
1725,07550200101,7,55,2,1,1,2,16,6,2,,2.0,1.0,
1726,07550200101,7,55,2,1,1,2,16,7,2,,2.0,1.0,
1727,07550200101,7,55,2,1,1,2,16,8,2,,2.0,1.0,
1728,07550200101,7,55,2,1,1,2,16,9,2,,2.0,1.0,
1729,07550200101,7,55,2,1,1,2,16,10,2,,1.0,1.0,
1730,07550200109,7,55,2,1,9,1,1,1,1,1.0,,,1.0
1731,07550200109,7,55,2,1,9,1,1,2,2,,2.0,2.0,
1732,07550200109,7,55,2,1,9,1,1,3,2,,2.0,2.0,
1733,07550200109,7,55,2,1,9,1,1,4,2,,2.0,2.0,
1734,07550200109,7,55,2,1,9,1,1,5,2,,2.0,2.0,
1735,07550200109,7,55,2,1,9,1,1,6,2,,2.0,2.0,
1736,07550200109,7,55,2,1,9,1,1,7,2,,2.0,2.0,
1737,07550200109,7,55,2,1,9,1,1,8,2,,2.0,1.0,
1738,07550200109,7,55,2,1,9,1,1,9,2,,2.0,1.0,
1739,07550200109,7,55,2,1,9,1,1,10,2,,2.0,555.0,
1740,07551300102,7,55,13,1,2,1,1,1,1,2.0,,,1.0
1741,07551300102,7,55,13,1,2,1,1,2,1,3.0,,,1.0
1742,07551300102,7,55,13,1,2,1,1,3,1,1.0,,,1.0
1743,07551300102,7,55,13,1,2,1,1,4,2,,2.0,1.0,
1744,07551300102,7,55,13,1,2,1,1,5,2,,2.0,1.0,
1745,07551300102,7,55,13,1,2,1,1,6,2,,2.0,1.0,
1746,07551300102,7,55,13,1,2,1,1,7,2,,1.0,1.0,
1747,07551300102,7,55,13,1,2,1,1,8,2,,2.0,1.0,
1748,07551300102,7,55,13,1,2,1,1,9,1,1.0,,,1.0
1749,07551300102,7,55,13,1,2,1,1,10,2,,2.0,1.0,
1750,07551300206,7,55,13,2,6,1,1,1,1,1.0,,,1.0
1751,07551300206,7,55,13,2,6,1,1,2,2,,1.0,1.0,
1752,07551300206,7,55,13,2,6,1,1,3,2,,1.0,1.0,
1753,07551300206,7,55,13,2,6,1,1,4,2,,2.0,1.0,
1754,07551300206,7,55,13,2,6,1,1,5,2,,2.0,1.0,
1755,07551300206,7,55,13,2,6,1,1,6,1,1.0,,,1.0
1756,07551300206,7,55,13,2,6,1,1,7,2,,2.0,1.0,
1757,07551300206,7,55,13,2,6,1,1,8,2,,2.0,1.0,
1758,07551300206,7,55,13,2,6,1,1,9,1,1.0,,,1.0
1759,07551300206,7,55,13,2,6,1,1,10,2,,2.0,1.0,
1760,07551300314,7,55,13,3,14,1,1,1,2,,1.0,1.0,
1761,07551300314,7,55,13,3,14,1,1,2,2,,1.0,1.0,
1762,07551300314,7,55,13,3,14,1,1,3,1,1.0,,,2.0
1763,07551300314,7,55,13,3,14,1,1,4,2,,1.0,1.0,
1764,07551300314,7,55,13,3,14,1,1,5,2,,1.0,1.0,
1765,07551300314,7,55,13,3,14,1,1,6,2,,2.0,1.0,
1766,07551300314,7,55,13,3,14,1,1,7,2,,1.0,1.0,
1767,07551300314,7,55,13,3,14,1,1,8,2,,1.0,1.0,
1768,07551300314,7,55,13,3,14,1,1,9,2,,2.0,1.0,
1769,07551300314,7,55,13,3,14,1,1,10,2,,2.0,6.0,
1770,07560201903,7,56,2,19,3,2,9,1,1,3.0,,,1.0
1771,07560201903,7,56,2,19,3,2,9,2,1,1.0,,,1.0
1772,07560201903,7,56,2,19,3,2,9,3,2,,1.0,1.0,
1773,07560201903,7,56,2,19,3,2,9,4,2,,1.0,1.0,
1774,07560201903,7,56,2,19,3,2,9,5,2,,1.0,1.0,
1775,07560201903,7,56,2,19,3,2,9,6,2,,2.0,1.0,
1776,07560201903,7,56,2,19,3,2,9,7,2,,1.0,1.0,
1777,07560201903,7,56,2,19,3,2,9,8,2,,1.0,1.0,
1778,07560201903,7,56,2,19,3,2,9,9,2,,1.0,1.0,
1779,07560201903,7,56,2,19,3,2,9,10,2,,1.0,1.0,
1780,07560202402,7,56,2,24,2,2,8,1,2,,2.0,2.0,
1781,07560202402,7,56,2,24,2,2,8,2,2,,2.0,1.0,
1782,07560202402,7,56,2,24,2,2,8,3,2,,2.0,1.0,
1783,07560202402,7,56,2,24,2,2,8,4,2,,2.0,1.0,
1784,07560202402,7,56,2,24,2,2,8,5,2,,2.0,1.0,
1785,07560202402,7,56,2,24,2,2,8,6,2,,2.0,1.0,
1786,07560202402,7,56,2,24,2,2,8,7,2,,2.0,1.0,
1787,07560202402,7,56,2,24,2,2,8,8,2,,2.0,1.0,
1788,07560202402,7,56,2,24,2,2,8,9,2,,2.0,1.0,
1789,07560202402,7,56,2,24,2,2,8,10,2,,2.0,1.0,
1790,07570900601,7,57,9,6,1,2,1,1,2,,2.0,1.0,
1791,07570900601,7,57,9,6,1,2,1,2,2,,2.0,1.0,
1792,07570900601,7,57,9,6,1,2,1,3,2,,2.0,1.0,
1793,07570900601,7,57,9,6,1,2,1,4,2,,2.0,1.0,
1794,07570900601,7,57,9,6,1,2,1,5,2,,2.0,1.0,
1795,07570900601,7,57,9,6,1,2,1,6,2,,2.0,1.0,
1796,07570900601,7,57,9,6,1,2,1,7,2,,2.0,1.0,
1797,07570900601,7,57,9,6,1,2,1,8,2,,2.0,1.0,
1798,07570900601,7,57,9,6,1,2,1,9,2,,2.0,1.0,
1799,07570900601,7,57,9,6,1,2,1,10,2,,2.0,1.0,
1800,07570901802,7,57,9,18,2,2,1,1,2,,2.0,1.0,
1801,07570901802,7,57,9,18,2,2,1,2,2,,2.0,1.0,
1802,07570901802,7,57,9,18,2,2,1,3,2,,2.0,1.0,
1803,07570901802,7,57,9,18,2,2,1,4,2,,2.0,1.0,
1804,07570901802,7,57,9,18,2,2,1,5,2,,2.0,1.0,
1805,07570901802,7,57,9,18,2,2,1,6,2,,2.0,1.0,
1806,07570901802,7,57,9,18,2,2,1,7,2,,2.0,1.0,
1807,07570901802,7,57,9,18,2,2,1,8,2,,2.0,1.0,
1808,07570901802,7,57,9,18,2,2,1,9,2,,2.0,1.0,
1809,07570901802,7,57,9,18,2,2,1,10,2,,2.0,1.0,
1810,07580600101,7,58,6,1,1,2,12,1,2,,1.0,1.0,
1811,07580600101,7,58,6,1,1,2,12,2,2,,2.0,1.0,
1812,07580600101,7,58,6,1,1,2,12,3,2,,2.0,1.0,
1813,07580600101,7,58,6,1,1,2,12,4,2,,2.0,1.0,
1814,07580600101,7,58,6,1,1,2,12,5,2,,2.0,1.0,
1815,07580600101,7,58,6,1,1,2,12,6,2,,2.0,1.0,
1816,07580600101,7,58,6,1,1,2,12,7,2,,2.0,1.0,
1817,07580600101,7,58,6,1,1,2,12,8,2,,2.0,1.0,
1818,07580600101,7,58,6,1,1,2,12,9,2,,2.0,1.0,
1819,07580600101,7,58,6,1,1,2,12,10,2,,1.0,1.0,
1820,07580601309,7,58,6,13,9,2,13,1,2,,1.0,1.0,
1821,07580601309,7,58,6,13,9,2,13,2,2,,2.0,1.0,
1822,07580601309,7,58,6,13,9,2,13,3,2,,2.0,1.0,
1823,07580601309,7,58,6,13,9,2,13,4,2,,2.0,1.0,
1824,07580601309,7,58,6,13,9,2,13,5,2,,1.0,1.0,
1825,07580601309,7,58,6,13,9,2,13,6,2,,2.0,1.0,
1826,07580601309,7,58,6,13,9,2,13,7,2,,2.0,1.0,
1827,07580601309,7,58,6,13,9,2,13,8,2,,1.0,1.0,
1828,07580601309,7,58,6,13,9,2,13,9,2,,2.0,1.0,
1829,07580601309,7,58,6,13,9,2,13,10,2,,2.0,1.0,
1830,07590401603,7,59,4,16,3,2,1,1,2,,2.0,1.0,
1831,07590401603,7,59,4,16,3,2,1,2,2,,2.0,1.0,
1832,07590401603,7,59,4,16,3,2,1,3,2,,2.0,1.0,
1833,07590401603,7,59,4,16,3,2,1,4,2,,2.0,1.0,
1834,07590401603,7,59,4,16,3,2,1,5,2,,2.0,1.0,
1835,07590401603,7,59,4,16,3,2,1,6,2,,2.0,1.0,
1836,07590401603,7,59,4,16,3,2,1,7,2,,2.0,1.0,
1837,07590401603,7,59,4,16,3,2,1,8,2,,2.0,1.0,
1838,07590401603,7,59,4,16,3,2,1,9,2,,2.0,1.0,
1839,07590401603,7,59,4,16,3,2,1,10,1,1.0,,,1.0
1840,07590800501,7,59,8,5,1,2,1,1,2,,2.0,1.0,
1841,07590800501,7,59,8,5,1,2,1,2,2,,2.0,1.0,
1842,07590800501,7,59,8,5,1,2,1,3,2,,2.0,1.0,
1843,07590800501,7,59,8,5,1,2,1,4,2,,2.0,1.0,
1844,07590800501,7,59,8,5,1,2,1,5,2,,2.0,1.0,
1845,07590800501,7,59,8,5,1,2,1,6,2,,2.0,1.0,
1846,07590800501,7,59,8,5,1,2,1,7,2,,2.0,1.0,
1847,07590800501,7,59,8,5,1,2,1,8,2,,2.0,1.0,
1848,07590800501,7,59,8,5,1,2,1,9,2,,2.0,1.0,
1849,07590800501,7,59,8,5,1,2,1,10,2,,2.0,1.0,
1850,07610101505,7,61,1,15,5,2,11,1,2,,1.0,1.0,
1851,07610101505,7,61,1,15,5,2,11,2,2,,1.0,1.0,
1852,07610101505,7,61,1,15,5,2,11,3,2,,2.0,1.0,
1853,07610101505,7,61,1,15,5,2,11,4,2,,2.0,1.0,
1854,07610101505,7,61,1,15,5,2,11,5,2,,1.0,1.0,
1855,07610101505,7,61,1,15,5,2,11,6,2,,1.0,1.0,
1856,07610101505,7,61,1,15,5,2,11,7,2,,2.0,1.0,
1857,07610101505,7,61,1,15,5,2,11,8,2,,1.0,1.0,
1858,07610101505,7,61,1,15,5,2,11,9,2,,1.0,1.0,
1859,07610101505,7,61,1,15,5,2,11,10,2,,1.0,1.0,
1860,07610101604,7,61,1,16,4,2,10,1,2,,1.0,1.0,
1861,07610101604,7,61,1,16,4,2,10,2,2,,1.0,1.0,
1862,07610101604,7,61,1,16,4,2,10,3,2,,1.0,1.0,
1863,07610101604,7,61,1,16,4,2,10,4,2,,1.0,1.0,
1864,07610101604,7,61,1,16,4,2,10,5,2,,1.0,1.0,
1865,07610101604,7,61,1,16,4,2,10,6,2,,2.0,1.0,
1866,07610101604,7,61,1,16,4,2,10,7,2,,2.0,1.0,
1867,07610101604,7,61,1,16,4,2,10,8,1,2.0,,,2.0
1868,07610101604,7,61,1,16,4,2,10,9,2,,1.0,1.0,
1869,07610101604,7,61,1,16,4,2,10,10,2,,2.0,1.0,
1870,07630101203,7,63,1,12,3,2,14,1,2,,1.0,1.0,
1871,07630101203,7,63,1,12,3,2,14,2,2,,1.0,1.0,
1872,07630101203,7,63,1,12,3,2,14,3,2,,1.0,1.0,
1873,07630101203,7,63,1,12,3,2,14,4,2,,1.0,1.0,
1874,07630101203,7,63,1,12,3,2,14,5,2,,2.0,1.0,
1875,07630101203,7,63,1,12,3,2,14,6,2,,2.0,1.0,
1876,07630101203,7,63,1,12,3,2,14,7,2,,2.0,1.0,
1877,07630101203,7,63,1,12,3,2,14,8,2,,1.0,1.0,
1878,07630101203,7,63,1,12,3,2,14,9,2,,1.0,1.0,
1879,07630101203,7,63,1,12,3,2,14,10,1,1.0,,,2.0
1880,07630102501,7,63,1,25,1,2,15,1,2,,1.0,1.0,
1881,07630102501,7,63,1,25,1,2,15,2,2,,2.0,1.0,
1882,07630102501,7,63,1,25,1,2,15,3,2,,2.0,1.0,
1883,07630102501,7,63,1,25,1,2,15,4,2,,2.0,1.0,
1884,07630102501,7,63,1,25,1,2,15,5,2,,2.0,1.0,
1885,07630102501,7,63,1,25,1,2,15,6,2,,2.0,1.0,
1886,07630102501,7,63,1,25,1,2,15,7,2,,2.0,1.0,
1887,07630102501,7,63,1,25,1,2,15,8,2,,2.0,1.0,
1888,07630102501,7,63,1,25,1,2,15,9,2,,2.0,1.0,
1889,07630102501,7,63,1,25,1,2,15,10,1,2.0,,,2.0
1890,07640101801,7,64,1,18,1,2,22,1,1,1.0,,,2.0
1891,07640101801,7,64,1,18,1,2,22,2,2,,2.0,1.0,
1892,07640101801,7,64,1,18,1,2,22,3,2,,1.0,1.0,
1893,07640101801,7,64,1,18,1,2,22,4,2,,1.0,1.0,
1894,07640101801,7,64,1,18,1,2,22,5,2,,2.0,1.0,
1895,07640101801,7,64,1,18,1,2,22,6,2,,2.0,1.0,
1896,07640101801,7,64,1,18,1,2,22,7,2,,2.0,1.0,
1897,07640101801,7,64,1,18,1,2,22,8,2,,2.0,1.0,
1898,07640101801,7,64,1,18,1,2,22,9,2,,1.0,1.0,
1899,07640101801,7,64,1,18,1,2,22,10,2,,2.0,1.0,
1900,07640300502,7,64,3,5,2,2,23,1,2,,1.0,1.0,
1901,07640300502,7,64,3,5,2,2,23,2,2,,2.0,1.0,
1902,07640300502,7,64,3,5,2,2,23,3,2,,2.0,1.0,
1903,07640300502,7,64,3,5,2,2,23,4,2,,2.0,1.0,
1904,07640300502,7,64,3,5,2,2,23,5,2,,2.0,555.0,
1905,07640300502,7,64,3,5,2,2,23,6,2,,2.0,555.0,
1906,07640300502,7,64,3,5,2,2,23,7,2,,2.0,3.0,
1907,07640300502,7,64,3,5,2,2,23,8,2,,2.0,1.0,
1908,07640300502,7,64,3,5,2,2,23,9,2,,2.0,1.0,
1909,07640300502,7,64,3,5,2,2,23,10,2,,1.0,1.0,
1910,07650101206,7,65,1,12,6,2,21,1,2,,2.0,1.0,
1911,07650101206,7,65,1,12,6,2,21,2,2,,2.0,1.0,
1912,07650101206,7,65,1,12,6,2,21,3,2,,2.0,1.0,
1913,07650101206,7,65,1,12,6,2,21,4,2,,2.0,1.0,
1914,07650101206,7,65,1,12,6,2,21,5,2,,2.0,1.0,
1915,07650101206,7,65,1,12,6,2,21,6,2,,2.0,1.0,
1916,07650101206,7,65,1,12,6,2,21,7,2,,2.0,1.0,
1917,07650101206,7,65,1,12,6,2,21,8,2,,2.0,1.0,
1918,07650101206,7,65,1,12,6,2,21,9,2,,2.0,1.0,
1919,07650101206,7,65,1,12,6,2,21,10,2,,2.0,1.0,
1920,07650105703,7,65,1,57,3,2,20,1,2,,2.0,1.0,
1921,07650105703,7,65,1,57,3,2,20,2,2,,2.0,1.0,
1922,07650105703,7,65,1,57,3,2,20,3,1,1.0,,,2.0
1923,07650105703,7,65,1,57,3,2,20,4,2,,2.0,1.0,
1924,07650105703,7,65,1,57,3,2,20,5,2,,2.0,1.0,
1925,07650105703,7,65,1,57,3,2,20,6,2,,2.0,1.0,
1926,07650105703,7,65,1,57,3,2,20,7,2,,2.0,1.0,
1927,07650105703,7,65,1,57,3,2,20,8,2,,2.0,1.0,
1928,07650105703,7,65,1,57,3,2,20,9,2,,2.0,1.0,
1929,07650105703,7,65,1,57,3,2,20,10,2,,2.0,1.0,
1930,07661900106,7,66,19,1,6,1,1,1,2,,2.0,1.0,
1931,07661900106,7,66,19,1,6,1,1,2,2,,2.0,1.0,
1932,07661900106,7,66,19,1,6,1,1,3,1,1.0,,,1.0
1933,07661900106,7,66,19,1,6,1,1,4,2,,1.0,1.0,
1934,07661900106,7,66,19,1,6,1,1,5,2,,1.0,1.0,
1935,07661900106,7,66,19,1,6,1,1,6,2,,1.0,1.0,
1936,07661900106,7,66,19,1,6,1,1,7,2,,1.0,1.0,
1937,07661900106,7,66,19,1,6,1,1,8,2,,1.0,1.0,
1938,07661900106,7,66,19,1,6,1,1,9,2,,1.0,1.0,
1939,07661900106,7,66,19,1,6,1,1,10,2,,2.0,6.0,
1940,07661900421,7,66,19,4,21,1,1,1,1,1.0,,,1.0
1941,07661900421,7,66,19,4,21,1,1,2,2,,2.0,1.0,
1942,07661900421,7,66,19,4,21,1,1,3,2,,2.0,1.0,
1943,07661900421,7,66,19,4,21,1,1,4,2,,2.0,1.0,
1944,07661900421,7,66,19,4,21,1,1,5,2,,2.0,1.0,
1945,07661900421,7,66,19,4,21,1,1,6,2,,2.0,1.0,
1946,07661900421,7,66,19,4,21,1,1,7,2,,2.0,1.0,
1947,07661900421,7,66,19,4,21,1,1,8,1,1.0,,,1.0
1948,07661900421,7,66,19,4,21,1,1,9,1,1.0,,,1.0
1949,07661900421,7,66,19,4,21,1,1,10,2,,2.0,1.0,
1950,07661900703,7,66,19,7,3,1,1,1,2,,2.0,2.0,
1951,07661900703,7,66,19,7,3,1,1,2,2,,2.0,3.0,
1952,07661900703,7,66,19,7,3,1,1,3,2,,2.0,2.0,
1953,07661900703,7,66,19,7,3,1,1,4,2,,2.0,2.0,
1954,07661900703,7,66,19,7,3,1,1,5,2,,2.0,2.0,
1955,07661900703,7,66,19,7,3,1,1,6,2,,2.0,2.0,
1956,07661900703,7,66,19,7,3,1,1,7,2,,2.0,2.0,
1957,07661900703,7,66,19,7,3,1,1,8,2,,2.0,2.0,
1958,07661900703,7,66,19,7,3,1,1,9,2,,2.0,2.0,
1959,07661900703,7,66,19,7,3,1,1,10,2,,2.0,2.0,
1960,12670500701,12,67,5,7,1,2,1,1,1,1.0,,,1.0
1961,12670500701,12,67,5,7,1,2,1,2,1,1.0,,,1.0
1962,12670500701,12,67,5,7,1,2,1,3,2,,2.0,1.0,
1963,12670500701,12,67,5,7,1,2,1,4,2,,2.0,1.0,
1964,12670500701,12,67,5,7,1,2,1,5,1,1.0,,,1.0
1965,12670500701,12,67,5,7,1,2,1,6,2,,2.0,1.0,
1966,12670500701,12,67,5,7,1,2,1,7,2,,2.0,1.0,
1967,12670500701,12,67,5,7,1,2,1,8,2,,2.0,1.0,
1968,12670500701,12,67,5,7,1,2,1,9,2,,2.0,1.0,
1969,12670500701,12,67,5,7,1,2,1,10,2,,2.0,1.0,
1970,12690101901,12,69,1,19,1,2,1,1,1,,,,
1971,12690101901,12,69,1,19,1,2,1,2,2,,2.0,1.0,
1972,12690101901,12,69,1,19,1,2,1,3,2,,2.0,1.0,
1973,12690101901,12,69,1,19,1,2,1,4,2,,2.0,1.0,
1974,12690101901,12,69,1,19,1,2,1,5,2,,2.0,1.0,
1975,12690101901,12,69,1,19,1,2,1,6,2,,2.0,1.0,
1976,12690101901,12,69,1,19,1,2,1,7,2,,2.0,1.0,
1977,12690101901,12,69,1,19,1,2,1,8,2,,2.0,1.0,
1978,12690101901,12,69,1,19,1,2,1,9,1,1.0,,,1.0
1979,12690101901,12,69,1,19,1,2,1,10,1,1.0,,,1.0
1980,13700100901,13,70,1,9,1,1,2,1,1,3.0,,,1.0
1981,13700100901,13,70,1,9,1,1,2,2,2,,1.0,10.0,
1982,13700100901,13,70,1,9,1,1,2,3,2,,1.0,10.0,
1983,13700100901,13,70,1,9,1,1,2,4,2,,1.0,10.0,
1984,13700100901,13,70,1,9,1,1,2,5,2,,1.0,10.0,
1985,13700100901,13,70,1,9,1,1,2,6,2,,2.0,10.0,
1986,13700100901,13,70,1,9,1,1,2,7,2,,1.0,10.0,
1987,13700100901,13,70,1,9,1,1,2,8,2,,2.0,1.0,
1988,13700100901,13,70,1,9,1,1,2,9,2,,2.0,1.0,
1989,13700100901,13,70,1,9,1,1,2,10,2,,2.0,1.0,
1990,13700101407,13,70,1,14,7,1,1,1,1,52.0,,,1.0
1991,13700101407,13,70,1,14,7,1,1,2,1,11.0,,,1.0
1992,13700101407,13,70,1,14,7,1,1,3,1,2.0,,,1.0
1993,13700101407,13,70,1,14,7,1,1,4,2,,2.0,1.0,
1994,13700101407,13,70,1,14,7,1,1,5,1,1.0,,,1.0
1995,13700101407,13,70,1,14,7,1,1,6,2,,1.0,2.0,
1996,13700101407,13,70,1,14,7,1,1,7,1,7.0,,,1.0
1997,13700101407,13,70,1,14,7,1,1,8,2,,2.0,2.0,
1998,13700101407,13,70,1,14,7,1,1,9,2,,2.0,2.0,
1999,13700101407,13,70,1,14,7,1,1,10,2,,1.0,2.0,
2000,13700101901,13,70,1,19,1,1,4,1,1,2.0,,,2.0
2001,13700101901,13,70,1,19,1,1,4,2,2,,1.0,2.0,
2002,13700101901,13,70,1,19,1,1,4,3,2,,1.0,2.0,
2003,13700101901,13,70,1,19,1,1,4,4,2,,2.0,1.0,
2004,13700101901,13,70,1,19,1,1,4,5,2,,2.0,1.0,
2005,13700101901,13,70,1,19,1,1,4,6,2,,2.0,1.0,
2006,13700101901,13,70,1,19,1,1,4,7,2,,2.0,1.0,
2007,13700101901,13,70,1,19,1,1,4,8,2,,2.0,1.0,
2008,13700101901,13,70,1,19,1,1,4,9,2,,2.0,1.0,
2009,13700101901,13,70,1,19,1,1,4,10,2,,2.0,1.0,
2010,14720100113,14,72,1,1,13,1,2,1,1,69.0,,,1.0
2011,14720100113,14,72,1,1,13,1,2,2,1,1.0,,,1.0
2012,14720100113,14,72,1,1,13,1,2,3,1,5.0,,,1.0
2013,14720100113,14,72,1,1,13,1,2,4,2,,2.0,1.0,
2014,14720100113,14,72,1,1,13,1,2,5,2,,2.0,1.0,
2015,14720100113,14,72,1,1,13,1,2,6,2,,2.0,1.0,
2016,14720100113,14,72,1,1,13,1,2,7,2,,2.0,1.0,
2017,14720100113,14,72,1,1,13,1,2,8,2,,2.0,1.0,
2018,14720100113,14,72,1,1,13,1,2,9,2,,2.0,1.0,
2019,14720100113,14,72,1,1,13,1,2,10,2,,2.0,2.0,
2020,14720100211,14,72,1,2,11,1,4,1,1,60.0,,,1.0
2021,14720100211,14,72,1,2,11,1,4,2,1,1.0,,,1.0
2022,14720100211,14,72,1,2,11,1,4,3,1,7.0,,,1.0
2023,14720100211,14,72,1,2,11,1,4,4,2,,2.0,1.0,
2024,14720100211,14,72,1,2,11,1,4,5,2,,2.0,1.0,
2025,14720100211,14,72,1,2,11,1,4,6,2,,2.0,1.0,
2026,14720100211,14,72,1,2,11,1,4,7,2,,2.0,1.0,
2027,14720100211,14,72,1,2,11,1,4,8,2,,2.0,1.0,
2028,14720100211,14,72,1,2,11,1,4,9,2,,2.0,1.0,
2029,14720100211,14,72,1,2,11,1,4,10,2,,2.0,2.0,
2030,14720100326,14,72,1,3,26,1,3,1,1,13.0,,,1.0
2031,14720100326,14,72,1,3,26,1,3,2,2,,2.0,1.0,
2032,14720100326,14,72,1,3,26,1,3,3,1,3.0,,,1.0
2033,14720100326,14,72,1,3,26,1,3,4,2,,2.0,1.0,
2034,14720100326,14,72,1,3,26,1,3,5,1,2.0,,,1.0
2035,14720100326,14,72,1,3,26,1,3,6,2,,2.0,1.0,
2036,14720100326,14,72,1,3,26,1,3,7,2,,2.0,1.0,
2037,14720100326,14,72,1,3,26,1,3,8,2,,2.0,1.0,
2038,14720100326,14,72,1,3,26,1,3,9,2,,2.0,1.0,
2039,14720100326,14,72,1,3,26,1,3,10,2,,2.0,2.0,
2040,14720100702,14,72,1,7,2,1,1,1,1,36.0,,,1.0
2041,14720100702,14,72,1,7,2,1,1,2,1,4.0,,,1.0
2042,14720100702,14,72,1,7,2,1,1,3,1,6.0,,,1.0
2043,14720100702,14,72,1,7,2,1,1,4,2,,2.0,1.0,
2044,14720100702,14,72,1,7,2,1,1,5,2,,2.0,1.0,
2045,14720100702,14,72,1,7,2,1,1,6,2,,2.0,1.0,
2046,14720100702,14,72,1,7,2,1,1,7,1,1.0,,,1.0
2047,14720100702,14,72,1,7,2,1,1,8,2,,2.0,1.0,
2048,14720100702,14,72,1,7,2,1,1,9,2,,2.0,1.0,
2049,14720100702,14,72,1,7,2,1,1,10,2,,2.0,1.0,
2050,14760500507,14,76,5,5,7,1,9,1,1,150.0,,,1.0
2051,14760500507,14,76,5,5,7,1,9,2,2,,1.0,1.0,
2052,14760500507,14,76,5,5,7,1,9,3,1,3.0,,,1.0
2053,14760500507,14,76,5,5,7,1,9,4,2,,1.0,1.0,
2054,14760500507,14,76,5,5,7,1,9,5,2,,2.0,1.0,
2055,14760500507,14,76,5,5,7,1,9,6,2,,2.0,1.0,
2056,14760500507,14,76,5,5,7,1,9,7,2,,2.0,1.0,
2057,14760500507,14,76,5,5,7,1,9,8,2,,2.0,1.0,
2058,14760500507,14,76,5,5,7,1,9,9,2,,2.0,1.0,
2059,14760500507,14,76,5,5,7,1,9,10,2,,1.0,1.0,
2060,14760500517,14,76,5,5,17,1,8,1,1,150.0,,,2.0
2061,14760500517,14,76,5,5,17,1,8,2,2,,1.0,1.0,
2062,14760500517,14,76,5,5,17,1,8,3,1,3.0,,,1.0
2063,14760500517,14,76,5,5,17,1,8,4,2,,1.0,1.0,
2064,14760500517,14,76,5,5,17,1,8,5,2,,2.0,1.0,
2065,14760500517,14,76,5,5,17,1,8,6,2,,2.0,1.0,
2066,14760500517,14,76,5,5,17,1,8,7,2,,2.0,1.0,
2067,14760500517,14,76,5,5,17,1,8,8,2,,2.0,1.0,
2068,14760500517,14,76,5,5,17,1,8,9,2,,2.0,1.0,
2069,14760500517,14,76,5,5,17,1,8,10,2,,1.0,1.0,
2070,14760500527,14,76,5,5,27,1,7,1,1,150.0,,,2.0
2071,14760500527,14,76,5,5,27,1,7,2,2,,1.0,1.0,
2072,14760500527,14,76,5,5,27,1,7,3,1,3.0,,,1.0
2073,14760500527,14,76,5,5,27,1,7,4,2,,1.0,1.0,
2074,14760500527,14,76,5,5,27,1,7,5,2,,2.0,1.0,
2075,14760500527,14,76,5,5,27,1,7,6,2,,2.0,1.0,
2076,14760500527,14,76,5,5,27,1,7,7,2,,2.0,1.0,
2077,14760500527,14,76,5,5,27,1,7,8,2,,2.0,1.0,
2078,14760500527,14,76,5,5,27,1,7,9,2,,2.0,1.0,
2079,14760500527,14,76,5,5,27,1,7,10,2,,1.0,1.0,
2080,14760500532,14,76,5,5,32,1,10,1,1,150.0,,,2.0
2081,14760500532,14,76,5,5,32,1,10,2,2,,1.0,1.0,
2082,14760500532,14,76,5,5,32,1,10,3,1,3.0,,,1.0
2083,14760500532,14,76,5,5,32,1,10,4,2,,1.0,1.0,
2084,14760500532,14,76,5,5,32,1,10,5,2,,2.0,1.0,
2085,14760500532,14,76,5,5,32,1,10,6,2,,2.0,1.0,
2086,14760500532,14,76,5,5,32,1,10,7,2,,2.0,1.0,
2087,14760500532,14,76,5,5,32,1,10,8,2,,2.0,1.0,
2088,14760500532,14,76,5,5,32,1,10,9,2,,2.0,1.0,
2089,14760500532,14,76,5,5,32,1,10,10,2,,1.0,1.0,
2090,14760500802,14,76,5,8,2,1,11,1,1,110.0,,,1.0
2091,14760500802,14,76,5,8,2,1,11,2,2,,1.0,1.0,
2092,14760500802,14,76,5,8,2,1,11,3,1,6.0,,,1.0
2093,14760500802,14,76,5,8,2,1,11,4,2,,1.0,1.0,
2094,14760500802,14,76,5,8,2,1,11,5,2,,2.0,1.0,
2095,14760500802,14,76,5,8,2,1,11,6,2,,2.0,1.0,
2096,14760500802,14,76,5,8,2,1,11,7,2,,2.0,1.0,
2097,14760500802,14,76,5,8,2,1,11,8,2,,2.0,1.0,
2098,14760500802,14,76,5,8,2,1,11,9,2,,2.0,1.0,
2099,14760500802,14,76,5,8,2,1,11,10,2,,1.0,1.0,
2100,14760500811,14,76,5,8,11,1,12,1,1,110.0,,,1.0
2101,14760500811,14,76,5,8,11,1,12,2,2,,1.0,1.0,
2102,14760500811,14,76,5,8,11,1,12,3,1,6.0,,,1.0
2103,14760500811,14,76,5,8,11,1,12,4,2,,1.0,1.0,
2104,14760500811,14,76,5,8,11,1,12,5,2,,2.0,1.0,
2105,14760500811,14,76,5,8,11,1,12,6,2,,2.0,1.0,
2106,14760500811,14,76,5,8,11,1,12,7,2,,2.0,1.0,
2107,14760500811,14,76,5,8,11,1,12,8,2,,2.0,1.0,
2108,14760500811,14,76,5,8,11,1,12,9,2,,2.0,1.0,
2109,14760500811,14,76,5,8,11,1,12,10,2,,1.0,1.0,
2110,15710100415,15,71,1,4,15,1,5,1,1,11.0,,,1.0
2111,15710100415,15,71,1,4,15,1,5,2,1,2.0,,,1.0
2112,15710100415,15,71,1,4,15,1,5,3,1,12.0,,,1.0
2113,15710100415,15,71,1,4,15,1,5,4,2,,1.0,9.0,
2114,15710100415,15,71,1,4,15,1,5,5,1,8.0,,,1.0
2115,15710100415,15,71,1,4,15,1,5,6,1,1.0,,,1.0
2116,15710100415,15,71,1,4,15,1,5,7,1,2.0,,,1.0
2117,15710100415,15,71,1,4,15,1,5,8,2,,2.0,1.0,
2118,15710100415,15,71,1,4,15,1,5,9,2,,2.0,1.0,
2119,15710100415,15,71,1,4,15,1,5,10,2,,2.0,1.0,
2120,15710100605,15,71,1,6,5,1,1,1,1,120.0,,,1.0
2121,15710100605,15,71,1,6,5,1,1,2,1,11.0,,,1.0
2122,15710100605,15,71,1,6,5,1,1,3,1,20.0,,,1.0
2123,15710100605,15,71,1,6,5,1,1,4,1,1.0,,,1.0
2124,15710100605,15,71,1,6,5,1,1,5,1,25.0,,,1.0
2125,15710100605,15,71,1,6,5,1,1,6,2,,2.0,2.0,
2126,15710100605,15,71,1,6,5,1,1,7,1,3.0,,,1.0
2127,15710100605,15,71,1,6,5,1,1,8,2,,2.0,1.0,
2128,15710100605,15,71,1,6,5,1,1,9,2,,2.0,1.0,
2129,15710100605,15,71,1,6,5,1,1,10,2,,2.0,1.0,
2130,15710101201,15,71,1,12,1,2,3,1,1,2.0,,,1.0
2131,15710101201,15,71,1,12,1,2,3,2,2,,1.0,3.0,
2132,15710101201,15,71,1,12,1,2,3,3,2,,1.0,3.0,
2133,15710101201,15,71,1,12,1,2,3,4,2,,1.0,3.0,
2134,15710101201,15,71,1,12,1,2,3,5,2,,1.0,3.0,
2135,15710101201,15,71,1,12,1,2,3,6,2,,1.0,3.0,
2136,15710101201,15,71,1,12,1,2,3,7,2,,2.0,1.0,
2137,15710101201,15,71,1,12,1,2,3,8,2,,2.0,1.0,
2138,15710101201,15,71,1,12,1,2,3,9,2,,2.0,1.0,
2139,15710101201,15,71,1,12,1,2,3,10,2,,1.0,1.0,
