,HHID,R_a,R_b,R_c,R_d,R_e,R4
0,01010301101004,0.0,,,,,1
1,01010301101004,1.0,,,,,2
2,01010301101004,0.0,,,,,3
3,01010301101004,0.0,,,,,4
4,01010301101012,0.0,0.0,,,0.0,1
5,01010301101012,2.0,1.0,,,1.0,2
6,01010301101012,0.0,0.0,,,0.0,3
7,01010301101012,0.0,0.0,,,0.0,4
8,01010301101022,0.0,,,,,1
9,01010301101022,1.0,,,,,2
10,01010301101022,0.0,,,,,3
11,01010301101022,0.0,,,,,4
12,01010301101028,0.0,,,,,1
13,01010301101028,2.0,,,,,2
14,01010301101028,0.0,,,,,3
15,01010301101028,0.0,,,,,4
16,01010301101034,0.0,,,,,1
17,01010301101034,1.0,,,,,2
18,01010301101034,0.0,,,,,3
19,01010301101034,0.0,,,,,4
20,01010301101046,,,,,1.0,1
21,01010301101046,,,,,1.0,2
22,01010301101046,,,,,1.0,3
23,01010301101046,,,,,0.0,4
24,01010400404008,1.0,,1.0,,,1
25,01010400404008,0.0,,0.0,,,2
26,01010400404008,0.0,,0.0,,,3
27,01010400404008,0.0,,0.0,,,4
28,01010400404027,1.0,,,,,1
29,01010400404027,0.0,,,,,2
30,01010400404027,0.0,,,,,3
31,01010400404027,0.0,,,,,4
32,01010400404103,,,,0.0,,1
33,01010400404103,,,,2.0,,2
34,01010400404103,,,,0.0,,3
35,01010400404103,,,,0.0,,4
36,01010400404122,1.0,,,,,1
37,01010400404122,0.0,,,,,2
38,01010400404122,0.0,,,,,3
39,01010400404122,0.0,,,,,4
40,01010400804007,0.0,,0.0,,,1
41,01010400804007,1.0,,1.0,,,2
42,01010400804007,0.0,,0.0,,,3
43,01010400804007,0.0,,0.0,,,4
44,01010400804047,1.0,,,,,1
45,01010400804047,1.0,,,,,2
46,01010400804047,1.0,,,,,3
47,01010400804047,0.0,,,,,4
48,01010400804087,1.0,,,,,1
49,01010400804087,0.0,,,,,2
50,01010400804087,0.0,,,,,3
51,01010400804087,0.0,,,,,4
52,01010400804147,0.0,,,,0.0,1
53,01010400804147,1.0,,,,2.0,2
54,01010400804147,0.0,,,,0.0,3
55,01010400804147,0.0,,,,0.0,4
56,01010400804187,1.0,,,,,1
57,01010400804187,0.0,,,,,2
58,01010400804187,0.0,,,,,3
59,01010400804187,0.0,,,,,4
60,01020600113067,1.0,,,,,1
61,01020600113067,0.0,,,,,2
62,01020600113067,0.0,,,,,3
63,01020600113067,0.0,,,,,4
64,01020801604170,,,,,1.0,1
65,01020801604170,,,,,1.0,2
66,01020801604170,,,,,1.0,3
67,01020801604170,,,,,0.0,4
68,01020901705114,0.0,,,,,1
69,01020901705114,1.0,,,,,2
70,01020901705114,0.0,,,,,3
71,01020901705114,0.0,,,,,4
72,01030800402015,,,,,0.0,1
73,01030800402015,,,,,1.0,2
74,01030800402015,,,,,0.0,3
75,01030800402015,,,,,0.0,4
76,01050101108084,,,,,0.0,1
77,01050101108084,,,,,1.0,2
78,01050101108084,,,,,0.0,3
79,01050101108084,,,,,0.0,4
80,01060100317092,1.0,,,,,1
81,01060100317092,0.0,,,,,2
82,01060100317092,0.0,,,,,3
83,01060100317092,0.0,,,,,4
84,01060100317112,1.0,,,,,1
85,01060100317112,1.0,,,,,2
86,01060100317112,0.0,,,,,3
87,01060100317112,0.0,,,,,4
88,01060200127003,0.0,,,,,1
89,01060200127003,0.0,,,,,2
90,01060200127003,0.0,,,,,3
91,01060200127003,0.0,,,,,4
92,01060200127086,0.0,,,,,1
93,01060200127086,1.0,,,,,2
94,01060200127086,0.0,,,,,3
95,01060200127086,0.0,,,,,4
96,01060200127142,,,,,0.0,1
97,01060200127142,,,,,1.0,2
98,01060200127142,,,,,0.0,3
99,01060200127142,,,,,0.0,4
100,01060200127156,,0.0,,,,1
101,01060200127156,,0.0,,,,2
102,01060200127156,,0.0,,,,3
103,01060200127156,,0.0,,,,4
104,01060200506004,0.0,,,,,1
105,01060200506004,1.0,,,,,2
106,01060200506004,0.0,,,,,3
107,01060200506004,0.0,,,,,4
108,01060200506026,1.0,,,,0.0,1
109,01060200506026,0.0,,,,1.0,2
110,01060200506026,0.0,,,,0.0,3
111,01060200506026,0.0,,,,0.0,4
112,01060200506125,,,,,0.0,1
113,01060200506125,,,,,1.0,2
114,01060200506125,,,,,0.0,3
115,01060200506125,,,,,0.0,4
116,02070101804061,,,0.0,,,1
117,02070101804061,,,0.0,,,2
118,02070101804061,,,0.0,,,3
119,02070101804061,,,0.0,,,4
120,02070101804081,0.0,0.0,,,0.0,1
121,02070101804081,0.0,0.0,,,1.0,2
122,02070101804081,0.0,0.0,,,0.0,3
123,02070101804081,0.0,0.0,,,0.0,4
124,02070101901098,-99.0,-99.0,-99.0,-99.0,-99.0,1
125,02070101901098,-99.0,-99.0,-99.0,-99.0,-99.0,2
126,02070101901098,-99.0,-99.0,-99.0,-99.0,-99.0,3
127,02070101901098,-99.0,-99.0,-99.0,-99.0,-99.0,4
128,02070200101019,,,,,0.0,1
129,02070200101019,,,,,0.0,2
130,02070200101019,,,,,0.0,3
131,02070200101019,,,,,0.0,4
132,02070300104049,0.0,,,,0.0,1
133,02070300104049,1.0,,,,0.0,2
134,02070300104049,0.0,,,,0.0,3
135,02070300104049,0.0,,,,0.0,4
136,02070501103023,,0.0,,,,1
137,02070501103023,,0.0,,,,2
138,02070501103023,,0.0,,,,3
139,02070501103023,,0.0,,,,4
140,02070501103089,1.0,,,,,1
141,02070501103089,0.0,,,,,2
142,02070501103089,0.0,,,,,3
143,02070501103089,0.0,,,,,4
144,02070501103133,1.0,,,,,1
145,02070501103133,0.0,,,,,2
146,02070501103133,0.0,,,,,3
147,02070501103133,0.0,,,,,4
148,02070501302004,0.0,,,,,1
149,02070501302004,1.0,,,,,2
150,02070501302004,0.0,,,,,3
151,02070501302004,0.0,,,,,4
152,02070501302088,0.0,,1.0,,,1
153,02070501302088,1.0,,0.0,,,2
154,02070501302088,1.0,,0.0,,,3
155,02070501302088,0.0,,1.0,,,4
156,02080300102036,,,,,0.0,1
157,02080300102036,,,,,1.0,2
158,02080300102036,,,,,0.0,3
159,02080300102036,,,,,0.0,4
160,02080300404092,,1.0,,1.0,1.0,1
161,02080300404092,,1.0,,2.0,1.0,2
162,02080300404092,,1.0,,2.0,1.0,3
163,02080300404092,,0.0,,0.0,0.0,4
164,02080300404130,,,,,0.0,1
165,02080300404130,,,,,0.0,2
166,02080300404130,,,,,1.0,3
167,02080300404130,,,,,0.0,4
168,02100100401066,1.0,,,,,1
169,02100100401066,0.0,,,,,2
170,02100100401066,0.0,,,,,3
171,02100100401066,0.0,,,,,4
172,02100100401166,0.0,,,,,1
173,02100100401166,1.0,,,,,2
174,02100100401166,0.0,,,,,3
175,02100100401166,0.0,,,,,4
176,02100100401226,0.0,,,,,1
177,02100100401226,1.0,,,,,2
178,02100100401226,0.0,,,,,3
179,02100100401226,0.0,,,,,4
180,02100100501176,,,1.0,1.0,,1
181,02100100501176,,,0.0,1.0,,2
182,02100100501176,,,0.0,0.0,,3
183,02100100501176,,,1.0,0.0,,4
184,02100100501195,1.0,,1.0,1.0,,1
185,02100100501195,1.0,,1.0,1.0,,2
186,02100100501195,1.0,,1.0,1.0,,3
187,02100100501195,0.0,,0.0,0.0,,4
188,02100200904038,0.0,0.0,0.0,0.0,0.0,1
189,02100200904038,0.0,0.0,0.0,0.0,0.0,2
190,02100200904038,0.0,0.0,0.0,0.0,0.0,3
191,02100200904038,0.0,0.0,0.0,0.0,0.0,4
192,02100200904049,,1.0,,1.0,,1
193,02100200904049,,1.0,,1.0,,2
194,02100200904049,,1.0,,1.0,,3
195,02100200904049,,0.0,,0.0,,4
196,03110300605047,0.0,,,,,1
197,03110300605047,0.0,,,,,2
198,03110300605047,0.0,,,,,3
199,03110300605047,0.0,,,,,4
200,03110300605132,,,1.0,,,1
201,03110300605132,,,1.0,,,2
202,03110300605132,,,1.0,,,3
203,03110300605132,,,0.0,,,4
204,03110301501040,0.0,,,,,1
205,03110301501040,1.0,,,,,2
206,03110301501040,1.0,,,,,3
207,03110301501040,0.0,,,,,4
208,03111800604102,0.0,,,,,1
209,03111800604102,0.0,,,,,2
210,03111800604102,0.0,,,,,3
211,03111800604102,0.0,,,,,4
212,03120102608044,0.0,,,,,1
213,03120102608044,1.0,,,,,2
214,03120102608044,0.0,,,,,3
215,03120102608044,0.0,,,,,4
216,03120102608060,,,1.0,,,1
217,03120102608060,,,0.0,,,2
218,03120102608060,,,0.0,,,3
219,03120102608060,,,0.0,,,4
220,03120102608172,,1.0,,,,1
221,03120102608172,,1.0,,,,2
222,03120102608172,,1.0,,,,3
223,03120102608172,,0.0,,,,4
224,03120300709142,,,0.0,,,1
225,03120300709142,,,1.0,,,2
226,03120300709142,,,1.0,,,3
227,03120300709142,,,0.0,,,4
228,03120302401027,,,1.0,,,1
229,03120302401027,,,0.0,,,2
230,03120302401027,,,0.0,,,3
231,03120302401027,,,0.0,,,4
232,03120302401061,0.0,,,,,1
233,03120302401061,1.0,,,,,2
234,03120302401061,0.0,,,,,3
235,03120302401061,1.0,,,,,4
236,03130401201082,,0.0,,,,1
237,03130401201082,,1.0,,,,2
238,03130401201082,,0.0,,,,3
239,03130401201082,,0.0,,,,4
240,03130401201280,0.0,,,,,1
241,03130401201280,0.0,,,,,2
242,03130401201280,1.0,,,,,3
243,03130401201280,0.0,,,,,4
244,03130803001024,,,,0.0,,1
245,03130803001024,,,,0.0,,2
246,03130803001024,,,,1.0,,3
247,03130803001024,,,,0.0,,4
248,03140901602050,,,0.0,,,1
249,03140901602050,,,0.0,,,2
250,03140901602050,,,1.0,,,3
251,03140901602050,,,0.0,,,4
252,03140901602140,0.0,,,,,1
253,03140901602140,0.0,,,,,2
254,03140901602140,0.0,,,,,3
255,03140901602140,0.0,,,,,4
256,03141001902041,,,,,0.0,1
257,03141001902041,,,,,0.0,2
258,03141001902041,,,,,1.0,3
259,03141001902041,,,,,0.0,4
260,03141001902073,,,,0.0,0.0,1
261,03141001902073,,,,1.0,1.0,2
262,03141001902073,,,,0.0,0.0,3
263,03141001902073,,,,0.0,0.0,4
264,03141202605049,,,1.0,,,1
265,03141202605049,,,0.0,,,2
266,03141202605049,,,0.0,,,3
267,03141202605049,,,0.0,,,4
268,03141700416114,0.0,,,,,1
269,03141700416114,0.0,,,,,2
270,03141700416114,0.0,,,,,3
271,03141700416114,0.0,,,,,4
272,03141700416126,0.0,,,,,1
273,03141700416126,0.0,,,,,2
274,03141700416126,0.0,,,,,3
275,03141700416126,0.0,,,,,4
276,03141800618033,0.0,,,,,1
277,03141800618033,0.0,,,,,2
278,03141800618033,0.0,,,,,3
279,03141800618033,0.0,,,,,4
280,03141800618061,,,,,0.0,1
281,03141800618061,,,,,0.0,2
282,03141800618061,,,,,0.0,3
283,03141800618061,,,,,0.0,4
284,03141800618068,,,,,0.0,1
285,03141800618068,,,,,0.0,2
286,03141800618068,,,,,0.0,3
287,03141800618068,,,,,0.0,4
288,03141800910043,0.0,,,,,1
289,03141800910043,0.0,,,,,2
290,03141800910043,0.0,,,,,3
291,03141800910043,0.0,,,,,4
292,03150800103133,,,0.0,,,1
293,03150800103133,,,0.0,,,2
294,03150800103133,,,0.0,,,3
295,03150800103133,,,0.0,,,4
296,03150800103148,0.0,,,,,1
297,03150800103148,0.0,,,,,2
298,03150800103148,0.0,,,,,3
299,03150800103148,0.0,,,,,4
300,03152000107001,0.0,,,,,1
301,03152000107001,0.0,,,,,2
302,03152000107001,0.0,,,,,3
303,03152000107001,0.0,,,,,4
304,03152000107009,,,0.0,,,1
305,03152000107009,,,0.0,,,2
306,03152000107009,,,0.0,,,3
307,03152000107009,,,0.0,,,4
308,03152000407023,0.0,0.0,,,,1
309,03152000407023,0.0,0.0,,,,2
310,03152000407023,0.0,0.0,,,,3
311,03152000407023,0.0,0.0,,,,4
312,03152000407100,,0.0,,,,1
313,03152000407100,,0.0,,,,2
314,03152000407100,,0.0,,,,3
315,03152000407100,,0.0,,,,4
316,03152000407111,0.0,,,0.0,,1
317,03152000407111,0.0,,,0.0,,2
318,03152000407111,0.0,,,0.0,,3
319,03152000407111,0.0,,,0.0,,4
320,03152000705109,0.0,,,,,1
321,03152000705109,0.0,,,,,2
322,03152000705109,0.0,,,,,3
323,03152000705109,0.0,,,,,4
324,03152000705137,0.0,,,,,1
325,03152000705137,0.0,,,,,2
326,03152000705137,0.0,,,,,3
327,03152000705137,0.0,,,,,4
328,03160201902101,0.0,,,,,1
329,03160201902101,1.0,,,,,2
330,03160201902101,0.0,,,,,3
331,03160201902101,0.0,,,,,4
332,03160201902113,0.0,,,,,1
333,03160201902113,0.0,,,,,2
334,03160201902113,0.0,,,,,3
335,03160201902113,0.0,,,,,4
336,03160201902125,0.0,0.0,,,,1
337,03160201902125,1.0,2.0,,,,2
338,03160201902125,0.0,0.0,,,,3
339,03160201902125,0.0,0.0,,,,4
340,03160201902137,0.0,,0.0,,,1
341,03160201902137,0.0,,0.0,,,2
342,03160201902137,0.0,,0.0,,,3
343,03160201902137,0.0,,0.0,,,4
344,03160204005008,0.0,,0.0,,,1
345,03160204005008,1.0,,1.0,,,2
346,03160204005008,0.0,,0.0,,,3
347,03160204005008,0.0,,0.0,,,4
348,03160204005022,0.0,,,,,1
349,03160204005022,1.0,,,,,2
350,03160204005022,0.0,,,,,3
351,03160204005022,0.0,,,,,4
352,03160204005036,0.0,0.0,,,,1
353,03160204005036,1.0,1.0,,,,2
354,03160204005036,1.0,0.0,,,,3
355,03160204005036,0.0,0.0,,,,4
356,03160204005050,0.0,0.0,,,,1
357,03160204005050,0.0,0.0,,,,2
358,03160204005050,0.0,0.0,,,,3
359,03160204005050,0.0,0.0,,,,4
360,03160500103023,0.0,,,,,1
361,03160500103023,0.0,,,,,2
362,03160500103023,0.0,,,,,3
363,03160500103023,0.0,,,,,4
364,03160500103062,0.0,,,,,1
365,03160500103062,0.0,,,,,2
366,03160500103062,0.0,,,,,3
367,03160500103062,0.0,,,,,4
368,03160500103101,0.0,,,,,1
369,03160500103101,0.0,,,,,2
370,03160500103101,0.0,,,,,3
371,03160500103101,0.0,,,,,4
372,03160600803010,0.0,,,,,1
373,03160600803010,0.0,,,,,2
374,03160600803010,0.0,,,,,3
375,03160600803010,0.0,,,,,4
376,03160600803026,0.0,,,,,1
377,03160600803026,1.0,,,,,2
378,03160600803026,0.0,,,,,3
379,03160600803026,0.0,,,,,4
380,03160600803042,1.0,1.0,0.0,0.0,,1
381,03160600803042,0.0,0.0,0.0,0.0,,2
382,03160600803042,0.0,0.0,0.0,0.0,,3
383,03160600803042,0.0,0.0,0.0,0.0,,4
384,03160600803058,1.0,0.0,,,,1
385,03160600803058,0.0,0.0,,,,2
386,03160600803058,0.0,0.0,,,,3
387,03160600803058,0.0,0.0,,,,4
388,03161500214051,0.0,,,,,1
389,03161500214051,0.0,,,,,2
390,03161500214051,0.0,,,,,3
391,03161500214051,0.0,,,,,4
392,03161500214106,0.0,,,,,1
393,03161500214106,0.0,,,,,2
394,03161500214106,0.0,,,,,3
395,03161500214106,0.0,,,,,4
396,03170400206185,,,0.0,,,1
397,03170400206185,,,1.0,,,2
398,03170400206185,,,0.0,,,3
399,03170400206185,,,0.0,,,4
400,03170401804091,,,1.0,,,1
401,03170401804091,,,1.0,,,2
402,03170401804091,,,1.0,,,3
403,03170401804091,,,1.0,,,4
404,03170401804115,0.0,,,,,1
405,03170401804115,0.0,,,,,2
406,03170401804115,0.0,,,,,3
407,03170401804115,0.0,,,,,4
408,03170401804163,0.0,,,,,1
409,03170401804163,0.0,,,,,2
410,03170401804163,0.0,,,,,3
411,03170401804163,0.0,,,,,4
412,03170401804187,0.0,,0.0,,,1
413,03170401804187,1.0,,1.0,,,2
414,03170401804187,0.0,,0.0,,,3
415,03170401804187,0.0,,0.0,,,4
416,03170401804235,0.0,,,,,1
417,03170401804235,1.0,,,,,2
418,03170401804235,0.0,,,,,3
419,03170401804235,0.0,,,,,4
420,03170403702090,0.0,,,,,1
421,03170403702090,0.0,,,,,2
422,03170403702090,0.0,,,,,3
423,03170403702090,0.0,,,,,4
424,03170403702150,,0.0,,0.0,,1
425,03170403702150,,0.0,,0.0,,2
426,03170403702150,,0.0,,0.0,,3
427,03170403702150,,0.0,,0.0,,4
428,03170403702190,,,0.0,,,1
429,03170403702190,,,0.0,,,2
430,03170403702190,,,0.0,,,3
431,03170403702190,,,0.0,,,4
432,03170500110045,,,1.0,,,1
433,03170500110045,,,1.0,,,2
434,03170500110045,,,1.0,,,3
435,03170500110045,,,0.0,,,4
436,03170500110180,0.0,,,,,1
437,03170500110180,1.0,,,,,2
438,03170500110180,1.0,,,,,3
439,03170500110180,0.0,,,,,4
440,03170601005004,0.0,,,,,1
441,03170601005004,0.0,,,,,2
442,03170601005004,0.0,,,,,3
443,03170601005004,0.0,,,,,4
444,03170601005016,0.0,,,,,1
445,03170601005016,0.0,,,,,2
446,03170601005016,0.0,,,,,3
447,03170601005016,0.0,,,,,4
448,03170601005028,0.0,,,,,1
449,03170601005028,0.0,,,,,2
450,03170601005028,0.0,,,,,3
451,03170601005028,0.0,,,,,4
452,03180201302109,,,,,1.0,1
453,03180201302109,,,,,1.0,2
454,03180201302109,,,,,2.0,3
455,03180201302109,,,,,0.0,4
456,03180302503083,,,,,0.0,1
457,03180302503083,,,,,0.0,2
458,03180302503083,,,,,0.0,3
459,03180302503083,,,,,0.0,4
460,03180302503099,,0.0,,,,1
461,03180302503099,,0.0,,,,2
462,03180302503099,,0.0,,,,3
463,03180302503099,,1.0,,,,4
464,03190201401082,0.0,,,,,1
465,03190201401082,0.0,,,,,2
466,03190201401082,0.0,,,,,3
467,03190201401082,0.0,,,,,4
468,03190201401118,0.0,,,,,1
469,03190201401118,0.0,,,,,2
470,03190201401118,1.0,,,,,3
471,03190201401118,0.0,,,,,4
472,03190202501240,0.0,,,,,1
473,03190202501240,0.0,,,,,2
474,03190202501240,0.0,,,,,3
475,03190202501240,0.0,,,,,4
476,03190402004190,0.0,,,,,1
477,03190402004190,1.0,,,,,2
478,03190402004190,0.0,,,,,3
479,03190402004190,0.0,,,,,4
480,03200200209037,,,0.0,,,1
481,03200200209037,,,0.0,,,2
482,03200200209037,,,0.0,,,3
483,03200200209037,,,0.0,,,4
484,03200200209055,0.0,,,,,1
485,03200200209055,0.0,,,,,2
486,03200200209055,0.0,,,,,3
487,03200200209055,0.0,,,,,4
488,03200200209091,,,0.0,,,1
489,03200200209091,,,0.0,,,2
490,03200200209091,,,0.0,,,3
491,03200200209091,,,0.0,,,4
492,03210100412010,2.0,,,,,1
493,03210100412010,0.0,,,,,2
494,03210100412010,0.0,,,,,3
495,03210100412010,0.0,,,,,4
496,03210100412163,0.0,,,,,1
497,03210100412163,0.0,,,,,2
498,03210100412163,0.0,,,,,3
499,03210100412163,0.0,,,,,4
500,03210101214015,0.0,,,,,1
501,03210101214015,4.0,,,,,2
502,03210101214015,0.0,,,,,3
503,03210101214015,0.0,,,,,4
504,03210101214028,1.0,,,,,1
505,03210101214028,0.0,,,,,2
506,03210101214028,0.0,,,,,3
507,03210101214028,0.0,,,,,4
508,03210101214041,0.0,,,,,1
509,03210101214041,0.0,,,,,2
510,03210101214041,0.0,,,,,3
511,03210101214041,0.0,,,,,4
512,03210101214054,0.0,,,,,1
513,03210101214054,0.0,,,,,2
514,03210101214054,0.0,,,,,3
515,03210101214054,0.0,,,,,4
516,04220201601003,0.0,,,,0.0,1
517,04220201601003,0.0,,,,0.0,2
518,04220201601003,0.0,,,,0.0,3
519,04220201601003,0.0,,,,0.0,4
520,04220202602005,0.0,,,,,1
521,04220202602005,0.0,,,,,2
522,04220202602005,0.0,,,,,3
523,04220202602005,0.0,,,,,4
524,04230200302002,,1.0,,,,1
525,04230200302002,,1.0,,,,2
526,04230200302002,,1.0,,,,3
527,04230200302002,,0.0,,,,4
528,04230200302008,,,,,0.0,1
529,04230200302008,,,,,0.0,2
530,04230200302008,,,,,0.0,3
531,04230200302008,,,,,0.0,4
532,04231300304004,,,,-99.0,-99.0,1
533,04231300304004,,,,-99.0,-99.0,2
534,04231300304004,,,,-99.0,-99.0,3
535,04231300304004,,,,-99.0,-99.0,4
536,04231300304005,0.0,-99.0,,0.0,,1
537,04231300304005,0.0,-99.0,,0.0,,2
538,04231300304005,0.0,-99.0,,0.0,,3
539,04231300304005,0.0,-99.0,,0.0,,4
540,04231301905011,,,,-99.0,,1
541,04231301905011,,,,-99.0,,2
542,04231301905011,,,,-99.0,,3
543,04231301905011,,,,-99.0,,4
544,04231700304002,0.0,,,,,1
545,04231700304002,0.0,,,,,2
546,04231700304002,0.0,,,,,3
547,04231700304002,0.0,,,,,4
548,04231700304010,0.0,,,,,1
549,04231700304010,1.0,,,,,2
550,04231700304010,0.0,,,,,3
551,04231700304010,0.0,,,,,4
552,04250800404001,,,,,0.0,1
553,04250800404001,,,,,1.0,2
554,04250800404001,,,,,0.0,3
555,04250800404001,,,,,0.0,4
556,04251103105003,,,,,1.0,1
557,04251103105003,,,,,1.0,2
558,04251103105003,,,,,1.0,3
559,04251103105003,,,,,0.0,4
560,04260500101006,0.0,,,,0.0,1
561,04260500101006,0.0,,,,0.0,2
562,04260500101006,0.0,,,,0.0,3
563,04260500101006,0.0,,,,0.0,4
564,04260801102004,,0.0,,,,1
565,04260801102004,,0.0,,,,2
566,04260801102004,,0.0,,,,3
567,04260801102004,,0.0,,,,4
568,04260801102005,,,0.0,,,1
569,04260801102005,,,0.0,,,2
570,04260801102005,,,0.0,,,3
571,04260801102005,,,0.0,,,4
572,04260801102010,-99.0,-99.0,-99.0,-99.0,-99.0,1
573,04260801102010,-99.0,-99.0,-99.0,-99.0,-99.0,2
574,04260801102010,-99.0,-99.0,-99.0,-99.0,-99.0,3
575,04260801102010,-99.0,-99.0,-99.0,-99.0,-99.0,4
576,04260801102011,-99.0,-99.0,-99.0,-99.0,-99.0,1
577,04260801102011,-99.0,-99.0,-99.0,-99.0,-99.0,2
578,04260801102011,-99.0,-99.0,-99.0,-99.0,-99.0,3
579,04260801102011,-99.0,-99.0,-99.0,-99.0,-99.0,4
580,04260801102012,-99.0,-99.0,-99.0,-99.0,-99.0,1
581,04260801102012,-99.0,-99.0,-99.0,-99.0,-99.0,2
582,04260801102012,-99.0,-99.0,-99.0,-99.0,-99.0,3
583,04260801102012,-99.0,-99.0,-99.0,-99.0,-99.0,4
584,04261701902001,0.0,0.0,0.0,-99.0,,1
585,04261701902001,0.0,0.0,0.0,-99.0,,2
586,04261701902001,0.0,0.0,0.0,-99.0,,3
587,04261701902001,0.0,0.0,0.0,-99.0,,4
588,04261701902003,,0.0,,,,1
589,04261701902003,,0.0,,,,2
590,04261701902003,,0.0,,,,3
591,04261701902003,,0.0,,,,4
592,04261701902005,,-99.0,,-99.0,-99.0,1
593,04261701902005,,-99.0,,-99.0,-99.0,2
594,04261701902005,,-99.0,,-99.0,-99.0,3
595,04261701902005,,-99.0,,-99.0,-99.0,4
596,04280201505003,,,,,2.0,1
597,04280201505003,,,,,2.0,2
598,04280201505003,,,,,2.0,3
599,04280201505003,,,,,0.0,4
600,04280900511134,,0.0,,,,1
601,04280900511134,,0.0,,,,2
602,04280900511134,,0.0,,,,3
603,04280900511134,,0.0,,,,4
604,04290100110008,1.0,,,,,1
605,04290100110008,1.0,,,,,2
606,04290100110008,1.0,,,,,3
607,04290100110008,0.0,,,,,4
608,04291500905002,0.0,,,,,1
609,04291500905002,1.0,,,,,2
610,04291500905002,0.0,,,,,3
611,04291500905002,0.0,,,,,4
612,04291500905003,,,1.0,,,1
613,04291500905003,,,1.0,,,2
614,04291500905003,,,0.0,,,3
615,04291500905003,,,0.0,,,4
616,04292500402003,,,,1.0,,1
617,04292500402003,,,,1.0,,2
618,04292500402003,,,,1.0,,3
619,04292500402003,,,,0.0,,4
620,04300800105005,1.0,,,,,1
621,04300800105005,0.0,,,,,2
622,04300800105005,0.0,,,,,3
623,04300800105005,0.0,,,,,4
624,04301301004004,,,,,1.0,1
625,04301301004004,,,,,1.0,2
626,04301301004004,,,,,1.0,3
627,04301301004004,,,,,0.0,4
628,04301301004006,,1.0,,,,1
629,04301301004006,,1.0,,,,2
630,04301301004006,,1.0,,,,3
631,04301301004006,,0.0,,,,4
632,04301301004007,1.0,,,,,1
633,04301301004007,0.0,,,,,2
634,04301301004007,0.0,,,,,3
635,04301301004007,0.0,,,,,4
636,04310302803005,,,,,1.0,1
637,04310302803005,,,,,0.0,2
638,04310302803005,,,,,0.0,3
639,04310302803005,,,,,0.0,4
640,04310302803011,,,,,1.0,1
641,04310302803011,,,,,1.0,2
642,04310302803011,,,,,1.0,3
643,04310302803011,,,,,0.0,4
644,04320400608001,,,,,1.0,1
645,04320400608001,,,,,1.0,2
646,04320400608001,,,,,1.0,3
647,04320400608001,,,,,0.0,4
648,04320501610004,0.0,,,,,1
649,04320501610004,0.0,,,,,2
650,04320501610004,1.0,,,,,3
651,04320501610004,0.0,,,,,4
652,04321200208033,0.0,,,,,1
653,04321200208033,0.0,,,,,2
654,04321200208033,0.0,,,,,3
655,04321200208033,0.0,,,,,4
656,04321600405007,,,,0.0,,1
657,04321600405007,,,,1.0,,2
658,04321600405007,,,,0.0,,3
659,04321600405007,,,,0.0,,4
660,04321801602003,,,,,1.0,1
661,04321801602003,,,,,1.0,2
662,04321801602003,,,,,1.0,3
663,04321801602003,,,,,0.0,4
664,04321801602010,0.0,,,,,1
665,04321801602010,1.0,,,,,2
666,04321801602010,0.0,,,,,3
667,04321801602010,0.0,,,,,4
668,04330801809053,1.0,,,,,1
669,04330801809053,0.0,,,,,2
670,04330801809053,0.0,,,,,3
671,04330801809053,0.0,,,,,4
672,04331301403188,0.0,,,,,1
673,04331301403188,0.0,,,,,2
674,04331301403188,0.0,,,,,3
675,04331301403188,0.0,,,,,4
676,04340201103002,,,,0.0,0.0,1
677,04340201103002,,,,0.0,1.0,2
678,04340201103002,,,,0.0,0.0,3
679,04340201103002,,,,0.0,0.0,4
680,04340300103055,,,,1.0,,1
681,04340300103055,,,,1.0,,2
682,04340300103055,,,,1.0,,3
683,04340300103055,,,,0.0,,4
684,04340300103096,,,,,0.0,1
685,04340300103096,,,,,1.0,2
686,04340300103096,,,,,0.0,3
687,04340300103096,,,,,0.0,4
688,04340900114035,1.0,,,,,1
689,04340900114035,1.0,,,,,2
690,04340900114035,0.0,,,,,3
691,04340900114035,0.0,,,,,4
692,04340900114125,0.0,,,,1.0,1
693,04340900114125,1.0,,,,1.0,2
694,04340900114125,0.0,,,,1.0,3
695,04340900114125,1.0,,,,1.0,4
696,04340900114197,0.0,,,,,1
697,04340900114197,0.0,,,,,2
698,04340900114197,0.0,,,,,3
699,04340900114197,1.0,,,,,4
700,04350203701008,,,0.0,,,1
701,04350203701008,,,1.0,,,2
702,04350203701008,,,0.0,,,3
703,04350203701008,,,0.0,,,4
704,04350204302001,,,,,0.0,1
705,04350204302001,,,,,1.0,2
706,04350204302001,,,,,0.0,3
707,04350204302001,,,,,0.0,4
708,04350204302002,,,,,1.0,1
709,04350204302002,,,,,1.0,2
710,04350204302002,,,,,1.0,3
711,04350204302002,,,,,0.0,4
712,04350204302007,,,0.0,0.0,,1
713,04350204302007,,,1.0,1.0,,2
714,04350204302007,,,0.0,0.0,,3
715,04350204302007,,,0.0,0.0,,4
716,04350602101001,0.0,0.0,0.0,0.0,0.0,1
717,04350602101001,1.0,1.0,1.0,1.0,1.0,2
718,04350602101001,1.0,1.0,1.0,1.0,1.0,3
719,04350602101001,1.0,1.0,1.0,1.0,1.0,4
720,04350602101003,1.0,1.0,1.0,1.0,1.0,1
721,04350602101003,0.0,0.0,0.0,0.0,1.0,2
722,04350602101003,0.0,0.0,0.0,0.0,0.0,3
723,04350602101003,0.0,0.0,0.0,0.0,0.0,4
724,04350602101009,,0.0,,0.0,,1
725,04350602101009,,2.0,,2.0,,2
726,04350602101009,,0.0,,0.0,,3
727,04350602101009,,0.0,,0.0,,4
728,04360100202001,1.0,1.0,1.0,1.0,1.0,1
729,04360100202001,1.0,1.0,1.0,1.0,1.0,2
730,04360100202001,1.0,1.0,1.0,1.0,1.0,3
731,04360100202001,1.0,1.0,1.0,1.0,1.0,4
732,04360100202012,0.0,,,,,1
733,04360100202012,1.0,,,,,2
734,04360100202012,1.0,,,,,3
735,04360100202012,0.0,,,,,4
736,04360100513050,,1.0,,,1.0,1
737,04360100513050,,1.0,,,1.0,2
738,04360100513050,,1.0,,,1.0,3
739,04360100513050,,0.0,,,0.0,4
740,04360101402001,,0.0,,,,1
741,04360101402001,,0.0,,,,2
742,04360101402001,,0.0,,,,3
743,04360101402001,,0.0,,,,4
744,04380301901001,1.0,1.0,1.0,1.0,1.0,1
745,04380301901001,1.0,1.0,1.0,1.0,1.0,2
746,04380301901001,1.0,1.0,1.0,1.0,1.0,3
747,04380301901001,0.0,1.0,1.0,1.0,1.0,4
748,04381001704002,0.0,,,,,1
749,04381001704002,1.0,,,,,2
750,04381001704002,1.0,,,,,3
751,04381001704002,0.0,,,,,4
752,04381001704007,,0.0,0.0,0.0,,1
753,04381001704007,,2.0,1.0,0.0,,2
754,04381001704007,,0.0,0.0,0.0,,3
755,04381001704007,,0.0,0.0,0.0,,4
756,04390300402003,0.0,,,,,1
757,04390300402003,0.0,,,,,2
758,04390300402003,0.0,,,,,3
759,04390300402003,0.0,,,,,4
760,04390300402004,0.0,,0.0,,,1
761,04390300402004,0.0,,0.0,,,2
762,04390300402004,0.0,,0.0,,,3
763,04390300402004,0.0,,0.0,,,4
764,04390300402006,0.0,0.0,,,,1
765,04390300402006,0.0,0.0,,,,2
766,04390300402006,0.0,0.0,,,,3
767,04390300402006,0.0,0.0,,,,4
768,04390300601001,,,,0.0,0.0,1
769,04390300601001,,,,0.0,0.0,2
770,04390300601001,,,,0.0,1.0,3
771,04390300601001,,,,0.0,0.0,4
772,04390300601005,,,,0.0,,1
773,04390300601005,,,,0.0,,2
774,04390300601005,,,,0.0,,3
775,04390300601005,,,,0.0,,4
776,04390300601007,1.0,,,,,1
777,04390300601007,1.0,,,,,2
778,04390300601007,1.0,,,,,3
779,04390300601007,0.0,,,,,4
780,04390302201001,,,0.0,,,1
781,04390302201001,,,0.0,,,2
782,04390302201001,,,1.0,,,3
783,04390302201001,,,0.0,,,4
784,04391000302005,,,0.0,,,1
785,04391000302005,,,0.0,,,2
786,04391000302005,,,0.0,,,3
787,04391000302005,,,0.0,,,4
788,05400100401002,,,,-99.0,-99.0,1
789,05400100401002,,,,-99.0,-99.0,2
790,05400100401002,,,,-99.0,-99.0,3
791,05400100401002,,,,-99.0,-99.0,4
792,05400100401005,,-99.0,,,-99.0,1
793,05400100401005,,-99.0,,,-99.0,2
794,05400100401005,,-99.0,,,-99.0,3
795,05400100401005,,-99.0,,,-99.0,4
796,05400100401008,,-99.0,,-99.0,-99.0,1
797,05400100401008,,-99.0,,-99.0,-99.0,2
798,05400100401008,,-99.0,,-99.0,-99.0,3
799,05400100401008,,-99.0,,-99.0,-99.0,4
800,05400100401011,,-99.0,,-99.0,,1
801,05400100401011,,-99.0,,-99.0,,2
802,05400100401011,,-99.0,,-99.0,,3
803,05400100401011,,-99.0,,-99.0,,4
804,05400100401014,,,,,-99.0,1
805,05400100401014,,,,,-99.0,2
806,05400100401014,,,,,-99.0,3
807,05400100401014,,,,,-99.0,4
808,05400100401017,,-99.0,,-99.0,,1
809,05400100401017,,-99.0,,-99.0,,2
810,05400100401017,,-99.0,,-99.0,,3
811,05400100401017,,-99.0,,-99.0,,4
812,05400100401023,,-99.0,,,-99.0,1
813,05400100401023,,-99.0,,,-99.0,2
814,05400100401023,,-99.0,,,-99.0,3
815,05400100401023,,-99.0,,,-99.0,4
816,05400100401026,,,,,-99.0,1
817,05400100401026,,,,,-99.0,2
818,05400100401026,,,,,-99.0,3
819,05400100401026,,,,,0.0,4
820,05400100401036,,-99.0,,-99.0,-99.0,1
821,05400100401036,,-99.0,,-99.0,-99.0,2
822,05400100401036,,-99.0,,-99.0,-99.0,3
823,05400100401036,,-99.0,,-99.0,-99.0,4
824,05400100401060,,-99.0,-99.0,-99.0,-99.0,1
825,05400100401060,,-99.0,-99.0,-99.0,-99.0,2
826,05400100401060,,-99.0,-99.0,-99.0,-99.0,3
827,05400100401060,,-99.0,-99.0,-99.0,-99.0,4
828,05400101201003,,-99.0,,,-99.0,1
829,05400101201003,,-99.0,,,-99.0,2
830,05400101201003,,-99.0,,,-99.0,3
831,05400101201003,,-99.0,,,-99.0,4
832,05400101201013,,-99.0,,-99.0,-99.0,1
833,05400101201013,,-99.0,,-99.0,-99.0,2
834,05400101201013,,-99.0,,-99.0,-99.0,3
835,05400101201013,,-99.0,,-99.0,-99.0,4
836,05400101201018,,-99.0,-99.0,,-99.0,1
837,05400101201018,,-99.0,-99.0,,-99.0,2
838,05400101201018,,-99.0,-99.0,,-99.0,3
839,05400101201018,,-99.0,-99.0,,-99.0,4
840,05400101201023,,-99.0,,-99.0,,1
841,05400101201023,,-99.0,,-99.0,,2
842,05400101201023,,-99.0,,-99.0,,3
843,05400101201023,,-99.0,,-99.0,,4
844,05400101201028,,-99.0,,-99.0,,1
845,05400101201028,,-99.0,,-99.0,,2
846,05400101201028,,-99.0,,-99.0,,3
847,05400101201028,,-99.0,,-99.0,,4
848,05400300103010,,-99.0,,,-99.0,1
849,05400300103010,,-99.0,,,-99.0,2
850,05400300103010,,-99.0,,,-99.0,3
851,05400300103010,,-99.0,,,-99.0,4
852,05400300103030,,,,-99.0,-99.0,1
853,05400300103030,,,,-99.0,-99.0,2
854,05400300103030,,,,-99.0,-99.0,3
855,05400300103030,,,,-99.0,-99.0,4
856,05400300103047,,-99.0,,-99.0,-99.0,1
857,05400300103047,,-99.0,,-99.0,-99.0,2
858,05400300103047,,-99.0,,-99.0,-99.0,3
859,05400300103047,,-99.0,,-99.0,-99.0,4
860,05400300103059,,,,,-99.0,1
861,05400300103059,,,,,-99.0,2
862,05400300103059,,,,,-99.0,3
863,05400300103059,,,,,-99.0,4
864,05400300103068,,,,-99.0,-99.0,1
865,05400300103068,,,,-99.0,-99.0,2
866,05400300103068,,,,-99.0,-99.0,3
867,05400300103068,,,,-99.0,-99.0,4
868,05400300103077,,,,-99.0,-99.0,1
869,05400300103077,,,,-99.0,-99.0,2
870,05400300103077,,,,-99.0,-99.0,3
871,05400300103077,,,,-99.0,-99.0,4
872,05400301101073,,-99.0,,,-99.0,1
873,05400301101073,,-99.0,,,-99.0,2
874,05400301101073,,-99.0,,,-99.0,3
875,05400301101073,,-99.0,,,-99.0,4
876,05400301101085,,,,-99.0,,1
877,05400301101085,,,,-99.0,,2
878,05400301101085,,,,-99.0,,3
879,05400301101085,,,,-99.0,,4
880,05400601201015,,,1.0,,,1
881,05400601201015,,,0.0,,,2
882,05400601201015,,,1.0,,,3
883,05400601201015,,,0.0,,,4
884,05410400405001,,-99.0,-99.0,-99.0,-99.0,1
885,05410400405001,,-99.0,-99.0,-99.0,-99.0,2
886,05410400405001,,-99.0,-99.0,-99.0,-99.0,3
887,05410400405001,,0.0,-99.0,-99.0,-99.0,4
888,05410400405004,,-99.0,0.0,-99.0,0.0,1
889,05410400405004,,-99.0,0.0,-99.0,-99.0,2
890,05410400405004,,-99.0,0.0,-99.0,-99.0,3
891,05410400405004,,-99.0,0.0,-99.0,-99.0,4
892,05410400405015,,0.0,,0.0,,1
893,05410400405015,,0.0,,0.0,,2
894,05410400405015,,0.0,,0.0,,3
895,05410400405015,,0.0,,0.0,,4
896,05410400405026,,-99.0,,,0.0,1
897,05410400405026,,-99.0,,,0.0,2
898,05410400405026,,-99.0,,,0.0,3
899,05410400405026,,-99.0,,,0.0,4
900,05410400405048,0.0,,,,,1
901,05410400405048,0.0,,,,,2
902,05410400405048,0.0,,,,,3
903,05410400405048,0.0,,,,,4
904,05410400405059,,,,,-99.0,1
905,05410400405059,,,,,-99.0,2
906,05410400405059,,,,,-99.0,3
907,05410400405059,,,,,-99.0,4
908,05410400405070,0.0,,,,,1
909,05410400405070,0.0,,,,,2
910,05410400405070,0.0,,,,,3
911,05410400405070,0.0,,,,,4
912,05410400405081,0.0,-99.0,,-99.0,,1
913,05410400405081,0.0,-99.0,,-99.0,,2
914,05410400405081,0.0,-99.0,,-99.0,,3
915,05410400405081,0.0,-99.0,,-99.0,,4
916,05410400405092,,-99.0,,-99.0,,1
917,05410400405092,,-99.0,,-99.0,,2
918,05410400405092,,-99.0,,-99.0,,3
919,05410400405092,,-99.0,,-99.0,,4
920,05410400405114,-99.0,-99.0,,-99.0,-99.0,1
921,05410400405114,-99.0,-99.0,,-99.0,-99.0,2
922,05410400405114,-99.0,-99.0,,-99.0,-99.0,3
923,05410400405114,-99.0,-99.0,,-99.0,0.0,4
924,05410400634003,,,-99.0,-99.0,-99.0,1
925,05410400634003,,,-99.0,-99.0,-99.0,2
926,05410400634003,,,-99.0,-99.0,-99.0,3
927,05410400634003,,,-99.0,-99.0,-99.0,4
928,05410400634035,,-99.0,,,,1
929,05410400634035,,-99.0,,,,2
930,05410400634035,,-99.0,,,,3
931,05410400634035,,-99.0,,,,4
932,05410400634051,,-99.0,,,-99.0,1
933,05410400634051,,-99.0,,,-99.0,2
934,05410400634051,,-99.0,,,-99.0,3
935,05410400634051,,-99.0,,,-99.0,4
936,05410400634067,,,,-99.0,,1
937,05410400634067,,,,-99.0,,2
938,05410400634067,,,,-99.0,,3
939,05410400634067,,,,-99.0,,4
940,05410400634115,,,,-99.0,-99.0,1
941,05410400634115,,,,-99.0,-99.0,2
942,05410400634115,,,,-99.0,-99.0,3
943,05410400634115,,,,-99.0,-99.0,4
944,05410400634131,,-99.0,0.0,-99.0,,1
945,05410400634131,,-99.0,0.0,-99.0,,2
946,05410400634131,,-99.0,0.0,-99.0,,3
947,05410400634131,,-99.0,0.0,-99.0,,4
948,05410400634147,,-99.0,,-99.0,-99.0,1
949,05410400634147,,-99.0,,-99.0,-99.0,2
950,05410400634147,,-99.0,,-99.0,-99.0,3
951,05410400634147,,-99.0,,-99.0,0.0,4
952,05410400634163,,-99.0,,,-99.0,1
953,05410400634163,,-99.0,,,-99.0,2
954,05410400634163,,-99.0,,,-99.0,3
955,05410400634163,,-99.0,,,-99.0,4
956,05410400634179,,-99.0,,,-99.0,1
957,05410400634179,,-99.0,,,-99.0,2
958,05410400634179,,-99.0,,,-99.0,3
959,05410400634179,,-99.0,,,-99.0,4
960,05410403801041,,0.0,,,,1
961,05410403801041,,0.0,,,,2
962,05410403801041,,0.0,,,,3
963,05410403801041,,0.0,,,,4
964,05410403801077,0.0,0.0,0.0,,,1
965,05410403801077,0.0,0.0,0.0,,,2
966,05410403801077,0.0,0.0,0.0,,,3
967,05410403801077,0.0,0.0,0.0,,,4
968,05410600103012,,-99.0,,,-99.0,1
969,05410600103012,,-99.0,,,-99.0,2
970,05410600103012,,-99.0,,,-99.0,3
971,05410600103012,,-99.0,,,-99.0,4
972,05410600103020,-99.0,-99.0,,-99.0,-99.0,1
973,05410600103020,-99.0,-99.0,,-99.0,-99.0,2
974,05410600103020,-99.0,-99.0,,-99.0,-99.0,3
975,05410600103020,-99.0,-99.0,,-99.0,-99.0,4
976,05410600103028,,-99.0,,-99.0,-99.0,1
977,05410600103028,,-99.0,,-99.0,-99.0,2
978,05410600103028,,-99.0,,-99.0,-99.0,3
979,05410600103028,,-99.0,,-99.0,-99.0,4
980,05410600103036,,-99.0,-99.0,-99.0,-99.0,1
981,05410600103036,,-99.0,-99.0,-99.0,-99.0,2
982,05410600103036,,-99.0,-99.0,-99.0,-99.0,3
983,05410600103036,,-99.0,-99.0,-99.0,-99.0,4
984,05410600103044,-99.0,-99.0,,-99.0,-99.0,1
985,05410600103044,-99.0,-99.0,,-99.0,-99.0,2
986,05410600103044,-99.0,-99.0,,-99.0,-99.0,3
987,05410600103044,-99.0,-99.0,,-99.0,-99.0,4
988,05410600103052,,,-99.0,,-99.0,1
989,05410600103052,,,-99.0,,-99.0,2
990,05410600103052,,,-99.0,,-99.0,3
991,05410600103052,,,-99.0,,-99.0,4
992,05410600103060,,,-99.0,-99.0,,1
993,05410600103060,,,-99.0,-99.0,,2
994,05410600103060,,,-99.0,-99.0,,3
995,05410600103060,,,-99.0,-99.0,,4
996,05410600103068,,,,-99.0,-99.0,1
997,05410600103068,,,,-99.0,-99.0,2
998,05410600103068,,,,-99.0,-99.0,3
999,05410600103068,,,,-99.0,-99.0,4
1000,05410600103076,,-99.0,-99.0,-99.0,-99.0,1
1001,05410600103076,,-99.0,-99.0,-99.0,-99.0,2
1002,05410600103076,,-99.0,-99.0,-99.0,-99.0,3
1003,05410600103076,,-99.0,-99.0,-99.0,-99.0,4
1004,05410600103084,,-99.0,,,,1
1005,05410600103084,,-99.0,,,,2
1006,05410600103084,,-99.0,,,,3
1007,05410600103084,,-99.0,,,,4
1008,05410600103092,,,,,-99.0,1
1009,05410600103092,,,,,-99.0,2
1010,05410600103092,,,,,-99.0,3
1011,05410600103092,,,,,-99.0,4
1012,05410603406003,1.0,,,,,1
1013,05410603406003,0.0,,,,,2
1014,05410603406003,0.0,,,,,3
1015,05410603406003,0.0,,,,,4
1016,05410700301001,,0.0,,,,1
1017,05410700301001,,0.0,,,,2
1018,05410700301001,,0.0,,,,3
1019,05410700301001,,0.0,,,,4
1020,05410700301002,,-99.0,-99.0,-99.0,-99.0,1
1021,05410700301002,,-99.0,-99.0,-99.0,-99.0,2
1022,05410700301002,,-99.0,-99.0,-99.0,-99.0,3
1023,05410700301002,,-99.0,-99.0,-99.0,-99.0,4
1024,05410700301005,,,,-99.0,-99.0,1
1025,05410700301005,,,,-99.0,-99.0,2
1026,05410700301005,,,,-99.0,-99.0,3
1027,05410700301005,,,,-99.0,-99.0,4
1028,05410700301009,,-99.0,-99.0,,,1
1029,05410700301009,,-99.0,-99.0,,,2
1030,05410700301009,,-99.0,-99.0,,,3
1031,05410700301009,,-99.0,-99.0,,,4
1032,05410700301010,,,,,0.0,1
1033,05410700301010,,,,,0.0,2
1034,05410700301010,,,,,0.0,3
1035,05410700301010,,,,,0.0,4
1036,05410700301034,,-99.0,,-99.0,,1
1037,05410700301034,,-99.0,,-99.0,,2
1038,05410700301034,,-99.0,,-99.0,,3
1039,05410700301034,,-99.0,,-99.0,,4
1040,05410700301042,,-99.0,,-99.0,-99.0,1
1041,05410700301042,,-99.0,,-99.0,-99.0,2
1042,05410700301042,,-99.0,,-99.0,-99.0,3
1043,05410700301042,,-99.0,,-99.0,-99.0,4
1044,05410700301050,,-99.0,,,,1
1045,05410700301050,,-99.0,,,,2
1046,05410700301050,,-99.0,,,,3
1047,05410700301050,,-99.0,,,,4
1048,05410700301058,-99.0,-99.0,,-99.0,-99.0,1
1049,05410700301058,-99.0,-99.0,,-99.0,-99.0,2
1050,05410700301058,-99.0,-99.0,,-99.0,-99.0,3
1051,05410700301058,-99.0,-99.0,,-99.0,-99.0,4
1052,05420299912017,,,,,-99.0,1
1053,05420299912017,,,,,-99.0,2
1054,05420299912017,,,,,-99.0,3
1055,05420299912017,,,,,-99.0,4
1056,05420299912027,,-99.0,-99.0,-99.0,-99.0,1
1057,05420299912027,,-99.0,-99.0,-99.0,-99.0,2
1058,05420299912027,,-99.0,-99.0,-99.0,-99.0,3
1059,05420299912027,,-99.0,-99.0,-99.0,-99.0,4
1060,05420299912037,,-99.0,,-99.0,,1
1061,05420299912037,,-99.0,,-99.0,,2
1062,05420299912037,,-99.0,,-99.0,,3
1063,05420299912037,,-99.0,,-99.0,,4
1064,05420299912047,,-99.0,,-99.0,-99.0,1
1065,05420299912047,,-99.0,,-99.0,-99.0,2
1066,05420299912047,,-99.0,,-99.0,-99.0,3
1067,05420299912047,,-99.0,,-99.0,-99.0,4
1068,05420299912057,-99.0,-99.0,,-99.0,-99.0,1
1069,05420299912057,-99.0,-99.0,,-99.0,-99.0,2
1070,05420299912057,-99.0,-99.0,,-99.0,-99.0,3
1071,05420299912057,-99.0,-99.0,,-99.0,-99.0,4
1072,05420299912117,,,,-99.0,-99.0,1
1073,05420299912117,,,,-99.0,-99.0,2
1074,05420299912117,,,,-99.0,-99.0,3
1075,05420299912117,,,,-99.0,-99.0,4
1076,06460500108004,1.0,,,,,1
1077,06460500108004,0.0,,,,,2
1078,06460500108004,0.0,,,,,3
1079,06460500108004,0.0,,,,,4
1080,06460500108012,,,,,0.0,1
1081,06460500108012,,,,,1.0,2
1082,06460500108012,,,,,0.0,3
1083,06460500108012,,,,,0.0,4
1084,06460701104140,,,0.0,,,1
1085,06460701104140,,,1.0,,,2
1086,06460701104140,,,1.0,,,3
1087,06460701104140,,,0.0,,,4
1088,06460701104156,,,,,1.0,1
1089,06460701104156,,,,,0.0,2
1090,06460701104156,,,,,0.0,3
1091,06460701104156,,,,,0.0,4
1092,06460701104188,0.0,,,,,1
1093,06460701104188,1.0,,,,,2
1094,06460701104188,0.0,,,,,3
1095,06460701104188,0.0,,,,,4
1096,06460701302174,,0.0,,,,1
1097,06460701302174,,1.0,,,,2
1098,06460701302174,,1.0,,,,3
1099,06460701302174,,1.0,,,,4
1100,06470300204009,0.0,,,,,1
1101,06470300204009,1.0,,,,,2
1102,06470300204009,0.0,,,,,3
1103,06470300204009,0.0,,,,,4
1104,06470300314003,,,,,1.0,1
1105,06470300314003,,,,,1.0,2
1106,06470300314003,,,,,1.0,3
1107,06470300314003,,,,,1.0,4
1108,06480200101005,,,,0.0,,1
1109,06480200101005,,,,1.0,,2
1110,06480200101005,,,,0.0,,3
1111,06480200101005,,,,0.0,,4
1112,06480201401009,,,,,0.0,1
1113,06480201401009,,,,,0.0,2
1114,06480201401009,,,,,0.0,3
1115,06480201401009,,,,,0.0,4
1116,06490800103004,,,,,0.0,1
1117,06490800103004,,,,,0.0,2
1118,06490800103004,,,,,0.0,3
1119,06490800103004,,,,,0.0,4
1120,07500600204010,0.0,,,,,1
1121,07500600204010,0.0,,,,,2
1122,07500600204010,0.0,,,,,3
1123,07500600204010,0.0,,,,,4
1124,07500600204052,1.0,,0.0,,,1
1125,07500600204052,0.0,,0.0,,,2
1126,07500600204052,0.0,,0.0,,,3
1127,07500600204052,0.0,,0.0,,,4
1128,07500600204150,0.0,,,,,1
1129,07500600204150,0.0,,,,,2
1130,07500600204150,0.0,,,,,3
1131,07500600204150,0.0,,,,,4
1132,07500600204164,0.0,,,,,1
1133,07500600204164,0.0,,,,,2
1134,07500600204164,0.0,,,,,3
1135,07500600204164,0.0,,,,,4
1136,07500601802003,0.0,,,,,1
1137,07500601802003,0.0,,,,,2
1138,07500601802003,0.0,,,,,3
1139,07500601802003,0.0,,,,,4
1140,07500601802023,0.0,,0.0,,,1
1141,07500601802023,0.0,,0.0,,,2
1142,07500601802023,0.0,,0.0,,,3
1143,07500601802023,0.0,,0.0,,,4
1144,07520500901082,,,1.0,,,1
1145,07520500901082,,,0.0,,,2
1146,07520500901082,,,1.0,,,3
1147,07520500901082,,,0.0,,,4
1148,07530400605003,,-99.0,,-99.0,-99.0,1
1149,07530400605003,,-99.0,,-99.0,-99.0,2
1150,07530400605003,,-99.0,,-99.0,-99.0,3
1151,07530400605003,,-99.0,,-99.0,-99.0,4
1152,07530400605007,,-99.0,-99.0,-99.0,-99.0,1
1153,07530400605007,,-99.0,-99.0,-99.0,-99.0,2
1154,07530400605007,,-99.0,-99.0,-99.0,-99.0,3
1155,07530400605007,,-99.0,-99.0,-99.0,-99.0,4
1156,07530400605011,,-99.0,-99.0,-99.0,-99.0,1
1157,07530400605011,,-99.0,-99.0,-99.0,-99.0,2
1158,07530400605011,,-99.0,-99.0,-99.0,-99.0,3
1159,07530400605011,,-99.0,-99.0,-99.0,-99.0,4
1160,07530400605015,,,,-99.0,-99.0,1
1161,07530400605015,,,,-99.0,-99.0,2
1162,07530400605015,,,,-99.0,-99.0,3
1163,07530400605015,,,,-99.0,-99.0,4
1164,07530400605019,,-99.0,,-99.0,-99.0,1
1165,07530400605019,,-99.0,,-99.0,-99.0,2
1166,07530400605019,,-99.0,,-99.0,-99.0,3
1167,07530400605019,,-99.0,,-99.0,-99.0,4
1168,07530400605023,,-99.0,,-99.0,-99.0,1
1169,07530400605023,,-99.0,,-99.0,-99.0,2
1170,07530400605023,,-99.0,,-99.0,-99.0,3
1171,07530400605023,,-99.0,,-99.0,-99.0,4
1172,07530400605027,,-99.0,,-99.0,-99.0,1
1173,07530400605027,,-99.0,,-99.0,-99.0,2
1174,07530400605027,,-99.0,,-99.0,-99.0,3
1175,07530400605027,,-99.0,,-99.0,-99.0,4
1176,07530400605031,1.0,-99.0,,-99.0,-99.0,1
1177,07530400605031,1.0,-99.0,,-99.0,-99.0,2
1178,07530400605031,1.0,-99.0,,-99.0,-99.0,3
1179,07530400605031,0.0,-99.0,,-99.0,-99.0,4
1180,07530400605035,,-99.0,,,,1
1181,07530400605035,,-99.0,,,,2
1182,07530400605035,,-99.0,,,,3
1183,07530400605035,,-99.0,,,,4
1184,07530400605039,,,,-99.0,,1
1185,07530400605039,,,,-99.0,,2
1186,07530400605039,,,,-99.0,,3
1187,07530400605039,,,,-99.0,,4
1188,07530400605043,,-99.0,,,-99.0,1
1189,07530400605043,,-99.0,,,-99.0,2
1190,07530400605043,,-99.0,,,-99.0,3
1191,07530400605043,,-99.0,,,-99.0,4
1192,07530400605047,0.0,-99.0,,-99.0,-99.0,1
1193,07530400605047,1.0,-99.0,,-99.0,-99.0,2
1194,07530400605047,0.0,-99.0,,-99.0,-99.0,3
1195,07530400605047,0.0,-99.0,,-99.0,-99.0,4
1196,07540401003002,,0.0,,,,1
1197,07540401003002,,0.0,,,,2
1198,07540401003002,,0.0,,,,3
1199,07540401003002,,0.0,,,,4
1200,07540401003034,,,,0.0,,1
1201,07540401003034,,,,0.0,,2
1202,07540401003034,,,,1.0,,3
1203,07540401003034,,,,0.0,,4
1204,07540700103003,,-99.0,,,,1
1205,07540700103003,,-99.0,,,,2
1206,07540700103003,,-99.0,,,,3
1207,07540700103003,,-99.0,,,,4
1208,07540700103011,,-99.0,-99.0,-99.0,-99.0,1
1209,07540700103011,,-99.0,-99.0,-99.0,-99.0,2
1210,07540700103011,,-99.0,-99.0,-99.0,-99.0,3
1211,07540700103011,,-99.0,-99.0,-99.0,-99.0,4
1212,07540700103019,,-99.0,-99.0,-99.0,-99.0,1
1213,07540700103019,,-99.0,-99.0,-99.0,-99.0,2
1214,07540700103019,,-99.0,-99.0,-99.0,-99.0,3
1215,07540700103019,,-99.0,-99.0,-99.0,-99.0,4
1216,07540700103027,,-99.0,-99.0,-99.0,-99.0,1
1217,07540700103027,,-99.0,-99.0,-99.0,-99.0,2
1218,07540700103027,,-99.0,-99.0,-99.0,-99.0,3
1219,07540700103027,,-99.0,-99.0,-99.0,-99.0,4
1220,07540700103035,-99.0,-99.0,,-99.0,-99.0,1
1221,07540700103035,-99.0,-99.0,,-99.0,-99.0,2
1222,07540700103035,-99.0,-99.0,,-99.0,-99.0,3
1223,07540700103035,-99.0,-99.0,,-99.0,-99.0,4
1224,07540700103043,-99.0,-99.0,,-99.0,-99.0,1
1225,07540700103043,-99.0,-99.0,,-99.0,-99.0,2
1226,07540700103043,-99.0,-99.0,,-99.0,-99.0,3
1227,07540700103043,-99.0,-99.0,,-99.0,-99.0,4
1228,07540700103051,,-99.0,,,,1
1229,07540700103051,,-99.0,,,,2
1230,07540700103051,,-99.0,,,,3
1231,07540700103051,,-99.0,,,,4
1232,07540700103059,,-99.0,,-99.0,-99.0,1
1233,07540700103059,,-99.0,,-99.0,-99.0,2
1234,07540700103059,,-99.0,,-99.0,-99.0,3
1235,07540700103059,,-99.0,,-99.0,-99.0,4
1236,07540700103067,,-99.0,,,,1
1237,07540700103067,,-99.0,,,,2
1238,07540700103067,,-99.0,,,,3
1239,07540700103067,,-99.0,,,,4
1240,07540700103075,-99.0,-99.0,,-99.0,-99.0,1
1241,07540700103075,-99.0,-99.0,,-99.0,-99.0,2
1242,07540700103075,-99.0,-99.0,,-99.0,-99.0,3
1243,07540700103075,-99.0,-99.0,,-99.0,-99.0,4
1244,07540700103083,,,,-99.0,-99.0,1
1245,07540700103083,,,,-99.0,-99.0,2
1246,07540700103083,,,,-99.0,-99.0,3
1247,07540700103083,,,,-99.0,-99.0,4
1248,07540700103091,,-99.0,-99.0,-99.0,-99.0,1
1249,07540700103091,,-99.0,-99.0,-99.0,-99.0,2
1250,07540700103091,,-99.0,-99.0,-99.0,-99.0,3
1251,07540700103091,,-99.0,-99.0,-99.0,-99.0,4
1252,07540700202001,,-99.0,-99.0,-99.0,-99.0,1
1253,07540700202001,,-99.0,-99.0,-99.0,-99.0,2
1254,07540700202001,,-99.0,-99.0,-99.0,-99.0,3
1255,07540700202001,,-99.0,-99.0,-99.0,-99.0,4
1256,07540700202002,,-99.0,,-99.0,-99.0,1
1257,07540700202002,,-99.0,,-99.0,-99.0,2
1258,07540700202002,,-99.0,,-99.0,-99.0,3
1259,07540700202002,,-99.0,,-99.0,-99.0,4
1260,07540700202003,,,,,-99.0,1
1261,07540700202003,,,,,-99.0,2
1262,07540700202003,,,,,-99.0,3
1263,07540700202003,,,,,-99.0,4
1264,07540700202004,,,,,-99.0,1
1265,07540700202004,,,,,-99.0,2
1266,07540700202004,,,,,-99.0,3
1267,07540700202004,,,,,-99.0,4
1268,07540700202005,,-99.0,,-99.0,-99.0,1
1269,07540700202005,,-99.0,,-99.0,-99.0,2
1270,07540700202005,,-99.0,,-99.0,-99.0,3
1271,07540700202005,,-99.0,,-99.0,-99.0,4
1272,07540700202006,,-99.0,,-99.0,-99.0,1
1273,07540700202006,,-99.0,,-99.0,-99.0,2
1274,07540700202006,,-99.0,,-99.0,-99.0,3
1275,07540700202006,,-99.0,,-99.0,-99.0,4
1276,07540700202008,,-99.0,-99.0,-99.0,-99.0,1
1277,07540700202008,,-99.0,-99.0,-99.0,-99.0,2
1278,07540700202008,,-99.0,0.0,-99.0,-99.0,3
1279,07540700202008,,-99.0,-99.0,-99.0,-99.0,4
1280,07540700202009,,,,-99.0,,1
1281,07540700202009,,,,-99.0,,2
1282,07540700202009,,,,-99.0,,3
1283,07540700202009,,,,-99.0,,4
1284,07540700202010,,-99.0,-99.0,-99.0,-99.0,1
1285,07540700202010,,-99.0,-99.0,-99.0,-99.0,2
1286,07540700202010,,-99.0,-99.0,-99.0,-99.0,3
1287,07540700202010,,-99.0,-99.0,-99.0,-99.0,4
1288,07540700202011,,,,-99.0,-99.0,1
1289,07540700202011,,,,-99.0,-99.0,2
1290,07540700202011,,,,-99.0,-99.0,3
1291,07540700202011,,,,-99.0,-99.0,4
1292,07540700202012,,-99.0,-99.0,-99.0,-99.0,1
1293,07540700202012,,-99.0,-99.0,-99.0,-99.0,2
1294,07540700202012,,-99.0,-99.0,-99.0,-99.0,3
1295,07540700202012,,-99.0,-99.0,-99.0,-99.0,4
1296,07540700315002,,-99.0,,,-99.0,1
1297,07540700315002,,-99.0,,,-99.0,2
1298,07540700315002,,-99.0,,,-99.0,3
1299,07540700315002,,-99.0,,,-99.0,4
1300,07540700315013,,1.0,,,1.0,1
1301,07540700315013,,1.0,,,1.0,2
1302,07540700315013,,1.0,,,1.0,3
1303,07540700315013,,0.0,,,0.0,4
1304,07540700315024,,,,-99.0,-99.0,1
1305,07540700315024,,,,-99.0,-99.0,2
1306,07540700315024,,,,-99.0,-99.0,3
1307,07540700315024,,,,-99.0,-99.0,4
1308,07540700315035,1.0,,,-99.0,-99.0,1
1309,07540700315035,0.0,,,0.0,0.0,2
1310,07540700315035,0.0,,,-99.0,-99.0,3
1311,07540700315035,0.0,,,-99.0,-99.0,4
1312,07540700315046,,-99.0,,,-99.0,1
1313,07540700315046,,-99.0,,,-99.0,2
1314,07540700315046,,-99.0,,,-99.0,3
1315,07540700315046,,-99.0,,,-99.0,4
1316,07540700315057,,,,-99.0,-99.0,1
1317,07540700315057,,,,-99.0,-99.0,2
1318,07540700315057,,,,-99.0,-99.0,3
1319,07540700315057,,,,-99.0,-99.0,4
1320,07540700315068,,0.0,,,-99.0,1
1321,07540700315068,,-99.0,,,-99.0,2
1322,07540700315068,,-99.0,,,-99.0,3
1323,07540700315068,,-99.0,,,-99.0,4
1324,07540700315079,,,,-99.0,-99.0,1
1325,07540700315079,,,,-99.0,-99.0,2
1326,07540700315079,,,,-99.0,-99.0,3
1327,07540700315079,,,,-99.0,-99.0,4
1328,07540700315090,1.0,-99.0,,,-99.0,1
1329,07540700315090,1.0,-99.0,,,-99.0,2
1330,07540700315090,1.0,-99.0,,,-99.0,3
1331,07540700315090,0.0,-99.0,,,-99.0,4
1332,07540700315112,,-99.0,,-99.0,-99.0,1
1333,07540700315112,,-99.0,,-99.0,-99.0,2
1334,07540700315112,,-99.0,,-99.0,-99.0,3
1335,07540700315112,,-99.0,,-99.0,-99.0,4
1336,07540700315123,,,-99.0,,0.0,1
1337,07540700315123,,,-99.0,,0.0,2
1338,07540700315123,,,-99.0,,0.0,3
1339,07540700315123,,,-99.0,,0.0,4
1340,07550200109015,,,-99.0,,,1
1341,07550200109015,,,-99.0,,,2
1342,07550200109015,,,-99.0,,,3
1343,07550200109015,,,-99.0,,,4
1344,07550200109033,,-99.0,0.0,,-99.0,1
1345,07550200109033,,-99.0,0.0,,-99.0,2
1346,07550200109033,,-99.0,0.0,,-99.0,3
1347,07550200109033,,-99.0,0.0,,-99.0,4
1348,07550200109051,,-99.0,,,-99.0,1
1349,07550200109051,,-99.0,,,-99.0,2
1350,07550200109051,,-99.0,,,-99.0,3
1351,07550200109051,,-99.0,,,-99.0,4
1352,07550200109069,,,0.0,-99.0,,1
1353,07550200109069,,,0.0,-99.0,,2
1354,07550200109069,,,0.0,-99.0,,3
1355,07550200109069,,,0.0,-99.0,,4
1356,07550200109087,,,,-99.0,,1
1357,07550200109087,,,,-99.0,,2
1358,07550200109087,,,,-99.0,,3
1359,07550200109087,,,,0.0,,4
1360,07550200109105,,-99.0,,,-99.0,1
1361,07550200109105,,-99.0,,,-99.0,2
1362,07550200109105,,-99.0,,,-99.0,3
1363,07550200109105,,-99.0,,,-99.0,4
1364,07550200109123,,-99.0,,,,1
1365,07550200109123,,-99.0,,,,2
1366,07550200109123,,-99.0,,,,3
1367,07550200109123,,-99.0,,,,4
1368,07550200109141,,-99.0,,,,1
1369,07550200109141,,-99.0,,,,2
1370,07550200109141,,0.0,,,,3
1371,07550200109141,,-99.0,,,,4
1372,07550200109177,0.0,,,,0.0,1
1373,07550200109177,0.0,,,,0.0,2
1374,07550200109177,0.0,,,,0.0,3
1375,07550200109177,0.0,,,,0.0,4
1376,07551300102003,,,-99.0,,-99.0,1
1377,07551300102003,,,-99.0,,-99.0,2
1378,07551300102003,,,-99.0,,-99.0,3
1379,07551300102003,,,-99.0,,-99.0,4
1380,07551300102041,,,-99.0,,-99.0,1
1381,07551300102041,,,-99.0,,-99.0,2
1382,07551300102041,,,-99.0,,-99.0,3
1383,07551300102041,,,-99.0,,-99.0,4
1384,07551300102060,,-99.0,,-99.0,-99.0,1
1385,07551300102060,,-99.0,,-99.0,-99.0,2
1386,07551300102060,,-99.0,,-99.0,-99.0,3
1387,07551300102060,,-99.0,,-99.0,-99.0,4
1388,07551300102079,,,,-99.0,-99.0,1
1389,07551300102079,,,,-99.0,-99.0,2
1390,07551300102079,,,,-99.0,-99.0,3
1391,07551300102079,,,,-99.0,-99.0,4
1392,07551300102117,,-99.0,,,,1
1393,07551300102117,,-99.0,,,,2
1394,07551300102117,,-99.0,,,,3
1395,07551300102117,,-99.0,,,,4
1396,07551300102155,,-99.0,-99.0,,-99.0,1
1397,07551300102155,,-99.0,-99.0,,-99.0,2
1398,07551300102155,,-99.0,-99.0,,-99.0,3
1399,07551300102155,,-99.0,-99.0,,-99.0,4
1400,07551300102174,,-99.0,,-99.0,-99.0,1
1401,07551300102174,,-99.0,,-99.0,-99.0,2
1402,07551300102174,,-99.0,,-99.0,-99.0,3
1403,07551300102174,,-99.0,,-99.0,-99.0,4
1404,07551300102193,,-99.0,,-99.0,-99.0,1
1405,07551300102193,,-99.0,,-99.0,-99.0,2
1406,07551300102193,,-99.0,,-99.0,-99.0,3
1407,07551300102193,,-99.0,,-99.0,-99.0,4
1408,07551300102212,,-99.0,,,-99.0,1
1409,07551300102212,,-99.0,,,-99.0,2
1410,07551300102212,,-99.0,,,-99.0,3
1411,07551300102212,,-99.0,,,-99.0,4
1412,07551300314002,,,,-99.0,-99.0,1
1413,07551300314002,,,,-99.0,-99.0,2
1414,07551300314002,,,,-99.0,-99.0,3
1415,07551300314002,,,,-99.0,-99.0,4
1416,07551300314019,,,-99.0,-99.0,-99.0,1
1417,07551300314019,,,-99.0,-99.0,-99.0,2
1418,07551300314019,,,-99.0,-99.0,-99.0,3
1419,07551300314019,,,-99.0,-99.0,-99.0,4
1420,07551300314036,,-99.0,,-99.0,-99.0,1
1421,07551300314036,,-99.0,,-99.0,-99.0,2
1422,07551300314036,,-99.0,,-99.0,-99.0,3
1423,07551300314036,,-99.0,,-99.0,-99.0,4
1424,07551300314053,,,-99.0,,,1
1425,07551300314053,,,-99.0,,,2
1426,07551300314053,,,-99.0,,,3
1427,07551300314053,,,-99.0,,,4
1428,07551300314070,,,,-99.0,-99.0,1
1429,07551300314070,,,,-99.0,-99.0,2
1430,07551300314070,,,,-99.0,-99.0,3
1431,07551300314070,,,,-99.0,-99.0,4
1432,07551300314087,,-99.0,,,,1
1433,07551300314087,,-99.0,,,,2
1434,07551300314087,,-99.0,,,,3
1435,07551300314087,,-99.0,,,,4
1436,07551300314104,,-99.0,,,-99.0,1
1437,07551300314104,,-99.0,,,-99.0,2
1438,07551300314104,,-99.0,,,-99.0,3
1439,07551300314104,,-99.0,,,-99.0,4
1440,07551300314121,,-99.0,-99.0,,-99.0,1
1441,07551300314121,,-99.0,-99.0,,-99.0,2
1442,07551300314121,,-99.0,-99.0,,-99.0,3
1443,07551300314121,,-99.0,-99.0,,-99.0,4
1444,07551300314138,,,-99.0,,,1
1445,07551300314138,,,-99.0,,,2
1446,07551300314138,,,-99.0,,,3
1447,07551300314138,,,-99.0,,,4
1448,07551300314155,,-99.0,-99.0,-99.0,-99.0,1
1449,07551300314155,,-99.0,-99.0,-99.0,-99.0,2
1450,07551300314155,,-99.0,-99.0,-99.0,-99.0,3
1451,07551300314155,,-99.0,-99.0,-99.0,-99.0,4
1452,07551300314172,,,,-99.0,,1
1453,07551300314172,,,,-99.0,,2
1454,07551300314172,,,,-99.0,,3
1455,07551300314172,,,,-99.0,,4
1456,07560200303097,,,-99.0,-99.0,-99.0,1
1457,07560200303097,,,-99.0,-99.0,-99.0,2
1458,07560200303097,,,-99.0,-99.0,-99.0,3
1459,07560200303097,,,-99.0,-99.0,-99.0,4
1460,07560200303129,,-99.0,-99.0,-99.0,-99.0,1
1461,07560200303129,,-99.0,-99.0,-99.0,-99.0,2
1462,07560200303129,,-99.0,-99.0,-99.0,-99.0,3
1463,07560200303129,,-99.0,-99.0,-99.0,-99.0,4
1464,07560200303145,,-99.0,,-99.0,-99.0,1
1465,07560200303145,,-99.0,,-99.0,-99.0,2
1466,07560200303145,,-99.0,,-99.0,-99.0,3
1467,07560200303145,,-99.0,,-99.0,-99.0,4
1468,07560200303161,,-99.0,,,-99.0,1
1469,07560200303161,,-99.0,,,-99.0,2
1470,07560200303161,,-99.0,,,-99.0,3
1471,07560200303161,,-99.0,,,-99.0,4
1472,07580100101001,,-99.0,,-99.0,-99.0,1
1473,07580100101001,,-99.0,,-99.0,-99.0,2
1474,07580100101001,,-99.0,,-99.0,-99.0,3
1475,07580100101001,,-99.0,,-99.0,-99.0,4
1476,07580100101009,1.0,,,,,1
1477,07580100101009,1.0,,,,,2
1478,07580100101009,0.0,,,,,3
1479,07580100101009,0.0,,,,,4
1480,07580100101111,,,,-99.0,-99.0,1
1481,07580100101111,,,,-99.0,-99.0,2
1482,07580100101111,,,,-99.0,-99.0,3
1483,07580100101111,,,,-99.0,-99.0,4
1484,07580100101129,,,,,-99.0,1
1485,07580100101129,,,,,-99.0,2
1486,07580100101129,,,,,-99.0,3
1487,07580100101129,,,,,-99.0,4
1488,07581600112133,0.0,0.0,,,,1
1489,07581600112133,0.0,0.0,,,,2
1490,07581600112133,0.0,0.0,,,,3
1491,07581600112133,-99.0,-99.0,,,,4
1492,07581600302024,,,,-99.0,,1
1493,07581600302024,,,,-99.0,,2
1494,07581600302024,,,,-99.0,,3
1495,07581600302024,,,,-99.0,,4
1496,07581600302040,,-99.0,,-99.0,-99.0,1
1497,07581600302040,,-99.0,,-99.0,-99.0,2
1498,07581600302040,,-99.0,,-99.0,-99.0,3
1499,07581600302040,,-99.0,,-99.0,-99.0,4
1500,07581600302056,,-99.0,,-99.0,-99.0,1
1501,07581600302056,,-99.0,,-99.0,-99.0,2
1502,07581600302056,,-99.0,,-99.0,-99.0,3
1503,07581600302056,,-99.0,,-99.0,-99.0,4
1504,07581600302088,0.0,-99.0,-99.0,-99.0,-99.0,1
1505,07581600302088,0.0,-99.0,-99.0,-99.0,-99.0,2
1506,07581600302088,0.0,-99.0,-99.0,-99.0,-99.0,3
1507,07581600302088,0.0,-99.0,-99.0,-99.0,-99.0,4
1508,07581600302120,,,-99.0,-99.0,,1
1509,07581600302120,,,-99.0,-99.0,,2
1510,07581600302120,,,-99.0,-99.0,,3
1511,07581600302120,,,-99.0,-99.0,,4
1512,07581600302136,,,,-99.0,-99.0,1
1513,07581600302136,,,,-99.0,-99.0,2
1514,07581600302136,,,,-99.0,-99.0,3
1515,07581600302136,,,,-99.0,-99.0,4
1516,07581600302152,,-99.0,-99.0,-99.0,-99.0,1
1517,07581600302152,,-99.0,-99.0,-99.0,-99.0,2
1518,07581600302152,,-99.0,-99.0,-99.0,-99.0,3
1519,07581600302152,,-99.0,-99.0,-99.0,-99.0,4
1520,07581600302168,,-99.0,,-99.0,-99.0,1
1521,07581600302168,,-99.0,,-99.0,-99.0,2
1522,07581600302168,,-99.0,,-99.0,-99.0,3
1523,07581600302168,,-99.0,,-99.0,-99.0,4
1524,07581600302184,,,,,-99.0,1
1525,07581600302184,,,,,-99.0,2
1526,07581600302184,,,,,-99.0,3
1527,07581600302184,,,,,-99.0,4
1528,07581600407008,,-99.0,,-99.0,-99.0,1
1529,07581600407008,,-99.0,,-99.0,-99.0,2
1530,07581600407008,,-99.0,,-99.0,-99.0,3
1531,07581600407008,,-99.0,,-99.0,-99.0,4
1532,07581600407023,,-99.0,1.0,-99.0,-99.0,1
1533,07581600407023,,-99.0,0.0,-99.0,-99.0,2
1534,07581600407023,,-99.0,0.0,-99.0,-99.0,3
1535,07581600407023,,-99.0,0.0,-99.0,-99.0,4
1536,07581600407038,,-99.0,-99.0,-99.0,-99.0,1
1537,07581600407038,,-99.0,-99.0,-99.0,-99.0,2
1538,07581600407038,,-99.0,-99.0,-99.0,-99.0,3
1539,07581600407038,,-99.0,-99.0,-99.0,-99.0,4
1540,07581600407053,,-99.0,,,,1
1541,07581600407053,,-99.0,,,,2
1542,07581600407053,,-99.0,,,,3
1543,07581600407053,,-99.0,,,,4
1544,07581600407068,,,,-99.0,-99.0,1
1545,07581600407068,,,,-99.0,-99.0,2
1546,07581600407068,,,,-99.0,-99.0,3
1547,07581600407068,,,,-99.0,-99.0,4
1548,07581600407098,-99.0,-99.0,,-99.0,-99.0,1
1549,07581600407098,-99.0,-99.0,,-99.0,-99.0,2
1550,07581600407098,-99.0,-99.0,,-99.0,-99.0,3
1551,07581600407098,-99.0,-99.0,,-99.0,-99.0,4
1552,07581600407113,,,,-99.0,-99.0,1
1553,07581600407113,,,,-99.0,-99.0,2
1554,07581600407113,,,,-99.0,-99.0,3
1555,07581600407113,,,,-99.0,-99.0,4
1556,07581600407128,,-99.0,,-99.0,-99.0,1
1557,07581600407128,,-99.0,,-99.0,-99.0,2
1558,07581600407128,,-99.0,,-99.0,-99.0,3
1559,07581600407128,,-99.0,,-99.0,-99.0,4
1560,07581600407143,,,,-99.0,-99.0,1
1561,07581600407143,,,,-99.0,-99.0,2
1562,07581600407143,,,,-99.0,-99.0,3
1563,07581600407143,,,,-99.0,-99.0,4
1564,07581600407158,,-99.0,-99.0,-99.0,-99.0,1
1565,07581600407158,,-99.0,-99.0,-99.0,-99.0,2
1566,07581600407158,,-99.0,-99.0,-99.0,-99.0,3
1567,07581600407158,,-99.0,-99.0,-99.0,-99.0,4
1568,07581600407173,,-99.0,,,,1
1569,07581600407173,,-99.0,,,,2
1570,07581600407173,,-99.0,,,,3
1571,07581600407173,,-99.0,,,,4
1572,07590700102108,,-99.0,,,,1
1573,07590700102108,,-99.0,,,,2
1574,07590700102108,,-99.0,,,,3
1575,07590700102108,,-99.0,,,,4
1576,07590700102125,,1.0,-99.0,-99.0,-99.0,1
1577,07590700102125,,1.0,-99.0,-99.0,-99.0,2
1578,07590700102125,,0.0,-99.0,-99.0,-99.0,3
1579,07590700102125,,0.0,-99.0,-99.0,-99.0,4
1580,07590700102159,,-99.0,-99.0,-99.0,-99.0,1
1581,07590700102159,,-99.0,-99.0,-99.0,-99.0,2
1582,07590700102159,,-99.0,-99.0,-99.0,-99.0,3
1583,07590700102159,,-99.0,-99.0,-99.0,-99.0,4
1584,07590700102176,,-99.0,,0.0,-99.0,1
1585,07590700102176,,-99.0,,0.0,-99.0,2
1586,07590700102176,,-99.0,,0.0,-99.0,3
1587,07590700102176,,-99.0,,0.0,-99.0,4
1588,07590700102193,,,-99.0,,-99.0,1
1589,07590700102193,,,-99.0,,-99.0,2
1590,07590700102193,,,-99.0,,-99.0,3
1591,07590700102193,,,-99.0,,-99.0,4
1592,07600102304012,,,,,1.0,1
1593,07600102304012,,,,,0.0,2
1594,07600102304012,,,,,1.0,3
1595,07600102304012,,,,,0.0,4
1596,07620300101002,-99.0,-99.0,,-99.0,-99.0,1
1597,07620300101002,-99.0,-99.0,,-99.0,-99.0,2
1598,07620300101002,0.0,-99.0,,-99.0,-99.0,3
1599,07620300101002,-99.0,-99.0,,-99.0,-99.0,4
1600,07620300101004,,,,,-99.0,1
1601,07620300101004,,,,,-99.0,2
1602,07620300101004,,,,,-99.0,3
1603,07620300101004,,,,,-99.0,4
1604,07620300101007,,-99.0,,-99.0,-99.0,1
1605,07620300101007,,-99.0,,-99.0,-99.0,2
1606,07620300101007,,-99.0,,-99.0,-99.0,3
1607,07620300101007,,-99.0,,-99.0,-99.0,4
1608,07620300101020,,-99.0,,-99.0,-99.0,1
1609,07620300101020,,-99.0,,-99.0,-99.0,2
1610,07620300101020,,-99.0,,-99.0,-99.0,3
1611,07620300101020,,-99.0,,-99.0,-99.0,4
1612,07620300101038,,,,1.0,1.0,1
1613,07620300101038,,,,1.0,1.0,2
1614,07620300101038,,,,1.0,1.0,3
1615,07620300101038,,,,0.0,0.0,4
1616,07630101203071,0.0,,,,,1
1617,07630101203071,0.0,,,,,2
1618,07630101203071,0.0,,,,,3
1619,07630101203071,0.0,,,,,4
1620,07661900106001,,-99.0,-99.0,-99.0,-99.0,1
1621,07661900106001,,-99.0,-99.0,-99.0,-99.0,2
1622,07661900106001,,-99.0,-99.0,-99.0,-99.0,3
1623,07661900106001,,-99.0,-99.0,-99.0,-99.0,4
1624,07661900106002,,,,,-99.0,1
1625,07661900106002,,,,,-99.0,2
1626,07661900106002,,,,,-99.0,3
1627,07661900106002,,,,,-99.0,4
1628,07661900106003,0.0,-99.0,0.0,-99.0,-99.0,1
1629,07661900106003,1.0,-99.0,2.0,-99.0,-99.0,2
1630,07661900106003,0.0,-99.0,0.0,-99.0,-99.0,3
1631,07661900106003,0.0,-99.0,0.0,-99.0,-99.0,4
1632,07661900106004,,-99.0,,,-99.0,1
1633,07661900106004,,-99.0,,,-99.0,2
1634,07661900106004,,-99.0,,,-99.0,3
1635,07661900106004,,-99.0,,,-99.0,4
1636,07661900106005,,-99.0,,-99.0,-99.0,1
1637,07661900106005,,-99.0,,-99.0,-99.0,2
1638,07661900106005,,-99.0,,-99.0,-99.0,3
1639,07661900106005,,-99.0,,-99.0,-99.0,4
1640,07661900106006,1.0,-99.0,,-99.0,-99.0,1
1641,07661900106006,1.0,-99.0,,-99.0,-99.0,2
1642,07661900106006,1.0,-99.0,,-99.0,-99.0,3
1643,07661900106006,0.0,-99.0,,-99.0,-99.0,4
1644,07661900106007,,-99.0,-99.0,-99.0,-99.0,1
1645,07661900106007,,-99.0,-99.0,-99.0,-99.0,2
1646,07661900106007,,-99.0,-99.0,-99.0,-99.0,3
1647,07661900106007,,-99.0,-99.0,-99.0,-99.0,4
1648,07661900106009,,,,,-99.0,1
1649,07661900106009,,,,,-99.0,2
1650,07661900106009,,,,,-99.0,3
1651,07661900106009,,,,,-99.0,4
1652,07661900106010,-99.0,-99.0,,-99.0,-99.0,1
1653,07661900106010,-99.0,-99.0,,-99.0,-99.0,2
1654,07661900106010,-99.0,-99.0,,-99.0,-99.0,3
1655,07661900106010,-99.0,-99.0,,-99.0,-99.0,4
1656,07661900106011,,-99.0,-99.0,,-99.0,1
1657,07661900106011,,-99.0,-99.0,,-99.0,2
1658,07661900106011,,-99.0,-99.0,,-99.0,3
1659,07661900106011,,-99.0,-99.0,,-99.0,4
1660,07661900106012,,-99.0,,-99.0,-99.0,1
1661,07661900106012,,-99.0,,-99.0,-99.0,2
1662,07661900106012,,-99.0,,-99.0,-99.0,3
1663,07661900106012,,-99.0,,0.0,-99.0,4
1664,07661900421004,,-99.0,,-99.0,-99.0,1
1665,07661900421004,,-99.0,,-99.0,0.0,2
1666,07661900421004,,-99.0,,-99.0,-99.0,3
1667,07661900421004,,-99.0,,-99.0,-99.0,4
1668,07661900421013,,-99.0,,,0.0,1
1669,07661900421013,,-99.0,,,0.0,2
1670,07661900421013,,-99.0,,,0.0,3
1671,07661900421013,,-99.0,,,0.0,4
1672,07661900421022,,-99.0,-99.0,-99.0,-99.0,1
1673,07661900421022,,-99.0,-99.0,-99.0,-99.0,2
1674,07661900421022,,-99.0,-99.0,-99.0,-99.0,3
1675,07661900421022,,-99.0,-99.0,-99.0,-99.0,4
1676,07661900421031,,-99.0,,-99.0,-99.0,1
1677,07661900421031,,-99.0,,-99.0,-99.0,2
1678,07661900421031,,-99.0,,-99.0,-99.0,3
1679,07661900421031,,-99.0,,-99.0,-99.0,4
1680,07661900421040,0.0,,,-99.0,-99.0,1
1681,07661900421040,0.0,,,-99.0,-99.0,2
1682,07661900421040,0.0,,,-99.0,-99.0,3
1683,07661900421040,0.0,,,-99.0,-99.0,4
1684,07661900421049,,-99.0,,-99.0,-99.0,1
1685,07661900421049,,-99.0,,-99.0,-99.0,2
1686,07661900421049,,-99.0,,-99.0,-99.0,3
1687,07661900421049,,-99.0,,-99.0,-99.0,4
1688,07661900421058,,-99.0,,-99.0,-99.0,1
1689,07661900421058,,-99.0,,-99.0,-99.0,2
1690,07661900421058,,-99.0,,-99.0,-99.0,3
1691,07661900421058,,-99.0,,-99.0,-99.0,4
1692,07661900421067,,,,-99.0,-99.0,1
1693,07661900421067,,,,-99.0,-99.0,2
1694,07661900421067,,,,-99.0,-99.0,3
1695,07661900421067,,,,-99.0,-99.0,4
1696,07661900421076,,,,-99.0,-99.0,1
1697,07661900421076,,,,-99.0,-99.0,2
1698,07661900421076,,,,-99.0,-99.0,3
1699,07661900421076,,,,-99.0,-99.0,4
1700,07661900421094,,,,,,1
1701,07661900421094,,,,,,2
1702,07661900421094,,,,,,3
1703,07661900421094,,,,,,4
1704,07661900421103,,,,,,1
1705,07661900421103,,,,,,2
1706,07661900421103,,,,,,3
1707,07661900421103,,,,,,4
1708,07661900703011,,-99.0,,,-99.0,1
1709,07661900703011,,-99.0,,,-99.0,2
1710,07661900703011,,-99.0,,,-99.0,3
1711,07661900703011,,-99.0,,,-99.0,4
1712,07661900703012,,-99.0,,-99.0,,1
1713,07661900703012,,-99.0,,-99.0,,2
1714,07661900703012,,-99.0,,-99.0,,3
1715,07661900703012,,-99.0,,-99.0,,4
1716,07661900703038,,,,-99.0,,1
1717,07661900703038,,,,-99.0,,2
1718,07661900703038,,,,-99.0,,3
1719,07661900703038,,,,-99.0,,4
1720,07661900703092,,,,-99.0,,1
1721,07661900703092,,,,-99.0,,2
1722,07661900703092,,,,-99.0,,3
1723,07661900703092,,,,-99.0,,4
1724,07661900703182,,,,-99.0,-99.0,1
1725,07661900703182,,,,-99.0,-99.0,2
1726,07661900703182,,,,-99.0,-99.0,3
1727,07661900703182,,,,-99.0,-99.0,4
1728,07661900703200,,-99.0,-99.0,,-99.0,1
1729,07661900703200,,-99.0,-99.0,,-99.0,2
1730,07661900703200,,-99.0,-99.0,,-99.0,3
1731,07661900703200,,-99.0,-99.0,,-99.0,4
1732,12670600303002,,0.0,,,,1
1733,12670600303002,,1.0,,,,2
1734,12670600303002,,0.0,,,,3
1735,12670600303002,,0.0,,,,4
1736,14720100113012,,,,,0.0,1
1737,14720100113012,,,,,0.0,2
1738,14720100113012,,,,,0.0,3
1739,14720100113012,,,,,0.0,4
1740,14720100113013,0.0,,,,,1
1741,14720100113013,0.0,,,,,2
1742,14720100113013,0.0,,,,,3
1743,14720100113013,0.0,,,,,4
1744,14720100211017,0.0,,,,,1
1745,14720100211017,0.0,,,,,2
1746,14720100211017,0.0,,,,,3
1747,14720100211017,0.0,,,,,4
1748,14720100222003,0.0,,,,0.0,1
1749,14720100222003,0.0,,,,0.0,2
1750,14720100222003,0.0,,,,0.0,3
1751,14720100222003,0.0,,,,0.0,4
1752,14720100222004,,,0.0,,,1
1753,14720100222004,,,0.0,,,2
1754,14720100222004,,,0.0,,,3
1755,14720100222004,,,0.0,,,4
1756,14720100222005,0.0,,,,,1
1757,14720100222005,0.0,,,,,2
1758,14720100222005,0.0,,,,,3
1759,14720100222005,0.0,,,,,4
1760,14720100315003,0.0,,,,,1
1761,14720100315003,0.0,,,,,2
1762,14720100315003,0.0,,,,,3
1763,14720100315003,0.0,,,,,4
1764,14720100315005,0.0,,,,,1
1765,14720100315005,0.0,,,,,2
1766,14720100315005,0.0,,,,,3
1767,14720100315005,0.0,,,,,4
1768,14720100315054,,0.0,,,,1
1769,14720100315054,,0.0,,,,2
1770,14720100315054,,0.0,,,,3
1771,14720100315054,,0.0,,,,4
1772,14720100315131,,,0.0,,,1
1773,14720100315131,,,0.0,,,2
1774,14720100315131,,,0.0,,,3
1775,14720100315131,,,0.0,,,4
1776,14720100326012,0.0,,,,,1
1777,14720100326012,1.0,,,,,2
1778,14720100326012,0.0,,,,,3
1779,14720100326012,0.0,,,,,4
1780,14720100406003,,,,,0.0,1
1781,14720100406003,,,,,0.0,2
1782,14720100406003,,,,,0.0,3
1783,14720100406003,,,,,0.0,4
1784,14720100406005,,,,,0.0,1
1785,14720100406005,,,,,0.0,2
1786,14720100406005,,,,,0.0,3
1787,14720100406005,,,,,0.0,4
1788,14720100406010,,,,,0.0,1
1789,14720100406010,,,,,0.0,2
1790,14720100406010,,,,,0.0,3
1791,14720100406010,,,,,0.0,4
1792,14720100549054,,,,,0.0,1
1793,14720100549054,,,,,0.0,2
1794,14720100549054,,,,,1.0,3
1795,14720100549054,,,,,0.0,4
1796,14720100560001,0.0,,,0.0,0.0,1
1797,14720100560001,0.0,,,1.0,0.0,2
1798,14720100560001,0.0,,,1.0,0.0,3
1799,14720100560001,0.0,,,1.0,0.0,4
1800,14720100560024,0.0,,,,,1
1801,14720100560024,0.0,,,,,2
1802,14720100560024,0.0,,,,,3
1803,14720100560024,0.0,,,,,4
1804,14720100560059,0.0,,,,,1
1805,14720100560059,0.0,,,,,2
1806,14720100560059,0.0,,,,,3
1807,14720100560059,0.0,,,,,4
1808,14720100560073,0.0,,,,,1
1809,14720100560073,1.0,,,,,2
1810,14720100560073,1.0,,,,,3
1811,14720100560073,1.0,,,,,4
1812,14720100633008,0.0,,,,,1
1813,14720100633008,0.0,,,,,2
1814,14720100633008,0.0,,,,,3
1815,14720100633008,0.0,,,,,4
1816,14720100633019,0.0,,0.0,,,1
1817,14720100633019,0.0,,0.0,,,2
1818,14720100633019,0.0,,0.0,,,3
1819,14720100633019,0.0,,0.0,,,4
1820,14720100633052,,,0.0,,,1
1821,14720100633052,,,0.0,,,2
1822,14720100633052,,,0.0,,,3
1823,14720100633052,,,0.0,,,4
1824,14720100633058,0.0,,,,,1
1825,14720100633058,0.0,,,,,2
1826,14720100633058,0.0,,,,,3
1827,14720100633058,0.0,,,,,4
1828,14720100702016,0.0,0.0,0.0,,,1
1829,14720100702016,0.0,0.0,0.0,,,2
1830,14720100702016,0.0,0.0,0.0,,,3
1831,14720100702016,0.0,0.0,0.0,,,4
1832,14730200238041,0.0,0.0,1.0,1.0,0.0,1
1833,14730200238041,0.0,0.0,1.0,0.0,0.0,2
1834,14730200238041,1.0,0.0,1.0,0.0,0.0,3
1835,14730200238041,0.0,0.0,0.0,0.0,0.0,4
1836,14730200238060,0.0,,0.0,,,1
1837,14730200238060,2.0,,1.0,,,2
1838,14730200238060,0.0,,0.0,,,3
1839,14730200238060,0.0,,0.0,,,4
1840,14730200238136,0.0,,0.0,,,1
1841,14730200238136,1.0,,1.0,,,2
1842,14730200238136,0.0,,0.0,,,3
1843,14730200238136,0.0,,0.0,,,4
1844,14730200238212,0.0,,,,0.0,1
1845,14730200238212,1.0,,,,1.0,2
1846,14730200238212,0.0,,,,0.0,3
1847,14730200238212,0.0,,,,0.0,4
1848,14730200527003,,0.0,,,,1
1849,14730200527003,,0.0,,,,2
1850,14730200527003,,0.0,,,,3
1851,14730200527003,,0.0,,,,4
1852,14730200527005,,0.0,0.0,0.0,,1
1853,14730200527005,,0.0,0.0,0.0,,2
1854,14730200527005,,0.0,0.0,0.0,,3
1855,14730200527005,,0.0,0.0,0.0,,4
1856,14730200833123,,,0.0,,,1
1857,14730200833123,,,1.0,,,2
1858,14730200833123,,,0.0,,,3
1859,14730200833123,,,0.0,,,4
1860,14730200833157,0.0,,,,,1
1861,14730200833157,1.0,,,,,2
1862,14730200833157,0.0,,,,,3
1863,14730200833157,0.0,,,,,4
1864,14740300273005,,,,,0.0,1
1865,14740300273005,,,,,1.0,2
1866,14740300273005,,,,,0.0,3
1867,14740300273005,,,,,0.0,4
1868,14740300546037,1.0,,,,,1
1869,14740300546037,1.0,,,,,2
1870,14740300546037,0.0,,,,,3
1871,14740300546037,1.0,,,,,4
1872,14740300546049,0.0,,,,,1
1873,14740300546049,1.0,,,,,2
1874,14740300546049,0.0,,,,,3
1875,14740300546049,0.0,,,,,4
1876,14740300546097,,,,,0.0,1
1877,14740300546097,,,,,1.0,2
1878,14740300546097,,,,,0.0,3
1879,14740300546097,,,,,0.0,4
1880,14740300546109,0.0,,,,,1
1881,14740300546109,1.0,,,,,2
1882,14740300546109,0.0,,,,,3
1883,14740300546109,0.0,,,,,4
1884,14740300546133,,,,,0.0,1
1885,14740300546133,,,,,0.0,2
1886,14740300546133,,,,,0.0,3
1887,14740300546133,,,,,0.0,4
1888,14740301003161,0.0,,,,,1
1889,14740301003161,0.0,,,,,2
1890,14740301003161,0.0,,,,,3
1891,14740301003161,2.0,,,,,4
1892,14740301003176,,,,,0.0,1
1893,14740301003176,,,,,0.0,2
1894,14740301003176,,,,,0.0,3
1895,14740301003176,,,,,0.0,4
1896,14750400317001,,,,,,1
1897,14750400317001,,,,,,2
1898,14750400317001,,,,,,3
1899,14750400317001,,,,,,4
1900,14750400317009,0.0,,,,,1
1901,14750400317009,0.0,,,,,2
1902,14750400317009,0.0,,,,,3
1903,14750400317009,0.0,,,,,4
1904,14750400317012,,,,,,1
1905,14750400317012,,,,,,2
1906,14750400317012,,,,,,3
1907,14750400317012,,,,,,4
1908,14750400612004,1.0,,,,,1
1909,14750400612004,1.0,,,,,2
1910,14750400612004,0.0,,,,,3
1911,14750400612004,0.0,,,,,4
1912,14750400612009,0.0,,,,,1
1913,14750400612009,1.0,,,,,2
1914,14750400612009,0.0,,,,,3
1915,14750400612009,0.0,,,,,4
1916,14760500307002,,0.0,,,,1
1917,14760500307002,,0.0,,,,2
1918,14760500307002,,0.0,,,,3
1919,14760500307002,,0.0,,,,4
1920,14760500318002,,0.0,,,,1
1921,14760500318002,,1.0,,,,2
1922,14760500318002,,0.0,,,,3
1923,14760500318002,,0.0,,,,4
1924,14760500318003,0.0,0.0,,,,1
1925,14760500318003,0.0,0.0,,,,2
1926,14760500318003,0.0,0.0,,,,3
1927,14760500318003,0.0,0.0,,,,4
1928,14760500318006,1.0,,,,,1
1929,14760500318006,0.0,,,,,2
1930,14760500318006,0.0,,,,,3
1931,14760500318006,0.0,,,,,4
1932,14760500318010,0.0,0.0,,,,1
1933,14760500318010,0.0,1.0,,,,2
1934,14760500318010,0.0,0.0,,,,3
1935,14760500318010,0.0,0.0,,,,4
1936,14760500318013,0.0,,0.0,,,1
1937,14760500318013,0.0,,0.0,,,2
1938,14760500318013,0.0,,0.0,,,3
1939,14760500318013,0.0,,0.0,,,4
1940,14760500318016,0.0,,,,,1
1941,14760500318016,0.0,,,,,2
1942,14760500318016,0.0,,,,,3
1943,14760500318016,0.0,,,,,4
1944,14760500318018,0.0,0.0,,,0.0,1
1945,14760500318018,0.0,0.0,,,0.0,2
1946,14760500318018,0.0,0.0,,,0.0,3
1947,14760500318018,0.0,0.0,,,0.0,4
1948,14760500318020,0.0,,0.0,,,1
1949,14760500318020,0.0,,0.0,,,2
1950,14760500318020,0.0,,0.0,,,3
1951,14760500318020,0.0,,0.0,,,4
1952,14760500330010,,0.0,,,,1
1953,14760500330010,,0.0,,,,2
1954,14760500330010,,0.0,,,,3
1955,14760500330010,,0.0,,,,4
1956,14760500409003,,,,-99.0,,1
1957,14760500409003,,,,-99.0,,2
1958,14760500409003,,,,-99.0,,3
1959,14760500409003,,,,0.0,,4
1960,14760500430001,2.0,0.0,1.0,,1.0,1
1961,14760500430001,2.0,0.0,1.0,,1.0,2
1962,14760500430001,2.0,0.0,1.0,,1.0,3
1963,14760500430001,0.0,0.0,0.0,,0.0,4
1964,14760500430007,,1.0,,1.0,,1
1965,14760500430007,,1.0,,1.0,,2
1966,14760500430007,,1.0,,1.0,,3
1967,14760500430007,,0.0,,0.0,,4
1968,14760500430008,,,1.0,0.0,,1
1969,14760500430008,,,1.0,0.0,,2
1970,14760500430008,,,1.0,0.0,,3
1971,14760500430008,,,0.0,0.0,,4
1972,14760500430013,,,,,0.0,1
1973,14760500430013,,,,,1.0,2
1974,14760500430013,,,,,0.0,3
1975,14760500430013,,,,,0.0,4
1976,14760500507004,,,,,1.0,1
1977,14760500507004,,,,,1.0,2
1978,14760500507004,,,,,1.0,3
1979,14760500507004,,,,,0.0,4
1980,14760500507008,,,1.0,,,1
1981,14760500507008,,,0.0,,,2
1982,14760500507008,,,0.0,,,3
1983,14760500507008,,,1.0,,,4
1984,14760500507012,,,,0.0,,1
1985,14760500507012,,,,0.0,,2
1986,14760500507012,,,,0.0,,3
1987,14760500507012,,,,0.0,,4
1988,14760500517003,,,,0.0,,1
1989,14760500517003,,,,0.0,,2
1990,14760500517003,,,,0.0,,3
1991,14760500517003,,,,0.0,,4
1992,14760500517004,0.0,,,,,1
1993,14760500517004,0.0,,,,,2
1994,14760500517004,0.0,,,,,3
1995,14760500517004,0.0,,,,,4
1996,14760500517005,0.0,,,,,1
1997,14760500517005,0.0,,,,,2
1998,14760500517005,0.0,,,,,3
1999,14760500517005,0.0,,,,,4
2000,14760500517006,0.0,,,,,1
2001,14760500517006,1.0,,,,,2
2002,14760500517006,0.0,,,,,3
2003,14760500517006,0.0,,,,,4
2004,14760500517007,,,,0.0,,1
2005,14760500517007,,,,0.0,,2
2006,14760500517007,,,,0.0,,3
2007,14760500517007,,,,0.0,,4
2008,14760500527001,0.0,,,,,1
2009,14760500527001,0.0,,,,,2
2010,14760500527001,0.0,,,,,3
2011,14760500527001,0.0,,,,,4
2012,14760500527002,0.0,0.0,,,,1
2013,14760500527002,0.0,0.0,,,,2
2014,14760500527002,0.0,0.0,,,,3
2015,14760500527002,0.0,0.0,,,,4
2016,14760500527012,,,0.0,,,1
2017,14760500527012,,,0.0,,,2
2018,14760500527012,,,0.0,,,3
2019,14760500527012,,,0.0,,,4
2020,14760500527015,,,0.0,,,1
2021,14760500527015,,,0.0,,,2
2022,14760500527015,,,0.0,,,3
2023,14760500527015,,,0.0,,,4
2024,14760500532006,1.0,,,,,1
2025,14760500532006,0.0,,,,,2
2026,14760500532006,0.0,,,,,3
2027,14760500532006,0.0,,,,,4
2028,14760500613017,0.0,,,,,1
2029,14760500613017,0.0,,,,,2
2030,14760500613017,0.0,,,,,3
2031,14760500613017,0.0,,,,,4
2032,14760500802001,0.0,,,,,1
2033,14760500802001,0.0,,,,,2
2034,14760500802001,0.0,,,,,3
2035,14760500802001,0.0,,,,,4
2036,14760500802004,0.0,,,,,1
2037,14760500802004,0.0,,,,,2
2038,14760500802004,0.0,,,,,3
2039,14760500802004,0.0,,,,,4
2040,14760500802070,,,,0.0,,1
2041,14760500802070,,,,0.0,,2
2042,14760500802070,,,,0.0,,3
2043,14760500802070,,,,0.0,,4
2044,14760500811032,0.0,,,,,1
2045,14760500811032,0.0,,,,,2
2046,14760500811032,1.0,,,,,3
2047,14760500811032,0.0,,,,,4
2048,14760500811062,,,0.0,,,1
2049,14760500811062,,,0.0,,,2
2050,14760500811062,,,0.0,,,3
2051,14760500811062,,,0.0,,,4
2052,14760500811097,,,,,0.0,1
2053,14760500811097,,,,,0.0,2
2054,14760500811097,,,,,0.0,3
2055,14760500811097,,,,,0.0,4
2056,14770600201002,0.0,,,,,1
2057,14770600201002,0.0,,,,,2
2058,14770600201002,0.0,,,,,3
2059,14770600201002,0.0,,,,,4
2060,14770600201003,,-99.0,,-99.0,,1
2061,14770600201003,,-99.0,,-99.0,,2
2062,14770600201003,,-99.0,,-99.0,,3
2063,14770600201003,,-99.0,,-99.0,,4
2064,14770600201006,,-99.0,,-99.0,0.0,1
2065,14770600201006,,-99.0,,-99.0,0.0,2
2066,14770600201006,,-99.0,,-99.0,-99.0,3
2067,14770600201006,,-99.0,,-99.0,-99.0,4
2068,14770600201017,,,-99.0,,-99.0,1
2069,14770600201017,,,-99.0,,-99.0,2
2070,14770600201017,,,-99.0,,-99.0,3
2071,14770600201017,,,-99.0,,-99.0,4
2072,14770600404007,0.0,0.0,,,,1
2073,14770600404007,0.0,0.0,,,,2
2074,14770600404007,0.0,0.0,,,,3
2075,14770600404007,0.0,0.0,,,,4
2076,14770600528042,,,,,0.0,1
2077,14770600528042,,,,,0.0,2
2078,14770600528042,,,,,0.0,3
2079,14770600528042,,,,,0.0,4
2080,14770600528098,0.0,,,,,1
2081,14770600528098,0.0,,,,,2
2082,14770600528098,1.0,,,,,3
2083,14770600528098,1.0,,,,,4
2084,14770600528146,0.0,,,,0.0,1
2085,14770600528146,0.0,,,,0.0,2
2086,14770600528146,0.0,,,,0.0,3
2087,14770600528146,0.0,,,,0.0,4
2088,14770600929016,,,,,,1
2089,14770600929016,,,,,,2
2090,14770600929016,,,,,,3
2091,14770600929016,,,,,,4
2092,14780700220002,0.0,,,,,1
2093,14780700220002,1.0,,,,,2
2094,14780700220002,0.0,,,,,3
2095,14780700220002,0.0,,,,,4
2096,14780700220003,,0.0,,,0.0,1
2097,14780700220003,,1.0,,,1.0,2
2098,14780700220003,,0.0,,,0.0,3
2099,14780700220003,,0.0,,,0.0,4
2100,14780700220011,0.0,,,,,1
2101,14780700220011,0.0,,,,,2
2102,14780700220011,0.0,,,,,3
2103,14780700220011,0.0,,,,,4
2104,14780700524002,0.0,,,,,1
2105,14780700524002,0.0,,,,,2
2106,14780700524002,0.0,,,,,3
2107,14780700524002,0.0,,,,,4
2108,14780700524010,,,0.0,,,1
2109,14780700524010,,,0.0,,,2
2110,14780700524010,,,0.0,,,3
2111,14780700524010,,,0.0,,,4
2112,14780700911003,,0.0,,,,1
2113,14780700911003,,1.0,,,,2
2114,14780700911003,,0.0,,,,3
2115,14780700911003,,0.0,,,,4
2116,14780700911004,0.0,,,,,1
2117,14780700911004,0.0,,,,,2
2118,14780700911004,0.0,,,,,3
2119,14780700911004,0.0,,,,,4
2120,14780700911089,0.0,,,,,1
2121,14780700911089,1.0,,,,,2
2122,14780700911089,0.0,,,,,3
2123,14780700911089,0.0,,,,,4
2124,14790800152002,,,0.0,,,1
2125,14790800152002,,,0.0,,,2
2126,14790800152002,,,0.0,,,3
2127,14790800152002,,,0.0,,,4
2128,14790800152008,0.0,,,0.0,,1
2129,14790800152008,0.0,,,0.0,,2
2130,14790800152008,0.0,,,0.0,,3
2131,14790800152008,0.0,,,0.0,,4
2132,14790800152009,,0.0,,,,1
2133,14790800152009,,0.0,,,,2
2134,14790800152009,,1.0,,,,3
2135,14790800152009,,0.0,,,,4
2136,14790800152012,1.0,,,,,1
2137,14790800152012,0.0,,,,,2
2138,14790800152012,0.0,,,,,3
2139,14790800152012,0.0,,,,,4
2140,14790800204001,0.0,,0.0,,,1
2141,14790800204001,0.0,,0.0,,,2
2142,14790800204001,0.0,,0.0,,,3
2143,14790800204001,0.0,,0.0,,,4
2144,14790800204002,0.0,,,,,1
2145,14790800204002,0.0,,,,,2
2146,14790800204002,0.0,,,,,3
2147,14790800204002,0.0,,,,,4
2148,14790800204013,,0.0,,,,1
2149,14790800204013,,0.0,,,,2
2150,14790800204013,,0.0,,,,3
2151,14790800204013,,0.0,,,,4
2152,14790800812060,,,,,0.0,1
2153,14790800812060,,,,,0.0,2
2154,14790800812060,,,,,0.0,3
2155,14790800812060,,,,,0.0,4
2156,14800900214077,1.0,,,,,1
2157,14800900214077,0.0,,,,,2
2158,14800900214077,0.0,,,,,3
2159,14800900214077,0.0,,,,,4
2160,14800900214097,1.0,,,,,1
2161,14800900214097,0.0,,,,,2
2162,14800900214097,0.0,,,,,3
2163,14800900214097,0.0,,,,,4
2164,14800900559020,,,1.0,,,1
2165,14800900559020,,,0.0,,,2
2166,14800900559020,,,0.0,,,3
2167,14800900559020,,,0.0,,,4
2168,14800900559075,0.0,,,,,1
2169,14800900559075,0.0,,,,,2
2170,14800900559075,0.0,,,,,3
2171,14800900559075,0.0,,,,,4
2172,14800900559086,,,0.0,,0.0,1
2173,14800900559086,,,0.0,,0.0,2
2174,14800900559086,,,0.0,,0.0,3
2175,14800900559086,,,0.0,,0.0,4
2176,14800900559097,0.0,,,,,1
2177,14800900559097,0.0,,,,,2
2178,14800900559097,0.0,,,,,3
2179,14800900559097,0.0,,,,,4
2180,14800900559119,,,0.0,,,1
2181,14800900559119,,,0.0,,,2
2182,14800900559119,,,0.0,,,3
2183,14800900559119,,,0.0,,,4
2184,14800900802011,,0.0,,,,1
2185,14800900802011,,0.0,,,,2
2186,14800900802011,,0.0,,,,3
2187,14800900802011,,0.0,,,,4
2188,14800900802039,0.0,,,,,1
2189,14800900802039,0.0,,,,,2
2190,14800900802039,0.0,,,,,3
2191,14800900802039,0.0,,,,,4
2192,14800900802046,,0.0,,,,1
2193,14800900802046,,0.0,,,,2
2194,14800900802046,,0.0,,,,3
2195,14800900802046,,0.0,,,,4
2196,14811000201013,,,,0.0,,1
2197,14811000201013,,,,0.0,,2
2198,14811000201013,,,,0.0,,3
2199,14811000201013,,,,0.0,,4
2200,14811000201028,0.0,,,,,1
2201,14811000201028,0.0,,,,,2
2202,14811000201028,1.0,,,,,3
2203,14811000201028,0.0,,,,,4
2204,14811000201033,0.0,,,,,1
2205,14811000201033,0.0,,,,,2
2206,14811000201033,0.0,,,,,3
2207,14811000201033,0.0,,,,,4
2208,14811000527009,,0.0,,,,1
2209,14811000527009,,0.0,,,,2
2210,14811000527009,,0.0,,,,3
2211,14811000527009,,0.0,,,,4
2212,15710101201001,,,,0.0,,1
2213,15710101201001,,,,0.0,,2
2214,15710101201001,,,,0.0,,3
2215,15710101201001,,,,0.0,,4
2216,15710101201003,2.0,,,,,1
2217,15710101201003,0.0,,,,,2
2218,15710101201003,0.0,,,,,3
2219,15710101201003,0.0,,,,,4
