,HHID,F2,F11
0,01010200116014,1,4
1,01010200116014,1,6
2,01010200116050,1,4
3,01010200116050,1,6
4,01010200116068,1,4
5,01010200116104,1,4
6,01010200116104,1,6
7,01010301101005,2,8
8,01010301101016,1,1
9,01010301101016,1,4
10,01010301101022,1,1
11,01010301101022,1,4
12,01010301101040,1,1
13,01010301101040,2,2
14,01010301101040,2,5
15,01010400404008,2,8
16,01010400404060,2,8
17,01010400404178,2,1
18,01010400804147,1,1
19,01010400804147,1,4
20,01010400804187,1,1
21,01020600113067,1,4
22,01020600113067,1,6
23,01020600113075,1,4
24,01020801604064,2,9
25,01020901705018,2,1
26,01020901705018,2,2
27,01020901705034,1,9
28,01020901705034,2,9
29,01021200418002,1,4
30,01021200418002,1,6
31,01021200418013,1,4
32,01021200418013,1,6
33,01021200418024,1,4
34,01021200418024,1,6
35,01021200418035,1,4
36,01021200418046,1,4
37,01021200418057,1,4
38,01021200418068,1,6
39,01021200418079,1,4
40,01021200418090,1,4
41,01021200418090,1,6
42,01021200418101,1,4
43,01021200418101,1,6
44,01021200418112,1,4
45,01021200418123,1,4
46,01030300103004,1,4
47,01030300103017,1,4
48,01030300103017,1,6
49,01030300103030,1,4
50,01030300103043,1,4
51,01030300103056,1,4
52,01030300103069,1,4
53,01030300103082,1,4
54,01030300103095,1,4
55,01030300103108,1,4
56,01030300103121,1,4
57,01030300103134,1,4
58,01030300103147,1,9
59,01030800402002,1,4
60,01030800402002,1,6
61,01030800402015,1,4
62,01030800402028,1,4
63,01030800402028,1,6
64,01030800402041,1,4
65,01030800402041,1,6
66,01030800402067,1,4
67,01030800402067,1,6
68,01030800402080,1,4
69,01030800402080,1,6
70,01030800402093,1,4
71,01030800402093,1,6
72,01030800402106,1,4
73,01030800402106,1,6
74,01030800402119,1,4
75,01030800402119,1,6
76,01030800402132,1,4
77,01030800402132,1,6
78,01030800402145,1,4
79,01030800402145,1,6
80,01041100201005,1,1
81,01041100201005,1,4
82,01041100201020,1,1
83,01041100201020,1,4
84,01041100201035,1,1
85,01041100201035,1,4
86,01041100201050,2,4
87,01041100201050,2,5
88,01041100201065,1,1
89,01041100201065,1,4
90,01041100201080,1,1
91,01041100201080,1,4
92,01041100201095,1,1
93,01041100201095,1,4
94,01041100201110,1,1
95,01041100201110,1,4
96,01041100201155,1,1
97,01041100201155,1,4
98,01041100201170,1,1
99,01041100201170,1,4
100,01050100110004,1,1
101,01050100110004,1,4
102,01050100110022,1,1
103,01050100110022,1,4
104,01050100110067,1,1
105,01050100110067,1,4
106,01050101108006,1,1
107,01050101108006,1,5
108,01050101108019,1,10
109,01050101108032,1,1
110,01050101108032,1,4
111,01050101108045,1,1
112,01050101108045,1,4
113,01050101108110,1,1
114,01050101108110,1,4
115,01050101108136,1,1
116,01050101108136,1,4
117,01060100317002,1,1
118,01060100317002,1,4
119,01060100317012,1,4
120,01060100317012,1,5
121,01060100317022,1,4
122,01060100317022,1,5
123,01060100317032,1,1
124,01060100317032,1,4
125,01060100317042,1,4
126,01060100317042,1,5
127,01060100317052,1,4
128,01060100317052,1,5
129,01060100317072,1,4
130,01060100317072,1,5
131,01060100317082,1,1
132,01060100317082,1,4
133,01060100317112,1,1
134,01060100317112,1,4
135,01060200127003,1,1
136,01060200127031,1,1
137,01060200127031,1,4
138,01060200127045,1,1
139,01060200127058,1,1
140,01060200127058,1,4
141,01060200127072,1,1
142,01060200127072,1,4
143,01060200127100,1,1
144,01060200127100,1,4
145,01060200127113,1,1
146,01060200127113,1,4
147,01060200127128,1,1
148,01060200127142,1,1
149,01060200127156,1,1
150,01060200127156,1,4
151,01060200506026,1,1
152,01060200506026,1,4
153,01060200506037,1,4
154,01060200506037,1,5
155,01060200506048,1,1
156,01060200506048,1,5
157,01060200506070,1,4
158,01060200506070,1,5
159,01060200506081,1,1
160,01060200506081,1,5
161,01060200506092,1,4
162,01060200506092,1,5
163,01060200506114,3,1
164,01060200506114,3,5
165,01060200506125,1,4
166,01060200506125,1,5
167,02070200101011,1,4
168,02070200101051,1,1
169,02070300104071,1,4
170,02070300104071,1,5
171,02070300104082,1,3
172,02070300104082,1,4
173,02070300104093,1,1
174,02070300104115,1,1
175,02070300104126,1,1
176,02070300111085,1,4
177,02070300205006,3,2
178,02070300205011,1,1
179,02070300205016,1,1
180,02070300205036,1,1
181,02070300205041,1,5
182,02070300205046,1,1
183,02070300205056,1,1
184,02070300205061,1,1
185,02070300212031,2,3
186,02070300212039,1,1
187,02070300212055,2,3
188,02070300212087,1,9
189,02070501103133,1,4
190,02090100104008,2,1
191,02090100104020,1,1
192,02090100104044,1,1
193,02090100104044,1,4
194,02090100104056,2,2
195,02090100104080,3,2
196,02090100104092,1,9
197,02090100104104,1,1
198,02090100104104,3,2
199,02090200123046,1,1
200,02090200123060,1,9
201,02090200123074,1,9
202,02090200123074,3,9
203,02090200123102,1,1
204,02090200123116,1,1
205,02090200123144,1,1
206,02090200123158,1,4
207,03110300605047,2,2
208,03110300605047,2,3
209,03110300605081,2,2
210,03110800110001,2,1
211,03110800110001,2,5
212,03110800110003,2,1
213,03110800110003,2,5
214,03110800110008,1,1
215,03110800110030,1,1
216,03110800110052,1,1
217,03110800110096,1,1
218,03110800110140,1,1
219,03110800110140,1,4
220,03110800110162,1,1
221,03110800110184,1,1
222,03110800701089,3,3
223,03111700101013,1,1
224,03111700101013,1,4
225,03111700101037,1,1
226,03111700101037,1,4
227,03111700101061,1,1
228,03111700101061,1,4
229,03111700101085,2,1
230,03111700101085,2,5
231,03111700101109,1,1
232,03111700101109,1,4
233,03111700101181,1,1
234,03111700101181,1,5
235,03111700101205,1,1
236,03111700101205,1,4
237,03111800604007,1,1
238,03111800604007,1,4
239,03111800604026,1,1
240,03111800604026,1,4
241,03111800604045,1,1
242,03111800604045,1,4
243,03111800604064,1,1
244,03111800604083,1,1
245,03111800604083,1,4
246,03111800604102,1,1
247,03111800604102,1,4
248,03111800604121,1,1
249,03111800604121,1,5
250,03111800604140,1,1
251,03111800604140,1,4
252,03111800604197,1,1
253,03111800604197,1,4
254,03111800604216,1,1
255,03111801205008,1,1
256,03111801205008,1,4
257,03111801205017,1,1
258,03111801205017,1,4
259,03111801205044,1,1
260,03111801205044,1,4
261,03111801205062,1,1
262,03111801205062,1,4
263,03111801205071,1,1
264,03111801205071,1,4
265,03111801205080,1,1
266,03111801205080,1,4
267,03111801205089,1,1
268,03111801205089,1,5
269,03111801205098,1,1
270,03111801205098,1,4
271,03111801205107,1,9
272,03111802013001,1,1
273,03111802013001,1,4
274,03111802013004,1,1
275,03111802013004,1,4
276,03111802013018,1,1
277,03111802013018,1,4
278,03111802013032,1,1
279,03111802013032,1,4
280,03111802013046,1,1
281,03111802013074,1,1
282,03111802013074,1,4
283,03111802013088,1,1
284,03111802013088,1,4
285,03111802013116,1,1
286,03111802013116,1,4
287,03111802013130,1,1
288,03111802013130,1,4
289,03111802013144,1,1
290,03111802013144,1,4
291,03112101007031,2,2
292,03112101007127,2,2
293,03112101007127,2,5
294,03120200303028,1,1
295,03120200303028,1,4
296,03120200303049,1,1
297,03120200303049,1,4
298,03120200303070,1,1
299,03120200303070,1,4
300,03120200303091,1,1
301,03120200303091,1,4
302,03120200303112,1,1
303,03120200303112,1,4
304,03120200303133,1,1
305,03120200303154,1,1
306,03120200303154,1,4
307,03120200303175,1,1
308,03120200303175,1,4
309,03120200303238,1,1
310,03120200303238,1,4
311,03120300709067,2,2
312,03120300709067,2,3
313,03120300709082,2,5
314,03120300709082,2,10
315,03120300709112,2,2
316,03120300709112,2,3
317,03120300709142,2,2
318,03120300709142,2,3
319,03120300709172,2,2
320,03120300709172,2,3
321,03120302401010,2,2
322,03120302401010,2,5
323,03120302401027,2,2
324,03120302401027,2,5
325,03120302401061,2,2
326,03120302401061,2,3
327,03120302401078,2,2
328,03120302401078,2,3
329,03120302401129,2,2
330,03120302401129,2,3
331,03120302401197,2,2
332,03120302401197,2,3
333,03121000302003,1,1
334,03121000302003,2,5
335,03121000302013,1,1
336,03121000302023,1,1
337,03121000302033,1,1
338,03121000302043,1,1
339,03121000302043,2,5
340,03121000302053,1,1
341,03121000302063,1,1
342,03121000302073,1,1
343,03121000302083,1,1
344,03121000302093,1,1
345,03121000302103,1,1
346,03121000302113,2,5
347,03130200801080,1,10
348,03130202504009,2,9
349,03130202504089,2,2
350,03130202504149,1,1
351,03131000101014,1,9
352,03131000101032,1,9
353,03131000101050,1,4
354,03131000101068,1,9
355,03131000101086,1,4
356,03131000101104,1,9
357,03131000101122,1,9
358,03131000101140,1,9
359,03131000101158,1,9
360,03131000101176,1,9
361,03131000101194,1,4
362,03140400104008,1,3
363,03140400104017,1,5
364,03140400104026,1,3
365,03140400104026,1,5
366,03140400104035,1,3
367,03140400104035,1,4
368,03140400104044,1,3
369,03140400104053,1,3
370,03140400104062,1,3
371,03140400104071,1,3
372,03140400104080,1,3
373,03140400104089,1,3
374,03140400104098,1,3
375,03140400104107,1,3
376,03141001902073,2,7
377,03141001902137,2,4
378,03141001902137,2,5
379,03141202605013,2,5
380,03141202605018,3,4
381,03141700416006,1,3
382,03141700416018,1,3
383,03141700416042,1,5
384,03141700416054,1,3
385,03141700416066,1,3
386,03141700416078,1,5
387,03141700416090,1,3
388,03141700416102,1,3
389,03141700416114,1,4
390,03141700416126,1,4
391,03141700416138,1,5
392,03141800307011,1,9
393,03141800307024,1,9
394,03141800307037,1,9
395,03141800307050,1,5
396,03141800307063,1,5
397,03141800307089,1,5
398,03141800307102,1,5
399,03141800307115,1,5
400,03141800307120,1,4
401,03141800307141,1,5
402,03141800307154,1,5
403,03141800618005,1,4
404,03141800618019,1,3
405,03141800618019,1,6
406,03141800618026,1,5
407,03141800618040,1,3
408,03141800618047,1,3
409,03141800618047,1,5
410,03141800618054,1,4
411,03141800618061,1,3
412,03141800618061,1,5
413,03141800618068,1,4
414,03141800618068,1,5
415,03141800618075,1,3
416,03141800618075,1,4
417,03141800618082,1,3
418,03141800618082,1,5
419,03141800910007,1,3
420,03141800910007,1,4
421,03141800910019,1,5
422,03141800910031,1,4
423,03141800910031,1,5
424,03141800910043,1,3
425,03141800910043,1,5
426,03141800910055,1,3
427,03141800910055,1,5
428,03141800910067,1,4
429,03141800910067,1,5
430,03141800910079,1,4
431,03141800910079,1,5
432,03141800910091,1,3
433,03141800910091,1,5
434,03141800910103,1,4
435,03141800910103,1,5
436,03141800910115,1,5
437,03141800910127,1,5
438,03141800910139,1,3
439,03141800910139,1,5
440,03150300101160,2,4
441,03150300905099,2,1
442,03150300905119,5,2
443,03150300905139,5,9
444,03150800103088,1,9
445,03150800103163,1,9
446,03151900506012,2,4
447,03151900506027,2,4
448,03151900506042,2,1
449,03151900506057,2,1
450,03151900506087,2,4
451,03151900506087,2,5
452,03151900506102,2,1
453,03151900506162,2,2
454,03151900506177,2,4
455,03152000107001,1,9
456,03152000107005,1,9
457,03152000107007,1,9
458,03152000107009,2,9
459,03152000107011,1,9
460,03152000107013,1,9
461,03152000107013,2,9
462,03152000107015,1,4
463,03152000107029,1,9
464,03152000107029,2,9
465,03152000107103,2,9
466,03152000407001,1,4
467,03152000407008,1,9
468,03152000407012,1,9
469,03152000407023,1,9
470,03152000407034,1,9
471,03152000407045,1,4
472,03152000407045,2,4
473,03152000407045,3,9
474,03152000407045,4,9
475,03152000407056,1,9
476,03152000407067,1,9
477,03152000407078,1,9
478,03152000407089,1,9
479,03152000407100,1,6
480,03152000407111,1,9
481,03152000407122,1,9
482,03152000705001,1,9
483,03152000705011,1,4
484,03152000705039,1,9
485,03152000705067,1,9
486,03152000705081,1,9
487,03152000705095,1,9
488,03152000705109,1,9
489,03152000705123,1,9
490,03152000705137,1,9
491,03152000705165,1,4
492,03160201902017,2,2
493,03160201902053,2,1
494,03160201902077,2,9
495,03160201902137,2,9
496,03160500103010,1,9
497,03160500103023,2,3
498,03160500103023,2,5
499,03160500103049,2,4
500,03160500103049,2,5
501,03160500103062,1,4
502,03160500103062,1,5
503,03160500103075,1,4
504,03160500103075,1,6
505,03160500103088,1,4
506,03160500103088,1,6
507,03160500103101,1,9
508,03160500103101,2,5
509,03160500103140,2,5
510,03160500103153,1,9
511,03160600803058,1,7
512,03160600803154,1,8
513,03160600803186,2,3
514,03160600803186,2,7
515,03161500214018,1,5
516,03161500214040,1,1
517,03161500214040,1,6
518,03161500214062,1,4
519,03161500214062,1,5
520,03161500214095,1,5
521,03161500214106,1,4
522,03161500214106,1,5
523,03170400206105,2,1
524,03170400206145,2,1
525,03170401804019,2,2
526,03170401804091,2,3
527,03170401804091,2,7
528,03170401804259,2,2
529,03170401804283,2,9
530,03170403702050,2,2
531,03170403702050,2,3
532,03170403702070,2,3
533,03170403702090,2,1
534,03170403702090,2,5
535,03170403702170,2,9
536,03170500110018,1,9
537,03170500110126,1,1
538,03170500110153,1,9
539,03170500110207,1,9
540,03170500110234,1,9
541,03170500110261,1,9
542,03170500110288,1,9
543,03170500110315,1,9
544,03170601005004,2,3
545,03170601005028,2,3
546,03170601005040,2,2
547,03170601005052,2,2
548,03180100102002,1,3
549,03180100102016,1,9
550,03180100102035,1,3
551,03180100102054,1,4
552,03180100102092,1,9
553,03180100102111,1,4
554,03180100102149,1,3
555,03180100102149,1,5
556,03180100102168,2,9
557,03180302503115,2,1
558,03180302503115,2,2
559,03180700305005,1,5
560,03180700305017,1,3
561,03180700305017,1,5
562,03180700305029,1,9
563,03180700305041,1,5
564,03180700305053,1,3
565,03180700305053,1,5
566,03180700305065,1,3
567,03180700305065,1,5
568,03180700305077,1,9
569,03180700305089,1,9
570,03180700305101,1,9
571,03180700305125,1,9
572,03190201401118,2,1
573,03190202501198,2,1
574,03200100113042,2,1
575,03200100113042,2,2
576,03200100113105,2,1
577,03200100113189,2,2
578,03200100113189,2,4
579,03200100807076,2,1
580,03200200209001,2,2
581,03200200209019,3,2
582,03200200209019,3,3
583,03200200209028,1,4
584,03200200209028,1,5
585,03200200209037,2,4
586,03200200209055,1,4
587,03200200209064,1,4
588,03200200209064,1,5
589,03200200209073,1,5
590,03200200209073,3,1
591,03200200209073,3,2
592,03200200209082,1,4
593,03200200209082,1,5
594,03200200209082,3,1
595,03200200209091,1,4
596,03200200209091,1,5
597,03210100412010,1,9
598,03210100412044,1,9
599,03210100412061,1,4
600,03210100412061,1,6
601,03210100412112,1,9
602,03210100412146,1,9
603,03210100412163,1,9
604,03210100412180,1,9
605,03210100808032,1,5
606,03210100808066,1,9
607,03210100808083,1,9
608,03210100808117,1,5
609,03210100808117,1,9
610,03210100808151,1,4
611,03210100808202,1,9
612,03210101214002,1,9
613,03210101214015,1,9
614,03210101214028,1,9
615,03210101214041,1,9
616,03210101214054,1,9
617,03210101214067,1,9
618,03210101214067,2,9
619,03210101214080,1,9
620,03210101214093,1,9
621,03210101214106,1,9
622,03210101214119,1,9
623,03210101214132,1,9
624,03210101214145,1,9
625,03210300832067,1,9
626,03210300832114,1,1
627,03210300832114,1,4
628,03210300832161,1,9
629,03210300832208,1,9
630,03210300832255,1,9
631,03210300832302,1,9
632,03210300832349,1,9
633,03210300832537,1,9
634,04220201601004,1,4
635,04220201601004,1,5
636,04220202602001,2,2
637,04220202602001,2,3
638,04220202602003,2,9
639,04220202602012,2,5
640,04220202602012,2,7
641,04221700103001,1,9
642,04221700103002,1,9
643,04221700103003,1,9
644,04221700103004,1,9
645,04221700103005,1,9
646,04221700103006,1,9
647,04221700103007,1,9
648,04221700103009,2,2
649,04221700103010,1,9
650,04221700103011,1,9
651,04221700103012,1,9
652,04230200302002,2,2
653,04230200302002,2,5
654,04230200302004,2,2
655,04231301905001,2,2
656,04231301905001,2,6
657,04231301905002,2,3
658,04231301905003,2,2
659,04231301905003,2,5
660,04231301905004,2,3
661,04231301905005,2,5
662,04231301905006,2,2
663,04231301905006,2,3
664,04231301905007,2,2
665,04231301905007,2,3
666,04231301905008,2,9
667,04231301905009,2,9
668,04231301905010,2,2
669,04231301905011,2,2
670,04231301905011,2,5
671,04231301905012,2,5
672,04231301905012,2,6
673,04231700111001,1,9
674,04231700111002,1,9
675,04231700111003,1,4
676,04231700111004,1,9
677,04231700111005,1,4
678,04231700111006,1,4
679,04231700111007,1,9
680,04231700111008,1,4
681,04231700111010,1,4
682,04231700111011,1,4
683,04231700111011,1,5
684,04231700111012,1,9
685,04231700304001,1,9
686,04231700304002,1,4
687,04231700304002,1,5
688,04231700304003,1,4
689,04231700304004,1,9
690,04231700304005,1,4
691,04231700304006,1,4
692,04231700304008,1,4
693,04231700304008,1,5
694,04231700304009,1,4
695,04231700304011,1,4
696,04231700304011,1,5
697,04231700304012,1,9
698,04231700417002,1,4
699,04231700417003,1,4
700,04231700417004,1,4
701,04231700417004,1,5
702,04231700417005,1,5
703,04231700417005,1,6
704,04231700417006,1,4
705,04231700417007,1,4
706,04231700417007,1,5
707,04231700417008,1,4
708,04231700417008,1,5
709,04231700417009,1,4
710,04231700417010,1,4
711,04231700417011,1,4
712,04231700417012,2,4
713,04231700417012,2,5
714,04231700602001,1,9
715,04231700602002,1,9
716,04231700602004,1,4
717,04231700602006,1,4
718,04231700602006,1,5
719,04231700602007,1,1
720,04231700602007,2,1
721,04231700602007,2,9
722,04231700602008,1,1
723,04231700602009,1,9
724,04231700602009,2,4
725,04231700602009,2,5
726,04231700602010,1,4
727,04231700602014,2,2
728,04231700602014,2,5
729,04231700602015,2,9
730,04231700602016,1,9
731,04231700602017,1,9
732,04231700602018,3,3
733,04240101704001,2,2
734,04240101704001,2,5
735,04240101704002,2,9
736,04240101704005,1,1
737,04240101704006,1,5
738,04241600101001,1,1
739,04241600101001,1,4
740,04241600101002,1,1
741,04241600101002,1,5
742,04241600101003,1,1
743,04241600101003,1,4
744,04241600101004,1,1
745,04241600101004,1,4
746,04241600101005,1,1
747,04241600101005,1,5
748,04241600101006,1,9
749,04241600101007,1,1
750,04241600101007,1,4
751,04241600101008,1,1
752,04241600101008,1,4
753,04241600101009,1,1
754,04241600101009,1,4
755,04241600101010,1,1
756,04241600101010,1,4
757,04241600101011,1,1
758,04241600101011,1,4
759,04241600101012,1,1
760,04241600101012,1,4
761,04242000217001,1,1
762,04242000217001,1,4
763,04242000217002,1,1
764,04242000217002,1,4
765,04242000217002,2,1
766,04242000217002,2,5
767,04242000217004,1,1
768,04242000217004,1,4
769,04242000217006,1,1
770,04242000217006,1,4
771,04242000217007,1,1
772,04242000217007,1,4
773,04242000217008,1,4
774,04242000217008,1,5
775,04242000217009,1,1
776,04242000217009,1,4
777,04242000217010,1,1
778,04242000217010,1,4
779,04242000217011,1,1
780,04242000217011,1,4
781,04242000217011,2,2
782,04242000217012,1,1
783,04242000217012,1,4
784,04250800404002,3,2
785,04250800404002,3,5
786,04250800404004,2,2
787,04250800404004,2,5
788,04250800404006,2,3
789,04250800404006,2,5
790,04250800404009,2,3
791,04250800404009,2,5
792,04250800404010,2,4
793,04250800404010,2,5
794,04250800404011,2,5
795,04250800404011,2,7
796,04251103105002,2,2
797,04251103105002,2,5
798,04251103105004,2,4
799,04251103105004,2,5
800,04251103502001,2,4
801,04251103502001,2,5
802,04251103502006,2,5
803,04251103502006,2,6
804,04251103502012,2,4
805,04251103502012,2,5
806,04260500101003,2,8
807,04260500101009,2,9
808,04260500101010,2,1
809,04260500101011,2,9
810,04260500101012,2,9
811,04260801102002,2,3
812,04260801102002,2,5
813,04260801102003,2,3
814,04260801102003,2,4
815,04260801102003,5,3
816,04260801102003,5,5
817,04260801102005,2,5
818,04260801102006,2,9
819,04260801102007,2,9
820,04260801102008,2,9
821,04260801102009,2,9
822,04260801102010,2,2
823,04260801102011,2,2
824,04260803103001,2,5
825,04260803103005,2,2
826,04261400105011,2,8
827,04261701902002,2,9
828,04261701902006,1,9
829,04271202206001,1,1
830,04271202206001,1,5
831,04271202206002,3,2
832,04271202206002,3,5
833,04271202206003,1,5
834,04271202206004,1,1
835,04271202206004,1,5
836,04271202206005,1,1
837,04271202206005,1,5
838,04271202206006,1,1
839,04271202206006,1,3
840,04271202206009,1,1
841,04271202206009,1,5
842,04271202206010,1,1
843,04271202206010,1,5
844,04271202206011,3,2
845,04271202206012,1,1
846,04271202206012,1,5
847,04271800107001,2,5
848,04271800107004,1,7
849,04271800107005,2,7
850,04271800107024,1,5
851,04271800107044,1,4
852,04271800107064,1,7
853,04271800107084,1,7
854,04271800107104,1,4
855,04271800107124,1,7
856,04271800107144,1,7
857,04271800107164,1,7
858,04280201505003,2,5
859,04280201505003,2,7
860,04280203203001,2,2
861,04280203203001,2,5
862,04280203203004,2,2
863,04280203203004,2,5
864,04280300107008,1,7
865,04280300107008,1,9
866,04280300107021,1,7
867,04280300107021,1,9
868,04280300107034,1,7
869,04280300107034,1,9
870,04280300107047,1,7
871,04280300107047,1,9
872,04280300107060,1,3
873,04280300107060,1,7
874,04280300107073,1,7
875,04280300107073,1,9
876,04280300107086,1,7
877,04280300107099,1,9
878,04280300107112,1,7
879,04280300107112,1,9
880,04280300107125,1,7
881,04280300107138,1,7
882,04280300107138,1,9
883,04280300107151,1,3
884,04280900511014,1,7
885,04280900511029,1,7
886,04280900511044,1,4
887,04280900511059,1,7
888,04280900511074,1,4
889,04280900511089,1,6
890,04280900511104,1,9
891,04280900511119,1,6
892,04280900511134,1,4
893,04280900511149,1,4
894,04280900511164,1,7
895,04280900511179,1,4
896,04280900803005,1,9
897,04280900803018,1,9
898,04280900803031,1,4
899,04280900803044,1,4
900,04280900803057,1,4
901,04280900803070,1,4
902,04280900803083,1,7
903,04280900803096,1,4
904,04280900803109,1,4
905,04280900803122,1,4
906,04280900803135,1,7
907,04280900803148,1,4
908,04290100110001,1,4
909,04290100110002,1,4
910,04290100110003,1,4
911,04290100110006,2,4
912,04290100110006,2,5
913,04290100110008,1,4
914,04290100110008,1,5
915,04290100110011,1,4
916,04290500106001,1,4
917,04290500106005,1,4
918,04290500106010,1,4
919,04291501302001,2,4
920,04291501302001,2,5
921,04291501302005,2,2
922,04291501302005,2,5
923,04291501302006,2,4
924,04291501302006,2,5
925,04291801901003,1,1
926,04291801901006,1,9
927,04291801901010,1,5
928,04292500402002,1,4
929,04292500402003,1,4
930,04292500402004,1,4
931,04292500402004,1,5
932,04292500402005,1,1
933,04292500402005,1,4
934,04292500402006,1,4
935,04292500402006,1,5
936,04292500402007,1,4
937,04292500402008,1,4
938,04292500402009,1,4
939,04292500402009,1,5
940,04292500402011,1,4
941,04292500402012,2,4
942,04292500402012,2,5
943,04300203306011,2,5
944,04300203306011,2,7
945,04300400106001,2,1
946,04300400106001,2,5
947,04300400106002,1,4
948,04300400106002,1,5
949,04300400106004,2,1
950,04300400106004,2,5
951,04300400106005,2,4
952,04300400106005,2,6
953,04300400106006,1,4
954,04300400106006,1,5
955,04300400106007,1,1
956,04300400106007,1,3
957,04300400106010,1,1
958,04300400106010,1,6
959,04300800105002,2,2
960,04300800105002,2,5
961,04300800105006,3,3
962,04300800105006,3,4
963,04300800105007,2,4
964,04300800105007,2,6
965,04300800105008,2,4
966,04300800105008,2,6
967,04300800210001,1,4
968,04300800210001,1,5
969,04300800210002,1,1
970,04300800210002,1,4
971,04300800210004,1,1
972,04300800210005,1,1
973,04300800210005,1,4
974,04300800210007,2,4
975,04300800210007,2,5
976,04300800210010,2,4
977,04300800210010,2,6
978,04300802504001,2,5
979,04300802504001,2,7
980,04300802504007,3,2
981,04300802504007,3,4
982,04300802504008,2,3
983,04300802504008,2,5
984,04301301004001,1,1
985,04301301004004,1,1
986,04301301004005,3,1
987,04301301004005,3,5
988,04301301004006,2,3
989,04301301004006,2,5
990,04301301004007,2,4
991,04301301004007,2,5
992,04301301004008,2,4
993,04301301004008,2,6
994,04310302803010,2,9
995,04310302803010,3,9
996,04311102101001,3,2
997,04311102101001,3,5
998,04311102101002,3,9
999,04311102101003,3,9
1000,04311102101009,3,2
1001,04311102101009,3,5
1002,04311102101012,2,5
1003,04311102101012,2,7
1004,04311103311001,2,4
1005,04311103311007,3,1
1006,04311103311010,3,2
1007,04311103311010,3,7
1008,04311103311011,3,2
1009,04311103311011,3,7
1010,04311200105001,1,6
1011,04311200105002,1,9
1012,04311200105002,3,4
1013,04311200105002,3,5
1014,04311200105003,3,5
1015,04311200105003,3,6
1016,04311200105004,3,5
1017,04311200105006,1,6
1018,04311200105007,1,9
1019,04311200105008,1,6
1020,04311200105009,3,9
1021,04311200105011,3,5
1022,04311200105011,3,6
1023,04311200105012,3,5
1024,04311200105012,3,6
1025,04320501610009,2,3
1026,04320501610009,2,5
1027,04320600302001,2,2
1028,04320600302001,2,5
1029,04321600405002,3,2
1030,04321600405007,2,3
1031,04321600405008,3,3
1032,04321600405008,3,5
1033,04330600803003,2,2
1034,04330600803018,2,2
1035,04330600803033,2,3
1036,04330600803048,2,2
1037,04330600803063,2,2
1038,04330600803078,2,2
1039,04330600803093,2,2
1040,04330600803108,2,2
1041,04330600803123,2,2
1042,04330600803138,2,3
1043,04330600803138,2,5
1044,04330600803168,2,4
1045,04330600803168,2,5
1046,04330801809165,3,2
1047,04331301403001,2,2
1048,04331301403018,2,2
1049,04331301403035,2,3
1050,04331301403052,2,3
1051,04331301403069,2,1
1052,04331301403086,2,4
1053,04331301403086,2,5
1054,04331301403103,2,1
1055,04331301403120,2,1
1056,04331301403137,2,2
1057,04331301403154,2,4
1058,04331301403154,2,5
1059,04331301403171,2,4
1060,04331301403171,2,5
1061,04331301403188,2,2
1062,04340201103001,2,3
1063,04340201103001,2,4
1064,04340300103004,2,2
1065,04340300103004,2,4
1066,04340300103008,2,9
1067,04340300103012,1,9
1068,04340300103012,2,9
1069,04340300103055,2,2
1070,04340300103075,2,2
1071,04340300103075,2,5
1072,04340300103100,2,2
1073,04340300103100,2,5
1074,04340300103117,1,1
1075,04340300103117,2,9
1076,04340300103138,2,9
1077,04340300103159,1,1
1078,04340300103159,2,1
1079,04340300103180,1,1
1080,04340501201001,2,5
1081,04340501201003,2,3
1082,04340501201003,2,5
1083,04340501201004,2,3
1084,04340501201004,2,5
1085,04340501201005,2,3
1086,04340501201005,2,5
1087,04340501201008,2,2
1088,04340501201008,2,5
1089,04340501201010,2,2
1090,04340501201010,2,5
1091,04340501201011,2,5
1092,04340501201012,2,2
1093,04340501201012,2,5
1094,04340900114017,1,4
1095,04340900114053,2,2
1096,04340900114053,2,5
1097,04340900114071,1,4
1098,04340900114089,2,2
1099,04340900114089,2,5
1100,04340900114107,2,2
1101,04340900114125,1,1
1102,04340900114125,2,1
1103,04340900114143,1,1
1104,04340900114143,2,9
1105,04340900114161,1,1
1106,04340900114179,1,1
1107,04340900114197,1,1
1108,04340900114215,1,1
1109,04340900114215,2,9
1110,04350203701010,1,3
1111,04350203701010,1,5
1112,04350203701010,2,2
1113,04350203701010,2,4
1114,04350203701011,2,4
1115,04350203701011,2,5
1116,04350602101001,2,1
1117,04350602101007,2,2
1118,04350602101007,2,5
1119,04351100115011,1,4
1120,04351100115024,1,4
1121,04351100115037,1,4
1122,04351100115050,1,4
1123,04351100115063,1,4
1124,04351100115089,1,4
1125,04351100115102,1,4
1126,04351100115115,1,4
1127,04351100115128,1,4
1128,04351100115141,1,5
1129,04351100115154,2,4
1130,04360100202001,1,1
1131,04360100202002,1,1
1132,04360100202003,1,1
1133,04360100202005,1,1
1134,04360100202006,1,1
1135,04360100202007,1,1
1136,04360100202008,1,1
1137,04360100202009,1,1
1138,04360100202010,1,1
1139,04360100202011,1,1
1140,04360100202012,1,1
1141,04360100513002,1,1
1142,04360100513018,1,1
1143,04360100513018,2,2
1144,04360100513018,2,5
1145,04360100513026,1,1
1146,04360100513034,1,1
1147,04360100513042,1,1
1148,04360100513074,1,1
1149,04360101005001,1,1
1150,04360101005002,1,1
1151,04360101005004,1,1
1152,04360101005005,1,1
1153,04360101005006,1,1
1154,04360101005007,1,1
1155,04360101005008,1,1
1156,04360101005010,1,1
1157,04360101005011,1,1
1158,04360101402001,1,1
1159,04360101402001,1,3
1160,04360101402003,1,1
1161,04360101402004,1,1
1162,04360101402005,1,9
1163,04360101402006,1,1
1164,04360101402007,1,1
1165,04360101402008,1,1
1166,04360101402009,1,1
1167,04360101402010,1,1
1168,04360101402010,1,9
1169,04370100405001,1,9
1170,04370100405002,1,9
1171,04370100405003,1,4
1172,04370100405003,1,5
1173,04370100405004,1,9
1174,04370100405005,1,9
1175,04370100405006,1,9
1176,04370100405007,1,4
1177,04370100405008,1,4
1178,04370100405008,1,5
1179,04370100405009,1,5
1180,04370100405010,1,4
1181,04370100405011,1,9
1182,04370100405012,1,9
1183,04370100805001,1,4
1184,04370100805002,1,9
1185,04370100805003,1,4
1186,04370100805003,1,5
1187,04370100805004,1,4
1188,04370100805005,1,9
1189,04370100805006,1,9
1190,04370100805007,1,9
1191,04370100805008,1,9
1192,04370100805009,1,9
1193,04370100805009,3,9
1194,04370100805010,1,9
1195,04370100805011,1,9
1196,04370100805012,1,9
1197,04370101213002,1,9
1198,04370101213004,1,9
1199,04370101213005,1,4
1200,04370101213005,1,5
1201,04370101213006,1,4
1202,04370101213007,1,3
1203,04370101213007,1,4
1204,04370101213008,1,4
1205,04370101213009,1,1
1206,04370101213009,1,4
1207,04370101213010,1,4
1208,04370101213010,1,5
1209,04370101213011,1,1
1210,04370101213011,1,4
1211,04370101213012,1,1
1212,04370101213012,1,5
1213,04380301901003,1,4
1214,04380301901003,5,3
1215,04380301901003,5,4
1216,04380301901005,1,4
1217,04380301901006,1,3
1218,04380301901006,1,5
1219,04380301901007,2,4
1220,04380301901007,2,5
1221,04380301901008,2,4
1222,04380301901008,2,5
1223,04380301901009,2,4
1224,04380301901009,2,5
1225,04380301901010,2,4
1226,04380301901010,2,5
1227,04380301901012,2,4
1228,04380301901012,2,5
1229,04380304202001,1,6
1230,04380304202001,1,7
1231,04380304202002,4,2
1232,04380801605002,3,1
1233,04380801605002,3,5
1234,04380801605004,3,1
1235,04380801605004,3,5
1236,04380801605006,3,1
1237,04380801605006,3,5
1238,04380801605009,3,2
1239,04380801605010,3,2
1240,04381000108015,1,7
1241,04381000108063,1,7
1242,04381000108087,1,7
1243,04381000108111,1,7
1244,04381000108159,1,5
1245,04381000108207,1,7
1246,04381100116004,1,4
1247,04381100116007,1,4
1248,04381100116011,1,4
1249,04381100402001,1,1
1250,04381100402001,1,4
1251,04381100402004,1,4
1252,04381100402005,1,4
1253,04381100402006,1,4
1254,04381100402007,1,4
1255,04381100402008,1,4
1256,04381100402009,1,4
1257,04381100402010,1,4
1258,04381100402012,1,4
1259,04381100521008,1,4
1260,04381100521026,1,4
1261,04381100521044,1,4
1262,04381100521053,1,4
1263,04381100521062,1,4
1264,04381100521089,1,4
1265,04381100521098,1,4
1266,04381100716006,1,4
1267,04381100716012,1,4
1268,04381100716016,2,4
1269,04381100716028,2,4
1270,04381100716042,1,4
1271,04381100716114,1,4
1272,04381100716132,1,4
1273,04381100716132,1,7
1274,04390300402002,2,5
1275,04390300402010,2,3
1276,04390300402010,2,5
1277,04390300402012,2,2
1278,04390300402012,2,3
1279,04390300601002,2,9
1280,04390300601003,2,9
1281,04390300601004,2,4
1282,04390300601004,2,5
1283,04390300601005,2,9
1284,04390300601006,2,4
1285,04390300601006,2,5
1286,04390300601007,2,2
1287,04390300601007,2,3
1288,04390300601008,2,9
1289,04390300601009,2,9
1290,04390300601011,2,9
1291,04390300601012,2,2
1292,04390300601012,2,5
1293,04390302201001,1,9
1294,04390302201001,2,2
1295,04390302201002,1,9
1296,04390302201002,2,2
1297,04390302201003,1,9
1298,04390302201003,2,2
1299,04390302201004,2,2
1300,04390302201004,2,5
1301,04390302201006,2,4
1302,04390302201006,2,5
1303,04390302201007,2,2
1304,04390302201007,2,3
1305,04390302201008,2,2
1306,04390302201008,2,3
1307,04390302201009,2,2
1308,04390302201009,2,3
1309,04390302201010,2,5
1310,04390302201011,2,5
1311,04390302201012,2,5
1312,04391000302001,2,4
1313,04391000302001,2,5
1314,04391000302002,2,3
1315,04391000302002,2,4
1316,05400101201011,3,1
1317,05400101201011,3,3
1318,05400101201034,3,1
1319,05400101201034,3,3
1320,05400101201057,3,1
1321,05400301101097,3,2
1322,05400401501020,3,2
1323,05400401501048,3,2
1324,05400401501076,3,2
1325,05400401501104,3,2
1326,05400401501132,3,2
1327,05400401501160,2,2
1328,05400401501188,1,3
1329,05400401501244,2,1
1330,05400601201065,2,2
1331,05400601201075,3,2
1332,05400601201085,3,2
1333,05400601201095,3,2
1334,05400601201105,3,2
1335,05400601201115,3,2
1336,05410400405001,3,9
1337,05410400405004,1,4
1338,05410400405015,1,4
1339,05410400405026,1,4
1340,05410400405037,1,4
1341,05410400405048,1,4
1342,05410400405059,3,2
1343,05410400405070,3,2
1344,05410400405081,1,4
1345,05410400405081,3,2
1346,05410400405081,3,5
1347,05410400405092,1,4
1348,05410400405103,1,4
1349,05410400405103,3,9
1350,05410400405114,1,4
1351,05410400634003,1,4
1352,05410400634019,1,4
1353,05410400634035,1,4
1354,05410400634051,1,4
1355,05410400634067,1,4
1356,05410400634115,1,9
1357,05410400634131,1,4
1358,05410400634147,1,4
1359,05410400634163,1,4
1360,05410400634179,1,4
1361,05410403801014,3,9
1362,05410403801023,2,1
1363,05410403801041,2,9
1364,05410403801050,2,3
1365,05410403801059,2,9
1366,05410403801068,2,9
1367,05410415801014,3,2
1368,05410415801054,3,1
1369,05410415801093,2,1
1370,05410600103036,1,4
1371,05410600103044,1,9
1372,05410600103052,1,9
1373,05410600103060,1,9
1374,05410600103084,1,4
1375,05410600103084,3,2
1376,05410700901105,2,7
1377,06460500108005,2,1
1378,06460500108008,1,1
1379,06460500108008,1,4
1380,06460500108009,1,1
1381,06460500108009,1,4
1382,06460500108010,1,1
1383,06460500108011,1,1
1384,06460500108012,1,1
1385,06460701104076,2,9
1386,06470300204001,1,1
1387,06470300204001,1,4
1388,06470300204002,1,1
1389,06470300204002,1,4
1390,06470300204003,1,1
1391,06470300204003,1,5
1392,06470300204004,1,1
1393,06470300204004,1,4
1394,06470300204005,1,1
1395,06470300204005,1,4
1396,06470300204006,1,1
1397,06470300204010,1,1
1398,06470300204010,1,4
1399,06470300314003,1,1
1400,06470300314004,1,1
1401,06470300314005,1,1
1402,06470300314008,1,1
1403,06470300314009,1,1
1404,06470300314011,1,1
1405,06470305101002,2,2
1406,06470305101002,2,5
1407,06470305101012,1,4
1408,06470305101012,1,5
1409,06480200101001,1,1
1410,06480200101001,1,4
1411,06480200101002,1,1
1412,06490800103007,1,1
1413,06490800103007,1,4
1414,06490800103011,1,1
1415,07500600204010,2,2
1416,07500600204010,2,3
1417,07500600204024,2,2
1418,07500600204024,2,5
1419,07500600204038,2,2
1420,07500600204038,2,3
1421,07500600204066,2,2
1422,07500600204066,2,5
1423,07500600204080,2,2
1424,07500600204080,2,3
1425,07500600204094,2,2
1426,07500600204094,2,4
1427,07500600204108,2,2
1428,07500600204108,2,4
1429,07500600204122,2,2
1430,07500600204122,2,5
1431,07500600204150,2,2
1432,07500600204150,2,5
1433,07500600204164,2,2
1434,07500600204164,2,5
1435,07500601802001,2,2
1436,07500601802013,2,1
1437,07500601802013,2,4
1438,07500601802023,2,3
1439,07500601802023,2,5
1440,07500601802044,2,5
1441,07500601802053,2,2
1442,07500601802053,2,4
1443,07500601802063,2,2
1444,07500601802073,2,2
1445,07500601802073,2,5
1446,07500601802083,1,4
1447,07500601802087,2,2
1448,07500901704001,2,4
1449,07500901704001,2,5
1450,07500901704002,2,4
1451,07500901704002,2,5
1452,07500901704003,2,2
1453,07500901704003,2,4
1454,07500901704004,2,2
1455,07500901704004,2,3
1456,07500901704005,2,4
1457,07500901704005,2,5
1458,07500901704025,2,2
1459,07500901704025,2,5
1460,07500901704049,2,4
1461,07500901704049,2,5
1462,07500901704073,2,4
1463,07500901704073,2,5
1464,07500901704097,2,2
1465,07500901704097,2,5
1466,07500901704101,2,2
1467,07500901704101,2,4
1468,07500901704121,2,2
1469,07500901704121,2,4
1470,07500901704145,2,4
1471,07500901704145,2,5
1472,07501400105001,1,9
1473,07501400105002,3,9
1474,07501400105005,1,4
1475,07501400105005,1,5
1476,07501400105006,1,4
1477,07501400105006,1,5
1478,07510100104001,2,2
1479,07510100104012,1,9
1480,07511000702001,2,2
1481,07511000702001,2,4
1482,07511000702002,2,4
1483,07511000702002,2,5
1484,07511000702003,2,4
1485,07511000702003,2,5
1486,07511000702004,2,4
1487,07511000702004,2,5
1488,07511000702005,2,4
1489,07511000702005,2,5
1490,07511000702006,2,2
1491,07511000702006,2,4
1492,07511000702007,2,4
1493,07511000702007,2,5
1494,07511000702043,2,2
1495,07511000702043,2,4
1496,07511000702086,2,4
1497,07511000702086,2,5
1498,07511000702129,2,2
1499,07511000702129,2,4
1500,07511000702172,2,4
1501,07511000702172,2,5
1502,07511000702215,2,2
1503,07511000702215,2,5
1504,07511100128002,1,4
1505,07511100128002,1,5
1506,07511100128004,1,4
1507,07511100128007,1,4
1508,07511100128008,1,4
1509,07511100128011,1,4
1510,07511100128011,1,5
1511,07511100224001,1,4
1512,07511100224001,1,5
1513,07511100224002,1,4
1514,07511100224002,1,5
1515,07511100224004,1,5
1516,07511100224004,1,7
1517,07511100224005,1,6
1518,07511100224005,1,8
1519,07511100224007,1,4
1520,07511100224008,1,9
1521,07511100224009,1,4
1522,07520100101001,2,5
1523,07520100101002,2,4
1524,07520100101002,2,5
1525,07520100101003,1,4
1526,07520100101003,1,5
1527,07520100101004,2,4
1528,07520100101004,2,5
1529,07520100101005,2,4
1530,07520100101005,2,5
1531,07520100101007,1,4
1532,07520100101007,1,5
1533,07520100101009,2,5
1534,07520100101009,2,6
1535,07520100101010,2,4
1536,07520100101010,2,5
1537,07520100101011,2,3
1538,07520100101011,2,4
1539,07520100101012,2,4
1540,07520100101012,2,5
1541,07520301304006,2,2
1542,07520301304023,2,2
1543,07520301304040,2,2
1544,07520301304057,2,2
1545,07520301304074,2,2
1546,07520301304091,2,2
1547,07520301304091,2,4
1548,07520301304108,2,2
1549,07520301304125,2,2
1550,07520301304142,2,4
1551,07520301304176,2,5
1552,07520301304193,2,5
1553,07520301304193,2,6
1554,07520500901005,2,2
1555,07520500901005,2,5
1556,07520500901016,2,2
1557,07520500901027,2,2
1558,07520500901038,2,2
1559,07520500901049,2,2
1560,07520500901049,2,5
1561,07520500901060,2,4
1562,07520500901071,2,4
1563,07520500901071,2,5
1564,07520500901082,2,2
1565,07520500901082,2,5
1566,07520500901093,2,2
1567,07520500901093,2,5
1568,07520500901104,2,4
1569,07520500901104,2,5
1570,07520500901115,2,5
1571,07520500901126,2,2
1572,07520701406006,2,2
1573,07520701406006,2,5
1574,07520701406008,2,2
1575,07520701406008,2,5
1576,07520701406017,2,2
1577,07520701406026,2,2
1578,07520701406026,2,5
1579,07520701406028,2,4
1580,07520701406044,2,2
1581,07520701406044,2,5
1582,07520701406062,2,2
1583,07520701406080,2,2
1584,07520701406098,2,2
1585,07520701406116,2,4
1586,07520701406116,2,5
1587,07520701406134,2,4
1588,07520701406152,2,4
1589,07530300603004,2,2
1590,07530300603022,2,2
1591,07530300603040,2,2
1592,07530300603058,2,3
1593,07530300603058,2,5
1594,07530300603076,2,2
1595,07530300603076,2,5
1596,07530300603094,2,4
1597,07530300603094,2,5
1598,07530300603112,2,3
1599,07530300603112,2,5
1600,07530300603130,2,3
1601,07530300603130,2,5
1602,07530300603148,2,3
1603,07530300603148,2,5
1604,07530300603166,2,2
1605,07530300603184,2,2
1606,07530300603202,2,2
1607,07530302901004,2,2
1608,07530302901030,2,2
1609,07530302901056,2,1
1610,07530302901082,2,2
1611,07530302901082,2,5
1612,07530302901108,2,2
1613,07530302901134,2,2
1614,07530302901160,2,2
1615,07530302901186,2,2
1616,07530302901212,2,2
1617,07530302901238,2,2
1618,07530302901264,2,2
1619,07530302901290,2,2
1620,07530400605003,1,1
1621,07530400605003,2,5
1622,07530400605007,1,10
1623,07530400605011,1,10
1624,07530400605015,1,10
1625,07530400605019,1,10
1626,07530400605023,1,9
1627,07530400605027,1,5
1628,07530400605031,1,5
1629,07530400605035,1,9
1630,07530400605039,1,5
1631,07530400605043,1,5
1632,07530400605047,1,6
1633,07540401003002,2,2
1634,07540401003018,2,2
1635,07540401003034,2,2
1636,07540401003050,2,2
1637,07540401003066,2,2
1638,07540401003082,2,2
1639,07540401003098,2,2
1640,07540401003114,2,2
1641,07540401003130,2,2
1642,07540401003146,2,4
1643,07540401003146,2,5
1644,07540401003162,2,3
1645,07540401003178,2,4
1646,07540401003178,2,5
1647,07540401303003,2,2
1648,07540401303025,2,2
1649,07540401303047,2,2
1650,07540401303069,2,2
1651,07540401303113,2,4
1652,07540401303113,2,5
1653,07540401303157,2,4
1654,07540401303157,2,5
1655,07540401303179,2,2
1656,07540401303201,2,2
1657,07540401303223,2,2
1658,07540401303245,2,2
1659,07540700103003,1,10
1660,07540700103011,1,10
1661,07540700103019,1,9
1662,07540700103035,1,10
1663,07540700103051,1,9
1664,07540700103059,1,5
1665,07540700103075,1,4
1666,07540700103075,1,5
1667,07540700103083,1,10
1668,07540700103091,1,4
1669,07540700202001,1,6
1670,07540700202004,1,6
1671,07540700202006,1,5
1672,07540700202007,1,9
1673,07540700202008,1,9
1674,07540700202009,1,9
1675,07540700202010,1,5
1676,07540700202011,1,9
1677,07540700202012,1,9
1678,07540700315002,1,5
1679,07540700315013,1,5
1680,07540700315024,1,5
1681,07540700315035,1,5
1682,07540700315046,1,5
1683,07540700315057,1,5
1684,07540700315068,1,5
1685,07540700315090,1,5
1686,07540700315101,1,5
1687,07540700315112,1,5
1688,07540700315123,1,5
1689,07550200101001,2,2
1690,07550200101009,2,2
1691,07550200101015,2,5
1692,07550200101017,2,2
1693,07550200101025,2,2
1694,07550200101025,2,5
1695,07550200101033,2,4
1696,07550200101041,2,4
1697,07550200101041,2,5
1698,07550200101049,2,4
1699,07550200101049,2,5
1700,07550200101054,2,2
1701,07550200101057,2,2
1702,07550200101057,2,4
1703,07550200101065,2,2
1704,07550200101065,2,5
1705,07550200101093,2,2
1706,07550200101093,2,5
1707,07550200109015,2,5
1708,07550200109033,1,10
1709,07550200109033,2,5
1710,07550200109033,2,11
1711,07550200109069,1,10
1712,07550200109087,1,9
1713,07550200109105,1,9
1714,07550200109123,1,9
1715,07550200109141,1,9
1716,07550200109177,2,2
1717,07551300102003,1,9
1718,07551300102041,1,9
1719,07551300102098,1,9
1720,07551300102117,1,9
1721,07551300102136,1,9
1722,07551300102155,1,9
1723,07551300102174,1,9
1724,07551300102193,1,9
1725,07551300102212,1,9
1726,07551300102212,2,9
1727,07551300206004,1,9
1728,07551300206021,1,9
1729,07551300206174,1,9
1730,07551300314002,2,5
1731,07551300314019,1,1
1732,07551300314036,1,9
1733,07551300314053,1,1
1734,07551300314070,2,5
1735,07551300314087,1,1
1736,07551300314104,1,1
1737,07551300314104,2,5
1738,07551300314121,1,10
1739,07551300314121,2,5
1740,07551300314121,2,11
1741,07551300314121,3,9
1742,07551300314138,1,1
1743,07551300314138,2,1
1744,07551300314155,1,10
1745,07551300314172,3,1
1746,07551300314189,1,1
1747,07551300314189,1,8
1748,07560200303097,1,9
1749,07560200303113,1,9
1750,07560200303129,1,9
1751,07560200303161,1,9
1752,07560200303177,1,9
1753,07560201903003,1,4
1754,07560201903003,1,5
1755,07560201903017,2,2
1756,07560201903024,2,4
1757,07560201903024,2,5
1758,07560201903038,2,4
1759,07560201903038,2,5
1760,07560201903050,2,2
1761,07560201903052,2,4
1762,07560201903052,2,5
1763,07560201903059,2,4
1764,07560201903059,2,5
1765,07560201903118,2,2
1766,07560201903186,2,2
1767,07560202402006,2,2
1768,07560202402021,2,2
1769,07560202402029,2,2
1770,07560202402029,2,5
1771,07560202402038,2,2
1772,07560202402052,2,2
1773,07560202402055,2,2
1774,07560202402072,1,1
1775,07560202402072,2,2
1776,07560202402106,2,2
1777,07560202402123,2,2
1778,07560202402123,2,3
1779,07560202402140,1,1
1780,07560202402140,2,2
1781,07570900601001,1,1
1782,07570900601001,1,5
1783,07570900601002,1,5
1784,07570900601002,1,6
1785,07570900601003,1,4
1786,07570900601003,1,5
1787,07570900601004,1,4
1788,07570900601004,1,5
1789,07570901802001,2,2
1790,07570901802001,2,3
1791,07570901802002,1,5
1792,07570901802002,1,7
1793,07570901802002,2,4
1794,07570901802002,2,5
1795,07580100101001,1,9
1796,07580100101003,2,5
1797,07580100101009,2,2
1798,07580100101039,2,2
1799,07580100101075,1,9
1800,07580100101093,1,9
1801,07580100101111,1,9
1802,07580100101129,1,9
1803,07580100101147,1,9
1804,07580600101004,2,2
1805,07580600101022,2,2
1806,07580600101040,2,2
1807,07580600101058,2,2
1808,07580600101058,2,7
1809,07580600101076,2,5
1810,07580600101094,2,4
1811,07580600101094,2,5
1812,07580600101112,2,5
1813,07580600101130,2,2
1814,07580600101148,2,2
1815,07580600101166,2,2
1816,07580600101166,2,3
1817,07580600101184,2,5
1818,07580600101202,2,2
1819,07580601309023,2,2
1820,07580601309023,2,3
1821,07580601309042,2,2
1822,07580601309042,2,3
1823,07580601309061,2,2
1824,07580601309080,2,2
1825,07580601309099,2,2
1826,07580601309118,2,2
1827,07580601309137,2,2
1828,07580601309156,2,2
1829,07580601309175,2,4
1830,07580601309175,2,5
1831,07580601309194,2,6
1832,07580601309213,2,4
1833,07580601309213,2,5
1834,07581600112205,1,9
1835,07581600302008,2,5
1836,07581600302024,1,9
1837,07581600302024,2,5
1838,07581600302040,1,9
1839,07581600302056,1,9
1840,07581600302072,1,9
1841,07581600302088,1,9
1842,07581600302104,1,9
1843,07581600302120,1,9
1844,07581600302152,1,9
1845,07581600302168,1,9
1846,07581600302184,1,9
1847,07581600407008,1,4
1848,07581600407008,1,10
1849,07581600407023,1,1
1850,07581600407038,1,10
1851,07581600407053,1,10
1852,07581600407068,1,10
1853,07581600407083,1,1
1854,07581600407083,1,4
1855,07581600407113,1,1
1856,07581600407128,1,1
1857,07581600407128,1,10
1858,07581600407158,1,1
1859,07581600407158,1,9
1860,07581600407173,1,6
1861,07590401603002,1,5
1862,07590401603002,1,6
1863,07590700102108,1,9
1864,07590700102125,1,9
1865,07590700102142,1,9
1866,07590700102159,1,9
1867,07590700102176,2,9
1868,07590700102193,1,9
1869,07600102304001,2,3
1870,07600102304001,2,5
1871,07600102304002,2,5
1872,07600102304003,2,2
1873,07600102304003,2,5
1874,07600102304010,1,1
1875,07610101505009,2,2
1876,07610101505015,2,2
1877,07610101505015,2,7
1878,07610101505024,1,1
1879,07610101505042,1,4
1880,07610101505058,2,2
1881,07610101505060,1,4
1882,07610101505107,2,2
1883,07610101604150,2,2
1884,07620300101001,1,9
1885,07620300101001,2,5
1886,07620300101002,1,9
1887,07620300101007,1,9
1888,07620300101007,2,9
1889,07620300101020,1,9
1890,07620300101038,1,9
1891,07620300101074,1,1
1892,07620300101092,1,1
1893,07620300101146,1,1
1894,07630101203007,1,1
1895,07630101203023,2,2
1896,07630101203071,2,3
1897,07630101203071,2,4
1898,07630101203087,2,2
1899,07630101203087,2,4
1900,07630101203103,2,4
1901,07630101203103,2,5
1902,07630101203135,2,4
1903,07630101203135,2,5
1904,07630101203151,2,4
1905,07630101203167,2,4
1906,07630101203167,2,5
1907,07630101203183,2,4
1908,07630101203183,2,5
1909,07630102501005,2,2
1910,07630102501023,2,2
1911,07630102501041,2,2
1912,07630102501059,2,2
1913,07630102501077,2,5
1914,07630102501095,2,4
1915,07630102501095,2,5
1916,07630102501113,2,4
1917,07630102501149,2,2
1918,07630102501167,2,2
1919,07630102501185,2,4
1920,07630102501185,2,5
1921,07630102501203,2,2
1922,07630102501203,2,4
1923,07640101801038,2,2
1924,07640101801119,2,2
1925,07640101801138,2,2
1926,07640101801157,2,2
1927,07640300502005,2,2
1928,07640300502005,2,3
1929,07640300502023,2,4
1930,07650101206007,2,4
1931,07650101206043,2,4
1932,07650101206061,2,4
1933,07650101206097,2,2
1934,07650101206115,2,2
1935,07650101206133,2,2
1936,07650101206151,2,2
1937,07650101206151,2,5
1938,07650101206169,2,2
1939,07650101206169,2,5
1940,07650101206187,2,2
1941,07650101206187,2,5
1942,07650105703009,2,2
1943,07650105703027,2,2
1944,07650105703045,2,2
1945,07650105703063,2,2
1946,07650105703081,2,2
1947,07650105703081,2,5
1948,07650105703099,2,2
1949,07650105703099,2,5
1950,07650105703117,2,2
1951,07650105703117,2,5
1952,07650105703135,2,2
1953,07650105703135,2,5
1954,07650105703153,2,4
1955,07650105703171,2,4
1956,07650105703189,2,4
1957,07650105703207,2,4
1958,07650105703207,2,5
1959,07661900106007,1,6
1960,07661900106009,1,9
1961,07661900106010,1,6
1962,07661900106011,1,9
1963,07661900421049,1,5
1964,07661900421094,1,5
1965,07661900421103,1,5
1966,07661900703002,1,9
1967,07661900703011,1,10
1968,07661900703012,1,9
1969,07661900703020,1,10
1970,07661900703056,1,10
1971,07661900703074,1,9
1972,07661900703092,1,10
1973,07661900703146,1,10
1974,07661900703164,1,9
1975,07661900703200,1,1
1976,12670300101006,1,4
1977,12670300101006,1,5
1978,12670500701012,1,4
1979,12670500701012,1,5
1980,12670600303004,1,4
1981,12670600303011,1,1
1982,12670600303011,1,4
1983,12680100101001,1,1
1984,12680100101001,1,4
1985,12680100101004,1,1
1986,12680100101004,1,4
1987,12680100101008,1,1
1988,12680100101008,1,4
1989,12680100101011,1,1
1990,12680100101011,1,4
1991,13700100405007,3,9
1992,13700100405008,2,1
1993,13700100405008,2,4
1994,13700100405009,1,3
1995,13700100405009,1,5
1996,13700100405009,2,1
1997,13700100405009,2,5
1998,13700100405009,3,1
1999,13700100405010,3,1
2000,13700100405010,3,3
2001,13700100901001,1,9
2002,13700100901002,1,9
2003,13700100901003,3,5
2004,13700100901004,1,9
2005,13700100901007,1,1
2006,13700100901008,1,9
2007,13700100901010,1,9
2008,13700100901012,1,9
2009,13700101407001,1,9
2010,13700101407002,3,5
2011,13700101407010,1,9
2012,13700101901001,1,1
2013,13700101901001,3,5
2014,13700101901002,1,9
2015,13700101901003,3,9
2016,13700101901004,3,9
2017,13700101901005,3,9
2018,13700101901006,3,9
2019,13700101901007,2,9
2020,13700101901008,1,9
2021,13700101901009,1,9
2022,13700101901010,2,8
2023,13700101901011,3,8
2024,13700101901012,3,8
2025,14720100113006,1,8
2026,14720100113007,1,9
2027,14720100113008,1,9
2028,14720100113009,1,9
2029,14720100113010,1,9
2030,14720100113011,1,9
2031,14720100113013,1,9
2032,14720100113014,1,9
2033,14720100113015,1,9
2034,14720100113016,1,9
2035,14720100113017,1,9
2036,14720100113019,1,9
2037,14720100113020,1,9
2038,14720100211001,1,9
2039,14720100211002,1,9
2040,14720100211003,1,9
2041,14720100211004,1,9
2042,14720100211006,1,9
2043,14720100211007,1,9
2044,14720100211008,1,9
2045,14720100211009,1,1
2046,14720100211010,1,9
2047,14720100211011,1,9
2048,14720100211012,1,9
2049,14720100211013,1,9
2050,14720100211014,1,9
2051,14720100211016,1,9
2052,14720100211017,1,9
2053,14720100211019,1,9
2054,14720100211020,1,9
2055,14720100222001,1,5
2056,14720100222002,1,5
2057,14720100222002,1,7
2058,14720100222003,1,5
2059,14720100222003,1,7
2060,14720100222004,1,7
2061,14720100222004,1,9
2062,14720100222005,1,5
2063,14720100222005,3,3
2064,14720100222005,3,5
2065,14720100222006,1,5
2066,14720100222007,1,9
2067,14720100222008,1,3
2068,14720100222008,1,5
2069,14720100222009,1,3
2070,14720100222009,1,5
2071,14720100222010,1,5
2072,14720100222011,1,5
2073,14720100222011,1,6
2074,14720100222012,1,5
2075,14720100222012,1,11
2076,14720100222013,1,3
2077,14720100222013,1,5
2078,14720100222014,1,3
2079,14720100222014,1,5
2080,14720100222016,1,4
2081,14720100222016,1,5
2082,14720100222017,1,3
2083,14720100222017,1,5
2084,14720100222018,1,5
2085,14720100222019,1,5
2086,14720100222020,1,5
2087,14720100315001,1,9
2088,14720100315003,1,9
2089,14720100315005,1,9
2090,14720100315012,1,9
2091,14720100315047,1,9
2092,14720100315054,1,9
2093,14720100315061,1,4
2094,14720100315068,1,4
2095,14720100315075,1,9
2096,14720100315082,1,9
2097,14720100315089,1,9
2098,14720100315096,1,9
2099,14720100315103,1,9
2100,14720100315110,1,1
2101,14720100315117,1,9
2102,14720100315124,1,9
2103,14720100315138,1,9
2104,14720100326001,1,9
2105,14720100326002,1,9
2106,14720100326003,1,9
2107,14720100326004,1,9
2108,14720100326005,1,9
2109,14720100326006,1,9
2110,14720100326007,1,9
2111,14720100326008,1,9
2112,14720100326009,1,9
2113,14720100326010,1,9
2114,14720100326011,1,9
2115,14720100326012,1,9
2116,14720100326013,1,9
2117,14720100326014,1,9
2118,14720100326015,1,9
2119,14720100326016,1,9
2120,14720100326018,1,9
2121,14720100326019,1,9
2122,14720100326020,1,9
2123,14720100406001,1,9
2124,14720100406002,1,5
2125,14720100406003,1,9
2126,14720100406004,1,5
2127,14720100406005,3,9
2128,14720100406006,1,9
2129,14720100406007,1,9
2130,14720100406011,1,7
2131,14720100512001,1,1
2132,14720100512001,1,4
2133,14720100512003,1,1
2134,14720100512003,1,4
2135,14720100512006,1,1
2136,14720100512007,1,1
2137,14720100512007,1,4
2138,14720100512008,1,1
2139,14720100512008,1,4
2140,14720100512009,1,1
2141,14720100512009,1,4
2142,14720100512011,1,1
2143,14720100512011,1,4
2144,14720100512012,1,1
2145,14720100512012,1,4
2146,14720100512013,1,1
2147,14720100512013,1,4
2148,14720100512014,1,1
2149,14720100512015,1,1
2150,14720100512015,1,4
2151,14720100512016,1,1
2152,14720100512017,1,1
2153,14720100512017,1,4
2154,14720100512018,1,1
2155,14720100512020,1,1
2156,14720100549006,1,4
2157,14720100549006,1,6
2158,14720100549012,1,4
2159,14720100549012,1,6
2160,14720100549018,1,4
2161,14720100549018,1,6
2162,14720100549024,1,6
2163,14720100549030,1,1
2164,14720100549036,1,4
2165,14720100549036,1,6
2166,14720100549042,1,6
2167,14720100549054,1,4
2168,14720100549054,1,6
2169,14720100549066,1,6
2170,14720100549078,1,6
2171,14720100549090,1,4
2172,14720100549090,1,6
2173,14720100549096,1,4
2174,14720100549096,1,6
2175,14720100549102,1,6
2176,14720100549114,1,4
2177,14720100549114,1,6
2178,14720100549120,1,6
2179,14720100560001,1,4
2180,14720100560002,1,4
2181,14720100560007,1,4
2182,14720100560008,1,9
2183,14720100560017,1,4
2184,14720100560017,1,5
2185,14720100560024,1,9
2186,14720100560031,1,7
2187,14720100560038,1,5
2188,14720100560038,1,7
2189,14720100560059,1,1
2190,14720100560066,1,1
2191,14720100560073,1,4
2192,14720100560080,1,9
2193,14720100633002,1,4
2194,14720100633003,1,9
2195,14720100633004,1,9
2196,14720100633005,1,9
2197,14720100633007,1,4
2198,14720100633008,1,9
2199,14720100633019,1,4
2200,14720100633058,1,9
2201,14720100633064,1,9
2202,14720100633070,1,9
2203,14720100633076,1,9
2204,14720100633082,1,9
2205,14720100633088,1,9
2206,14720100633094,1,9
2207,14720100633100,1,9
2208,14720100633106,1,9
2209,14720100633117,1,9
2210,14720100702001,1,3
2211,14720100702001,1,5
2212,14720100702002,1,1
2213,14720100702002,1,5
2214,14720100702003,1,1
2215,14720100702003,1,5
2216,14720100702003,5,1
2217,14720100702003,5,5
2218,14720100702004,1,5
2219,14720100702004,1,6
2220,14720100702005,1,4
2221,14720100702005,1,5
2222,14720100702006,1,4
2223,14720100702006,1,5
2224,14720100702007,1,5
2225,14720100702008,1,5
2226,14720100702008,1,6
2227,14720100702009,1,4
2228,14720100702009,1,5
2229,14720100702010,1,4
2230,14720100702010,1,5
2231,14720100702011,1,4
2232,14720100702011,1,5
2233,14720100702012,1,4
2234,14720100702012,1,5
2235,14720100702013,1,4
2236,14720100702013,1,5
2237,14720100702013,2,4
2238,14720100702013,2,5
2239,14720100702014,1,5
2240,14720100702014,1,6
2241,14720100702015,1,5
2242,14720100702015,1,6
2243,14720100702015,2,3
2244,14720100702015,2,5
2245,14720100702016,1,5
2246,14720100702016,1,6
2247,14720100702017,1,3
2248,14720100702017,1,4
2249,14720100702018,1,4
2250,14720100702018,1,5
2251,14720100702019,1,5
2252,14720100702019,1,6
2253,14720100702020,1,5
2254,14730200238003,1,9
2255,14730200238022,1,9
2256,14730200238041,1,9
2257,14730200238060,1,9
2258,14730200238079,1,9
2259,14730200238098,1,5
2260,14730200238117,1,9
2261,14730200238155,1,9
2262,14730200238174,1,9
2263,14730200238193,1,9
2264,14730200238212,1,5
2265,14730200527001,1,1
2266,14730200527002,1,1
2267,14730200527002,2,1
2268,14730200527003,1,1
2269,14730200527003,1,5
2270,14730200527004,1,9
2271,14730200527005,1,1
2272,14730200527006,1,1
2273,14730200527006,5,1
2274,14730200527007,1,1
2275,14730200527008,1,1
2276,14730200527009,1,1
2277,14730200527010,1,1
2278,14730200527012,1,1
2279,14730200833004,1,1
2280,14730200833016,1,1
2281,14730200833021,1,1
2282,14730200833123,1,4
2283,14730200833157,1,9
2284,14730200833174,1,4
2285,14730200833191,1,9
2286,14740300273001,1,6
2287,14740300273002,1,6
2288,14740300273005,1,6
2289,14740300273006,1,6
2290,14740300273007,1,6
2291,14740300273010,1,6
2292,14740300273012,1,9
2293,14740300546013,1,4
2294,14740300546085,1,4
2295,14740300546121,1,10
2296,14740300546133,1,4
2297,14740301003161,1,9
2298,14740301003176,1,9
2299,14740301003180,1,9
2300,14740301003222,1,9
2301,14740301003246,1,9
2302,14740301003246,5,9
2303,14740301003268,1,9
2304,14750400317001,1,3
2305,14750400317001,1,5
2306,14750400317001,5,3
2307,14750400317001,5,5
2308,14750400317003,1,1
2309,14750400317004,1,1
2310,14750400317005,1,1
2311,14750400317006,1,8
2312,14750400317007,1,8
2313,14750400317008,1,1
2314,14750400317009,1,1
2315,14750400317010,1,1
2316,14750400317011,1,1
2317,14750400317012,1,1
2318,14750400612001,1,5
2319,14750400612002,1,4
2320,14750400612002,1,5
2321,14750400612003,1,9
2322,14750400612004,1,9
2323,14750400612005,1,7
2324,14750400612006,1,1
2325,14750400612007,1,1
2326,14750400612008,1,1
2327,14750400612008,1,9
2328,14750400612009,1,1
2329,14750400612009,1,7
2330,14750400612010,1,1
2331,14750400612011,1,1
2332,14750400612011,1,4
2333,14750400612011,5,1
2334,14750400612011,5,4
2335,14750400612012,1,1
2336,14750401001001,1,1
2337,14750401001002,1,1
2338,14750401001003,1,1
2339,14750401001004,1,1
2340,14750401001005,1,1
2341,14750401001006,1,1
2342,14750401001007,1,1
2343,14750401001008,1,1
2344,14750401001009,1,1
2345,14750401001010,1,1
2346,14750401001011,1,1
2347,14750401001012,1,1
2348,14760500307001,1,1
2349,14760500307002,1,1
2350,14760500307004,1,1
2351,14760500307006,1,1
2352,14760500307008,1,1
2353,14760500307009,1,1
2354,14760500307010,1,1
2355,14760500307015,1,1
2356,14760500307016,1,1
2357,14760500307017,1,1
2358,14760500307018,1,1
2359,14760500307020,1,1
2360,14760500318001,1,1
2361,14760500318002,1,4
2362,14760500318002,1,5
2363,14760500318003,1,9
2364,14760500318005,1,4
2365,14760500318007,1,1
2366,14760500318008,1,1
2367,14760500318009,1,4
2368,14760500318010,1,1
2369,14760500318011,1,9
2370,14760500318012,1,1
2371,14760500318013,1,1
2372,14760500318014,1,9
2373,14760500318015,1,1
2374,14760500318017,1,1
2375,14760500318018,1,9
2376,14760500318019,1,1
2377,14760500318020,1,10
2378,14760500330003,1,4
2379,14760500330003,1,7
2380,14760500330004,1,9
2381,14760500330005,1,1
2382,14760500330007,1,4
2383,14760500330008,1,4
2384,14760500330009,1,4
2385,14760500330010,1,4
2386,14760500330012,1,9
2387,14760500330013,1,4
2388,14760500330015,1,9
2389,14760500330016,1,1
2390,14760500330016,1,4
2391,14760500330017,3,9
2392,14760500330018,3,9
2393,14760500330019,1,9
2394,14760500330021,1,1
2395,14760500409001,1,9
2396,14760500409003,1,1
2397,14760500409004,1,1
2398,14760500409006,1,1
2399,14760500409008,1,1
2400,14760500409009,1,1
2401,14760500409010,1,1
2402,14760500409011,1,1
2403,14760500409012,1,1
2404,14760500409013,1,1
2405,14760500409014,1,1
2406,14760500409015,1,1
2407,14760500409016,1,1
2408,14760500409017,1,1
2409,14760500409018,1,1
2410,14760500409020,1,1
2411,14760500430001,1,9
2412,14760500430002,1,9
2413,14760500430003,1,9
2414,14760500430004,1,9
2415,14760500430006,1,9
2416,14760500430007,1,9
2417,14760500430008,1,1
2418,14760500430009,1,9
2419,14760500430010,1,9
2420,14760500430011,1,9
2421,14760500430013,1,9
2422,14760500430014,1,9
2423,14760500430015,1,9
2424,14760500430016,1,9
2425,14760500430017,1,9
2426,14760500430018,1,9
2427,14760500430019,1,9
2428,14760500430020,1,9
2429,14760500507001,1,1
2430,14760500507003,1,1
2431,14760500507004,1,9
2432,14760500507006,1,1
2433,14760500507007,1,1
2434,14760500507008,1,1
2435,14760500507009,1,1
2436,14760500507010,1,9
2437,14760500507011,1,9
2438,14760500507012,1,9
2439,14760500507013,1,9
2440,14760500507014,1,1
2441,14760500507015,1,1
2442,14760500507016,1,1
2443,14760500507017,1,1
2444,14760500507018,1,1
2445,14760500507018,1,9
2446,14760500507019,1,1
2447,14760500517001,1,4
2448,14760500517001,1,5
2449,14760500517002,1,1
2450,14760500517002,1,4
2451,14760500517003,1,4
2452,14760500517003,1,5
2453,14760500517005,1,4
2454,14760500517005,1,5
2455,14760500517006,1,4
2456,14760500517007,1,4
2457,14760500517007,1,5
2458,14760500517008,1,4
2459,14760500517008,1,5
2460,14760500517009,1,4
2461,14760500517010,1,1
2462,14760500517010,1,4
2463,14760500517011,1,4
2464,14760500517011,1,5
2465,14760500517012,1,4
2466,14760500517012,1,5
2467,14760500517013,1,1
2468,14760500517013,1,4
2469,14760500517014,1,1
2470,14760500517014,1,4
2471,14760500517015,1,1
2472,14760500517015,1,4
2473,14760500517016,1,1
2474,14760500517016,1,4
2475,14760500517018,1,1
2476,14760500517018,1,4
2477,14760500517019,1,1
2478,14760500517019,1,4
2479,14760500517020,1,1
2480,14760500517020,1,4
2481,14760500517044,1,4
2482,14760500517044,1,5
2483,14760500527001,1,1
2484,14760500527001,1,6
2485,14760500527002,1,4
2486,14760500527004,1,4
2487,14760500527005,1,5
2488,14760500527006,1,1
2489,14760500527006,1,4
2490,14760500527007,1,1
2491,14760500527007,1,4
2492,14760500527008,1,4
2493,14760500527008,1,5
2494,14760500527009,1,1
2495,14760500527009,1,4
2496,14760500527010,1,4
2497,14760500527011,1,4
2498,14760500527011,1,5
2499,14760500527012,1,3
2500,14760500527012,1,4
2501,14760500527013,1,4
2502,14760500527013,1,5
2503,14760500527014,1,1
2504,14760500527014,1,4
2505,14760500527015,1,4
2506,14760500527015,1,5
2507,14760500527016,1,4
2508,14760500527017,1,3
2509,14760500527017,1,4
2510,14760500527018,1,1
2511,14760500527018,1,4
2512,14760500527019,1,1
2513,14760500527019,1,4
2514,14760500527020,1,5
2515,14760500532001,1,4
2516,14760500532002,1,1
2517,14760500532003,1,1
2518,14760500532004,1,1
2519,14760500532005,1,1
2520,14760500532005,2,5
2521,14760500532006,1,1
2522,14760500532007,1,1
2523,14760500532008,1,1
2524,14760500532009,1,1
2525,14760500532011,1,1
2526,14760500532012,1,1
2527,14760500532013,1,1
2528,14760500532015,1,9
2529,14760500532016,1,9
2530,14760500532017,1,1
2531,14760500532018,1,1
2532,14760500532019,1,9
2533,14760500532020,1,1
2534,14760500613002,1,1
2535,14760500613003,1,9
2536,14760500613004,1,8
2537,14760500613005,1,9
2538,14760500613006,1,9
2539,14760500613007,5,9
2540,14760500613008,1,9
2541,14760500613009,1,9
2542,14760500613010,1,6
2543,14760500613011,1,9
2544,14760500613013,1,9
2545,14760500613015,1,8
2546,14760500613016,1,9
2547,14760500613017,1,9
2548,14760500613018,1,1
2549,14760500613018,1,9
2550,14760500613019,1,1
2551,14760500613020,1,9
2552,14760500802001,1,1
2553,14760500802001,1,6
2554,14760500802002,1,9
2555,14760500802004,1,1
2556,14760500802004,1,4
2557,14760500802005,1,4
2558,14760500802005,1,5
2559,14760500802006,1,1
2560,14760500802008,1,1
2561,14760500802009,1,1
2562,14760500802010,1,1
2563,14760500802011,1,1
2564,14760500802012,1,1
2565,14760500802017,1,1
2566,14760500802017,1,4
2567,14760500802018,1,1
2568,14760500802018,1,5
2569,14760500802019,1,4
2570,14760500802019,1,5
2571,14760500802020,1,4
2572,14760500802020,1,5
2573,14760500802065,1,7
2574,14760500802070,1,4
2575,14760500802070,1,5
2576,14760500802075,1,3
2577,14760500802075,1,7
2578,14760500802080,1,3
2579,14760500802080,1,7
2580,14760500811002,1,3
2581,14760500811007,1,3
2582,14760500811012,1,3
2583,14760500811017,1,3
2584,14760500811027,1,4
2585,14760500811032,1,10
2586,14760500811042,1,4
2587,14760500811047,1,4
2588,14760500811052,1,4
2589,14760500811057,1,4
2590,14760500811062,1,1
2591,14760500811062,1,4
2592,14760500811072,1,1
2593,14760500811077,1,4
2594,14760500811077,1,5
2595,14760500811082,1,9
2596,14760500811087,1,4
2597,14760500811087,1,7
2598,14760500811092,1,4
2599,14760500811092,1,5
2600,14760500811097,1,4
2601,14770600201001,1,1
2602,14770600201002,1,9
2603,14770600201004,1,9
2604,14770600201008,1,9
2605,14770600201011,1,1
2606,14770600201011,1,4
2607,14770600201012,1,10
2608,14770600201017,1,4
2609,14770600305002,1,3
2610,14770600305004,1,6
2611,14770600305006,1,6
2612,14770600305009,1,3
2613,14770600305010,1,3
2614,14770600305011,1,1
2615,14770600305011,1,6
2616,14770600305012,1,1
2617,14770600305012,1,6
2618,14770600305013,1,1
2619,14770600305013,1,6
2620,14770600305014,1,1
2621,14770600305015,1,1
2622,14770600305016,1,6
2623,14770600305017,1,1
2624,14770600305017,1,4
2625,14770600305019,1,6
2626,14770600305020,1,7
2627,14770600305022,1,6
2628,14770600404001,1,9
2629,14770600404002,1,4
2630,14770600404002,1,5
2631,14770600404003,1,4
2632,14770600404005,1,4
2633,14770600404006,1,4
2634,14770600404007,1,1
2635,14770600404007,1,4
2636,14770600404010,1,4
2637,14770600404011,1,4
2638,14770600404012,1,4
2639,14770600404013,1,5
2640,14770600404014,1,1
2641,14770600404014,1,3
2642,14770600404015,1,1
2643,14770600404015,1,3
2644,14770600404016,1,7
2645,14770600528001,1,4
2646,14770600528001,1,5
2647,14770600528002,1,4
2648,14770600528002,1,7
2649,14770600528010,1,4
2650,14770600528010,1,7
2651,14770600528014,1,8
2652,14770600528015,1,9
2653,14770600528016,1,4
2654,14770600528017,1,9
2655,14770600528018,1,4
2656,14770600528018,1,7
2657,14770600528034,1,4
2658,14770600528034,1,5
2659,14770600528042,1,4
2660,14770600528042,1,5
2661,14770600528058,1,4
2662,14770600528074,1,9
2663,14770600528090,1,3
2664,14770600528098,1,10
2665,14770600528099,1,4
2666,14770600528146,1,9
2667,14770600625001,1,4
2668,14770600625008,1,4
2669,14770600625011,1,4
2670,14770600625012,1,4
2671,14770600625013,1,4
2672,14770600625015,1,4
2673,14770600625016,1,4
2674,14770600625017,1,4
2675,14770600625018,1,4
2676,14770600625019,1,4
2677,14770600625020,1,4
2678,14770600625022,1,4
2679,14770600625029,1,4
2680,14770600625036,1,4
2681,14770600625043,1,4
2682,14770600625050,1,4
2683,14770600625064,1,4
2684,14770600625064,1,5
2685,14770600929003,1,9
2686,14770600929016,1,8
2687,14770600929016,1,9
2688,14770600929017,1,5
2689,14780700220001,1,4
2690,14780700220001,1,5
2691,14780700220001,2,4
2692,14780700220001,2,5
2693,14780700220002,1,4
2694,14780700220002,2,4
2695,14780700220002,2,7
2696,14780700220003,1,4
2697,14780700220004,1,9
2698,14780700220005,1,4
2699,14780700220005,1,5
2700,14780700220006,1,4
2701,14780700220007,1,4
2702,14780700220007,1,5
2703,14780700220008,1,4
2704,14780700220008,1,5
2705,14780700220009,1,4
2706,14780700220009,1,5
2707,14780700220011,1,4
2708,14780700220012,1,4
2709,14780700220012,1,5
2710,14780700524002,1,4
2711,14780700524004,1,4
2712,14780700524005,1,4
2713,14780700524007,1,4
2714,14780700524007,1,5
2715,14780700524008,1,4
2716,14780700524008,1,5
2717,14780700524010,1,4
2718,14780700524010,1,5
2719,14780700524011,1,4
2720,14780700524012,1,4
2721,14780700524012,1,5
2722,14780700911003,1,9
2723,14780700911004,1,4
2724,14780700911004,1,5
2725,14780700911005,1,9
2726,14780700911007,1,9
2727,14780700911008,1,5
2728,14780700911037,1,9
2729,14780700911080,1,9
2730,14780700911080,2,9
2731,14780700911089,1,5
2732,14780700911089,1,6
2733,14790800116001,1,4
2734,14790800116002,1,4
2735,14790800116003,1,1
2736,14790800116012,1,1
2737,14790800116021,1,1
2738,14790800116030,1,1
2739,14790800116033,1,4
2740,14790800116039,1,9
2741,14790800116048,1,9
2742,14790800116057,1,9
2743,14790800116093,1,4
2744,14790800116111,1,1
2745,14790800116120,1,1
2746,14790800116129,1,1
2747,14790800116138,1,1
2748,14790800116147,1,4
2749,14790800116156,1,5
2750,14790800116174,1,4
2751,14790800152001,1,6
2752,14790800152002,1,6
2753,14790800152003,1,4
2754,14790800152003,1,6
2755,14790800152010,1,6
2756,14790800152011,1,6
2757,14790800152011,1,9
2758,14790800152011,2,4
2759,14790800152011,2,5
2760,14790800152012,1,6
2761,14790800204005,1,1
2762,14790800204006,1,5
2763,14790800204006,1,8
2764,14790800204007,1,5
2765,14790800204008,1,9
2766,14790800204009,1,9
2767,14790800204010,1,9
2768,14790800217005,1,9
2769,14790800217016,1,5
2770,14790800217016,1,6
2771,14790800217020,1,6
2772,14790800503001,1,3
2773,14790800503002,1,3
2774,14790800503003,1,1
2775,14790800503003,1,5
2776,14790800514001,1,1
2777,14790800514002,1,9
2778,14790800514003,1,9
2779,14790800611001,1,1
2780,14790800611002,1,1
2781,14790800611002,1,5
2782,14790800611003,1,1
2783,14790800611004,1,1
2784,14790800611004,1,5
2785,14790800611006,1,1
2786,14790800611007,1,1
2787,14790800611007,1,4
2788,14790800611010,1,9
2789,14790800611011,1,9
2790,14790800611012,1,9
2791,14790800611013,1,9
2792,14790800611014,1,1
2793,14790800611015,1,1
2794,14790800611016,1,10
2795,14790800611017,1,1
2796,14790800611020,1,1
2797,14790800622001,1,1
2798,14790800622001,4,1
2799,14790800622003,1,1
2800,14790800622003,1,7
2801,14790800622004,1,4
2802,14790800622004,1,5
2803,14790800622005,1,4
2804,14790800622005,1,7
2805,14790800622006,1,5
2806,14790800622007,1,1
2807,14790800622008,4,1
2808,14790800622009,2,4
2809,14790800622009,2,5
2810,14790800622010,1,1
2811,14790800622010,1,4
2812,14790800622011,1,4
2813,14790800622012,1,1
2814,14790800622013,1,1
2815,14790800622014,1,1
2816,14790800622014,1,4
2817,14790800622015,1,4
2818,14790800622015,1,5
2819,14790800622016,1,4
2820,14790800622016,1,5
2821,14790800622020,1,4
2822,14790800720002,1,4
2823,14790800720002,1,5
2824,14790800720018,1,4
2825,14790800720026,1,4
2826,14790800720026,1,5
2827,14790800720034,2,5
2828,14790800720042,1,1
2829,14790800733001,1,1
2830,14790800733001,1,4
2831,14790800733001,2,2
2832,14790800733001,3,8
2833,14790800733001,4,1
2834,14790800733001,4,4
2835,14790800733002,1,5
2836,14790800733003,1,5
2837,14790800733003,2,4
2838,14790800733003,2,5
2839,14790800733004,1,1
2840,14790800733004,1,5
2841,14790800733005,1,4
2842,14790800733005,1,5
2843,14790800733006,1,5
2844,14790800733007,1,5
2845,14790800733008,1,8
2846,14790800733009,1,6
2847,14790800733011,1,1
2848,14790800733013,1,9
2849,14790800733014,1,5
2850,14790800733015,1,5
2851,14790800733016,1,1
2852,14790800733017,1,9
2853,14790800733018,1,1
2854,14790800733020,1,1
2855,14790800812002,1,9
2856,14790800812004,1,4
2857,14790800812004,1,6
2858,14790800812009,1,7
2859,14790800812009,1,9
2860,14790800812011,1,4
2861,14790800812012,1,9
2862,14790800812016,1,9
2863,14790800812018,1,5
2864,14790800812025,1,9
2865,14790800812032,1,9
2866,14790800812039,1,5
2867,14790800812046,1,4
2868,14790800812053,1,5
2869,14790800812053,1,9
2870,14790800812057,1,9
2871,14790800812060,1,9
2872,14790800812067,1,5
2873,14790800812074,1,5
2874,14790800812074,1,6
2875,14790800812081,1,4
2876,14790800812081,1,5
2877,14790800812088,1,9
2878,14790800812095,1,6
2879,14790800812095,1,8
2880,14800900214007,1,3
2881,14800900214007,1,5
2882,14800900214017,1,5
2883,14800900214027,1,5
2884,14800900214037,1,3
2885,14800900214037,1,5
2886,14800900214047,1,5
2887,14800900214057,1,3
2888,14800900214057,1,5
2889,14800900214067,1,3
2890,14800900214077,1,3
2891,14800900214097,1,3
2892,14800900214097,1,5
2893,14800900214107,1,5
2894,14800900559009,1,4
2895,14800900559020,1,4
2896,14800900559020,1,5
2897,14800900559031,1,5
2898,14800900559042,1,9
2899,14800900559064,1,5
2900,14800900559075,1,9
2901,14800900559097,1,9
2902,14800900559108,1,9
2903,14800900559130,1,4
2904,14800900559130,1,5
2905,14800900802004,1,5
2906,14800900802011,1,9
2907,14800900802018,1,5
2908,14800900802025,1,9
2909,14800900802032,1,5
2910,14800900802046,1,4
2911,14800900802046,1,5
2912,14800900802053,1,3
2913,14800900802060,1,5
2914,14800900802060,1,7
2915,14800900802067,1,3
2916,14800900802067,1,5
2917,14800900802081,1,7
2918,14811000201003,1,4
2919,14811000201023,1,10
2920,14811000201028,1,1
2921,14811000201033,2,4
2922,14811000201033,2,5
2923,14811000201038,1,1
2924,14811000201038,1,10
2925,14811000201048,1,4
2926,14811000201053,1,1
2927,14811000201058,1,10
2928,14811000527009,1,4
2929,14811000527010,1,4
2930,14811000527031,1,4
2931,14811000527042,1,9
2932,14811000527053,1,4
2933,14811000527064,1,1
2934,14811000527064,1,4
2935,14811000527086,1,1
2936,14811000527119,1,4
2937,14811000527130,1,4
2938,14811000825029,1,9
2939,14811000825037,1,9
2940,14811000825045,1,4
2941,14811000825093,1,9
2942,15710100216013,1,1
2943,15710100216013,1,3
2944,15710100216015,1,1
2945,15710100216018,1,3
2946,15710100216018,1,7
2947,15710100216020,1,7
2948,15710100216021,1,1
2949,15710100216021,1,3
2950,15710100216024,1,9
2951,15710100216025,1,9
2952,15710100216026,1,9
2953,15710100267002,1,1
2954,15710100267002,1,6
2955,15710100267004,1,3
2956,15710100267005,1,1
2957,15710100267005,1,3
2958,15710100267006,1,7
2959,15710100267007,1,6
2960,15710100267007,1,7
2961,15710100267009,1,7
2962,15710100267012,1,3
2963,15710100267012,1,7
2964,15710100415001,1,3
2965,15710100415002,1,9
2966,15710100415003,1,9
2967,15710100415005,1,9
2968,15710100415006,1,1
2969,15710100415006,1,7
2970,15710100415007,1,6
2971,15710100415008,1,9
2972,15710100415009,1,4
2973,15710100415009,1,7
2974,15710100415010,1,6
2975,15710100415011,1,7
2976,15710100415012,1,9
2977,15710100605001,1,9
2978,15710100605003,3,5
2979,15710100605005,1,9
2980,15710100605006,1,9
2981,15710100605008,1,9
2982,15710100605010,1,4
2983,15710100605010,1,6
2984,15710100605012,1,9
2985,15710100810001,1,4
2986,15710100810003,1,6
2987,15710100810004,1,6
2988,15710100810004,1,7
2989,15710100810004,3,1
2990,15710100810005,3,9
2991,15710100810006,1,7
2992,15710100810007,1,7
2993,15710100810010,1,4
2994,15710100810012,1,9
2995,15710100926001,1,7
2996,15710100926004,1,7
2997,15710100926005,1,9
2998,15710100926006,1,4
2999,15710100926006,1,7
3000,15710100926007,1,4
3001,15710100926008,1,7
3002,15710100926009,1,1
3003,15710100926010,3,7
3004,15710100926012,1,1
3005,15710101201001,2,4
3006,15710101201001,2,5
3007,15710101201002,2,5
3008,15710101201002,2,7
3009,15710101201003,2,3
3010,15710101201003,2,4
3011,15710101201004,2,2
3012,15710101201004,2,7
3013,15710101201005,2,3
3014,15710101201005,2,4
3015,15710101201007,2,2
3016,15710101201007,2,5
3017,15710101201008,2,5
3018,15710101201008,2,7
3019,15710101201010,2,2
3020,15710101201010,2,6
3021,15710101201011,2,4
3022,15710101201011,2,5
3023,15710101301136,2,2
3024,15710101301154,3,2
3025,15710101301172,3,2
3026,15710101301190,2,2
3027,15710101301208,3,2
