,HHID,I2,I30
0,01010301101004,3,7
1,01010301101004,3,8
2,01010301101005,3,6
3,01010301101005,3,7
4,01010301101005,3,8
5,01010301101012,3,6
6,01010301101012,3,7
7,01010301101012,3,8
8,01010301101016,3,6
9,01010301101016,3,7
10,01010301101016,3,8
11,01010301101020,3,6
12,01010301101020,3,7
13,01010301101020,3,8
14,01010301101022,3,6
15,01010301101022,3,7
16,01010301101022,3,8
17,01010301101028,2,6
18,01010301101028,2,7
19,01010301101028,2,8
20,01010301101028,3,6
21,01010301101028,3,7
22,01010301101028,3,8
23,01010301101034,3,6
24,01010301101034,3,7
25,01010301101034,3,8
26,01010301101040,2,6
27,01010301101040,2,7
28,01010301101040,2,8
29,01010301101046,3,6
30,01010301101046,3,7
31,01010301101046,3,8
32,01010301101052,3,6
33,01010301101052,3,7
34,01010301101052,3,8
35,01010400404008,3,6
36,01010400404008,3,7
37,01010400404008,3,8
38,01010400404027,3,6
39,01010400404027,3,7
40,01010400404027,3,8
41,01010400404027,3,9
42,01010400404046,3,6
43,01010400404046,3,7
44,01010400404046,3,8
45,01010400404060,3,6
46,01010400404060,3,7
47,01010400404060,3,8
48,01010400404060,3,9
49,01010400404060,3,10
50,01010400404060,3,11
51,01010400404103,3,6
52,01010400404103,3,7
53,01010400404103,3,8
54,01010400404103,3,9
55,01010400404103,3,10
56,01010400404122,3,6
57,01010400404122,3,7
58,01010400404122,3,8
59,01010400404122,3,9
60,01010400404122,3,10
61,01010400404122,3,11
62,01010400404141,3,6
63,01010400404141,3,7
64,01010400404141,3,8
65,01010400404141,3,9
66,01010400404141,3,10
67,01010400404160,3,6
68,01010400404160,3,7
69,01010400404160,3,8
70,01010400404160,3,9
71,01010400404160,3,10
72,01010400404160,3,11
73,01010400404178,3,6
74,01010400404178,3,7
75,01010400404178,3,8
76,01010400404197,3,6
77,01010400404197,3,7
78,01010400404197,3,8
79,01010400404197,3,9
80,01010400404197,3,10
81,01010400404216,3,6
82,01010400404216,3,7
83,01010400404216,3,8
84,01010400404216,3,9
85,01010400404216,3,10
86,01010400404216,3,11
87,01010400404216,3,12
88,01010400804087,3,6
89,01010400804087,3,7
90,01010400804087,3,8
91,01010400804147,2,6
92,01010400804147,2,7
93,01010400804147,2,8
94,01010400804207,3,6
95,01010400804207,3,7
96,01010400804207,3,8
97,01010400804227,3,6
98,01010400804227,3,7
99,01010400804227,3,8
100,01020801604014,3,6
101,01020801604014,3,7
102,01020801604014,3,8
103,01020801604064,2,8
104,01020801604064,2,9
105,01020801604064,2,10
106,01020801604064,2,11
107,01020801604074,2,6
108,01020801604074,2,7
109,01020801604074,2,8
110,01020801604074,2,9
111,01020801604135,1,7
112,01020801604135,1,8
113,01020801604135,1,9
114,01020801604135,1,10
115,01020801604170,1,7
116,01020801604170,1,8
117,01020801604170,1,9
118,01020801604170,1,10
119,01020901705002,2,6
120,01020901705002,2,7
121,01020901705002,2,8
122,01020901705002,2,9
123,01020901705018,2,7
124,01020901705018,2,8
125,01020901705018,2,9
126,01020901705018,2,10
127,01020901705034,2,9
128,01020901705034,2,10
129,01020901705034,2,11
130,01020901705066,3,6
131,01020901705066,3,7
132,01020901705066,3,8
133,01020901705082,3,6
134,01020901705082,3,7
135,01020901705082,3,8
136,01020901705178,3,6
137,01020901705178,3,7
138,01020901705178,3,8
139,01030300103004,3,7
140,01030300103004,3,8
141,01030300103082,3,6
142,01030300103082,3,7
143,01030300103082,3,8
144,01030300103082,3,9
145,01030300103095,3,6
146,01030300103095,3,7
147,01030300103095,3,8
148,01030300103095,3,9
149,01030300103108,3,7
150,01030300103108,3,8
151,01030300103108,3,9
152,01030300103134,3,6
153,01030300103134,3,7
154,01030300103134,3,8
155,01030300103147,3,7
156,01030300103147,3,8
157,01030300103147,3,9
158,01030600403012,1,5
159,01030600403012,1,6
160,01030600403012,1,7
161,01030600403012,1,8
162,01030600403036,1,8
163,01030600403036,1,9
164,01030600403036,1,10
165,01030600403049,1,6
166,01030600403049,1,7
167,01030600403049,1,8
168,01030600403049,1,9
169,01030600403092,3,5
170,01030600403092,3,6
171,01030600403092,3,7
172,01030600403116,1,7
173,01030600403116,1,8
174,01030600403116,1,9
175,01030600403116,1,10
176,01030600403138,1,1
177,01030800402028,3,6
178,01030800402028,3,7
179,01030800402028,3,8
180,01030800402028,3,9
181,01030800402067,3,6
182,01030800402067,3,7
183,01030800402067,3,8
184,01030800402067,3,9
185,01030800402132,3,7
186,01030800402132,3,8
187,01030800402132,3,9
188,01030800402145,3,7
189,01030800402145,3,8
190,01050101108006,3,6
191,01050101108006,3,7
192,01050101108006,3,8
193,01050101108019,3,6
194,01050101108019,3,7
195,01050101108019,3,8
196,01050101108032,3,6
197,01050101108032,3,7
198,01050101108032,3,8
199,01050101108045,3,6
200,01050101108045,3,7
201,01050101108045,3,8
202,01050101108058,3,6
203,01050101108058,3,7
204,01050101108058,3,8
205,01050101108071,3,6
206,01050101108071,3,7
207,01050101108071,3,8
208,01050101108071,3,9
209,01050101108071,3,10
210,01050101108071,3,11
211,01050101108084,3,6
212,01050101108084,3,7
213,01050101108084,3,8
214,01050101108097,3,1
215,01050101108097,3,6
216,01050101108097,3,7
217,01050101108097,3,8
218,01050101108097,3,9
219,01050101108097,3,10
220,01050101108097,3,11
221,01050101108097,3,12
222,01050101108110,3,6
223,01050101108110,3,7
224,01050101108110,3,8
225,01050101108123,3,6
226,01050101108123,3,7
227,01050101108123,3,8
228,01050101108123,3,9
229,01050101108123,3,10
230,01050101108123,3,11
231,01050101108136,3,6
232,01050101108136,3,7
233,01050101108136,3,8
234,01050101108136,3,9
235,01050101108136,3,10
236,01050101108136,3,11
237,01050101108149,3,6
238,01050101108149,3,7
239,01050101108149,3,8
240,01050101108149,3,9
241,01050101108149,3,10
242,02070101804061,2,11
243,02070101804061,2,12
244,02070101901110,1,1
245,02070101901110,1,11
246,02070101901110,1,12
247,02080300102134,1,1
248,02080300102134,1,11
249,02080300102134,1,12
250,02100100401126,1,13
251,02100100501043,2,13
252,02100100501119,1,8
253,02100100501119,1,9
254,02100100501119,1,10
255,02100100501157,1,9
256,02100100501157,1,10
257,02100100501157,1,11
258,02100100501176,1,9
259,02100100501176,1,10
260,02100100501195,1,9
261,02100100501195,1,10
262,02100100501195,1,11
263,02100200904115,1,13
264,03110300605149,1,6
265,03110300605149,1,7
266,03110300605149,1,8
267,03110800110030,3,6
268,03110800110030,3,7
269,03110800110030,3,8
270,03110800110162,3,7
271,03110800110162,3,8
272,03111700101181,3,6
273,03111700101181,3,7
274,03111700101181,3,8
275,03111800604121,3,13
276,03111801205008,3,6
277,03111801205008,3,7
278,03111801205008,3,8
279,03111801205017,3,7
280,03111801205017,3,8
281,03111801205044,3,6
282,03111801205044,3,7
283,03111801205044,3,8
284,03111801205053,3,6
285,03111801205053,3,7
286,03111801205053,3,8
287,03111801205053,3,9
288,03120302401146,1,6
289,03120302401146,1,7
290,03120302401146,1,8
291,03121000302053,3,6
292,03121000302053,3,7
293,03121000302053,3,8
294,03121000302113,2,6
295,03121000302113,2,7
296,03121000302113,2,8
297,03130200801006,2,8
298,03130200801006,2,10
299,03130200801006,2,11
300,03130200801006,2,12
301,03130200801017,2,1
302,03130200801017,2,7
303,03130200801017,2,8
304,03130200801017,2,9
305,03130200801017,2,10
306,03130200801026,2,8
307,03130200801026,2,9
308,03130200801026,2,10
309,03130200801026,2,11
310,03130200801026,2,12
311,03130200801042,2,1
312,03130200801042,2,10
313,03130200801042,2,11
314,03130200801042,2,12
315,03130200801119,1,6
316,03130200801119,1,7
317,03130200801119,1,8
318,03130200801142,3,6
319,03130200801142,3,7
320,03130200801142,3,8
321,03130200801169,3,6
322,03130200801169,3,7
323,03130200801169,3,8
324,03130202504009,1,6
325,03130202504009,1,7
326,03130202504009,1,8
327,03130202504069,1,6
328,03130202504069,1,7
329,03130202504069,1,8
330,03130202504169,2,1
331,03130202504169,2,8
332,03130202504169,2,9
333,03130202504169,2,10
334,03130202504169,2,11
335,03130202504169,2,12
336,03130202504189,2,1
337,03130202504189,2,9
338,03130202504189,2,10
339,03130202504189,2,11
340,03130202504189,2,12
341,03130202504229,2,1
342,03130202504229,2,9
343,03130202504229,2,10
344,03130202504229,2,11
345,03130202504229,2,12
346,03130401201028,3,6
347,03130401201028,3,7
348,03130401201028,3,8
349,03130401201118,2,1
350,03130401201118,2,8
351,03130401201118,2,9
352,03130401201118,2,10
353,03130401201118,2,11
354,03130401201136,2,1
355,03130401201136,2,9
356,03130401201136,2,10
357,03130401201136,2,11
358,03130401201136,2,12
359,03130401201154,2,1
360,03130401201154,2,8
361,03130401201154,2,9
362,03130401201154,2,10
363,03130401201154,2,11
364,03130401201190,1,6
365,03130401201190,1,7
366,03130401201190,1,8
367,03130401201280,2,1
368,03130401201280,2,8
369,03130401201280,2,10
370,03130401201280,2,11
371,03130401201280,2,12
372,03130803001016,2,1
373,03130803001016,2,8
374,03130803001016,2,9
375,03130803001016,2,10
376,03130803001016,2,11
377,03130803001016,2,12
378,03130803001024,2,1
379,03130803001024,2,8
380,03130803001024,2,9
381,03130803001024,2,10
382,03130803001024,2,11
383,03130803001024,2,12
384,03130803001042,2,1
385,03130803001042,2,9
386,03130803001042,2,10
387,03130803001042,2,11
388,03130803001042,2,12
389,03130803001052,2,9
390,03130803001052,2,10
391,03130803001052,2,11
392,03130803001154,3,8
393,03130803001154,3,9
394,03140901602005,2,1
395,03140901602005,2,9
396,03140901602005,2,10
397,03140901602005,2,11
398,03140901602005,2,12
399,03140901602020,2,1
400,03140901602020,2,9
401,03140901602020,2,10
402,03140901602020,2,11
403,03140901602020,2,12
404,03140901602035,2,1
405,03140901602035,2,9
406,03140901602035,2,10
407,03140901602035,2,11
408,03140901602035,2,12
409,03140901602050,2,9
410,03140901602050,2,10
411,03140901602050,2,11
412,03140901602125,3,6
413,03140901602125,3,7
414,03140901602125,3,8
415,03140901602140,1,6
416,03140901602140,1,7
417,03140901602140,1,8
418,03140901602170,1,6
419,03140901602170,1,7
420,03140901602170,1,8
421,03141000205007,2,1
422,03141000205007,2,10
423,03141000205007,2,11
424,03141000205007,2,12
425,03141000205024,2,1
426,03141000205024,2,10
427,03141000205024,2,11
428,03141000205024,2,12
429,03141000205041,2,1
430,03141000205041,2,9
431,03141000205041,2,10
432,03141000205041,2,11
433,03141000205109,3,3
434,03141000205109,3,4
435,03141000205109,3,6
436,03141000205109,3,7
437,03141000205109,3,8
438,03141000205126,3,6
439,03141000205126,3,7
440,03141000205126,3,8
441,03141000205126,3,9
442,03141000205126,3,10
443,03141000205126,3,11
444,03141000205143,3,6
445,03141000205143,3,7
446,03141000205143,3,8
447,03141000205143,3,9
448,03141000205143,3,10
449,03141000205143,3,11
450,03141000205143,3,12
451,03141000205164,2,1
452,03141000205164,2,9
453,03141000205164,2,10
454,03141000205164,2,11
455,03141000205192,3,6
456,03141000205192,3,7
457,03141000205192,3,8
458,03141000205192,3,9
459,03141000205192,3,10
460,03141000205192,3,11
461,03141001902009,2,1
462,03141001902009,2,10
463,03141001902009,2,11
464,03141001902009,2,12
465,03141001902025,2,1
466,03141001902025,2,7
467,03141001902025,2,8
468,03141001902025,2,9
469,03141001902025,2,10
470,03141001902041,2,1
471,03141001902041,2,10
472,03141001902041,2,11
473,03141001902041,2,12
474,03141001902057,2,8
475,03141001902057,2,9
476,03141001902057,2,10
477,03141001902057,2,11
478,03141001902137,3,6
479,03141001902137,3,7
480,03141001902137,3,8
481,03141001902137,3,9
482,03141001902137,3,10
483,03141001902153,3,6
484,03141001902153,3,7
485,03141001902153,3,8
486,03141001902169,3,6
487,03141001902169,3,7
488,03141001902169,3,8
489,03141001902169,3,10
490,03141001902169,3,11
491,03150800103163,3,5
492,03150800103163,3,6
493,03150800103163,3,7
494,03150800103163,3,8
495,03150800103163,3,10
496,03152000107001,3,13
497,03152000107003,3,13
498,03152000107005,3,13
499,03152000107009,3,13
500,03152000107103,3,13
501,03152000407008,2,13
502,03152000407078,2,13
503,03152000407100,2,5
504,03152000407100,2,6
505,03152000407100,2,7
506,03152000407100,2,8
507,03152000407100,2,9
508,03152000407100,2,10
509,03152000407100,2,11
510,03152000407100,2,12
511,03152000705011,3,13
512,03152000705053,3,13
513,03160201902077,1,13
514,03160201902089,2,6
515,03160201902089,2,7
516,03160201902089,2,8
517,03160201902089,2,9
518,03160201902089,2,10
519,03160201902125,1,6
520,03160201902125,1,7
521,03160201902125,1,8
522,03160201902125,1,9
523,03160204005050,1,5
524,03160204005050,1,6
525,03160204005050,1,7
526,03160204005050,1,8
527,03160204005064,1,7
528,03160204005064,1,8
529,03160204005064,1,9
530,03160204005064,1,10
531,03160204005064,1,11
532,03160204005078,1,7
533,03160204005078,1,8
534,03160204005078,1,9
535,03160204005078,1,10
536,03160204005078,1,11
537,03160204005078,1,12
538,03160204005092,1,7
539,03160204005092,1,8
540,03160204005092,1,9
541,03160204005092,1,10
542,03160204005092,1,11
543,03160204005106,2,7
544,03160204005106,2,8
545,03160204005106,2,9
546,03160204005106,2,10
547,03160204005106,2,11
548,03160204005120,2,6
549,03160204005120,2,7
550,03160204005120,2,8
551,03160204005120,2,9
552,03160204005120,2,10
553,03160600803074,3,6
554,03160600803074,3,7
555,03160600803074,3,8
556,03160600803074,3,9
557,03160600803106,1,7
558,03160600803106,1,8
559,03160600803106,1,9
560,03160600803106,1,10
561,03160600803106,1,11
562,03160600803122,3,6
563,03160600803122,3,7
564,03160600803122,3,8
565,03160600803122,3,9
566,03160600803122,3,10
567,03160600803154,1,6
568,03160600803154,1,7
569,03160600803154,1,8
570,03160600803154,1,9
571,03160600803186,2,6
572,03160600803186,2,7
573,03160600803186,2,8
574,03160600803186,2,9
575,03160600803186,2,10
576,03170400206145,1,5
577,03170400206145,1,6
578,03170400206145,1,7
579,03170400206145,1,8
580,03170401804163,1,5
581,03170401804163,1,6
582,03170401804163,1,7
583,03170401804163,1,8
584,03170401804163,1,9
585,03170403702090,1,5
586,03170403702090,1,6
587,03170403702090,1,7
588,03170403702110,1,5
589,03170403702110,1,6
590,03170403702110,1,7
591,03170403702130,1,6
592,03170403702130,1,7
593,03170403702130,1,8
594,03170403702190,1,13
595,03170403702210,1,13
596,03170500110018,3,6
597,03170500110018,3,7
598,03170500110018,3,8
599,03170500110045,3,6
600,03170500110045,3,7
601,03170500110045,3,8
602,03170601005028,1,5
603,03170601005028,1,6
604,03170601005028,1,7
605,03170601005100,1,13
606,03170601005124,1,13
607,03170601005136,1,13
608,03180201302007,1,6
609,03180201302007,1,7
610,03180201302007,1,8
611,03180201302041,1,6
612,03180201302041,1,7
613,03180201302041,1,8
614,03180201302075,2,8
615,03180201302075,2,9
616,03180201302075,2,10
617,03180201302075,2,11
618,03180201302092,2,6
619,03180201302092,2,7
620,03180201302092,2,8
621,03180201302092,2,9
622,03180201302109,2,1
623,03180201302109,2,9
624,03180201302109,2,10
625,03180201302109,2,11
626,03180201302126,2,1
627,03180201302126,2,2
628,03180201302126,2,10
629,03180201302126,2,11
630,03180201302126,2,12
631,03180302503019,3,6
632,03180302503019,3,7
633,03180302503019,3,8
634,03180302503035,3,6
635,03180302503035,3,7
636,03180302503035,3,8
637,03180302503051,3,6
638,03180302503051,3,7
639,03180302503051,3,8
640,03180302503067,2,7
641,03180302503067,2,8
642,03180302503067,2,9
643,03180302503067,2,10
644,03180302503083,2,9
645,03180302503083,2,10
646,03180302503083,2,11
647,03180302503083,2,12
648,03180302503099,2,9
649,03180302503099,2,10
650,03180302503099,2,11
651,03180302503099,2,12
652,03180302503115,2,1
653,03180302503115,2,10
654,03180302503115,2,11
655,03180302503115,2,12
656,03190201401082,1,6
657,03190201401082,1,7
658,03190201401082,1,8
659,03190202501177,1,5
660,03190202501177,1,6
661,03190202501177,1,7
662,03190202501177,1,8
663,03190202501177,1,9
664,03190202501198,1,6
665,03190202501198,1,7
666,03190202501198,1,8
667,03190202501198,1,9
668,03210300832396,3,6
669,03210300832396,3,7
670,03210300832396,3,8
671,03210300832443,3,6
672,03210300832443,3,7
673,03210300832443,3,8
674,03210300832490,3,6
675,03210300832490,3,7
676,03210300832490,3,8
677,04220800303007,3,5
678,04220800303007,3,6
679,04220800303007,3,7
680,04220800303007,3,8
681,04220800303007,3,9
682,04221700103001,3,6
683,04221700103001,3,7
684,04221700103001,3,8
685,04221700103005,1,7
686,04221700103005,1,8
687,04240101704010,1,13
688,04240101704011,1,13
689,04240602203009,1,13
690,04240602203011,1,13
691,04242204001001,1,13
692,04242204001003,1,13
693,04251103105003,1,13
694,04251103105009,1,13
695,04251103105011,1,13
696,04260500101002,3,13
697,04260801102003,2,13
698,04260801102010,1,13
699,04260801102011,1,13
700,04260803103007,3,7
701,04260803103007,3,8
702,04260803103008,3,6
703,04260803103008,3,7
704,04260803103008,3,8
705,04260803103011,3,6
706,04260803103011,3,7
707,04260803103011,3,8
708,04260803103011,3,9
709,04260803103011,3,10
710,04260803103011,3,11
711,04261400105001,3,6
712,04261400105001,3,7
713,04261400105001,3,8
714,04261400105001,3,9
715,04261400105002,3,5
716,04261400105002,3,6
717,04261400105002,3,7
718,04261400105002,3,8
719,04261400105002,3,9
720,04271800107003,3,5
721,04271800107003,3,6
722,04271800107003,3,7
723,04271800107003,3,8
724,04271800107004,3,6
725,04271800107004,3,7
726,04271800107004,3,8
727,04271800107024,3,13
728,04271800107044,3,13
729,04271800107064,3,13
730,04271800107124,3,13
731,04271800107144,3,6
732,04271800107144,3,7
733,04271800107144,3,8
734,04271800107164,3,13
735,04280201505002,1,13
736,04280203203002,1,13
737,04280900511074,3,13
738,04280900511134,3,6
739,04280900511134,3,7
740,04280900511134,3,8
741,04280900511134,3,9
742,04280900803018,3,6
743,04280900803018,3,7
744,04280900803018,3,8
745,04280900803070,3,13
746,04291500905003,2,13
747,04291500905003,3,13
748,04291501302001,2,13
749,04291501302002,2,13
750,04291501302004,2,13
751,04291801901001,2,13
752,04291801901010,3,13
753,04291801901012,3,7
754,04291801901012,3,8
755,04292500402005,3,13
756,04292500402006,3,13
757,04292500402007,3,13
758,04292500402012,3,13
759,04300203306001,1,6
760,04300203306001,1,7
761,04300400106012,1,4
762,04300400106012,1,6
763,04300400106012,1,8
764,04300400106012,1,11
765,04300800105009,1,13
766,04300802504001,1,13
767,04301301004001,1,9
768,04301301004001,1,10
769,04301301004001,1,11
770,04301301004003,1,8
771,04301301004003,1,9
772,04301301004003,1,10
773,04310302803010,2,13
774,04311102101002,2,7
775,04311102101002,2,8
776,04311102101003,1,7
777,04311102101003,1,8
778,04320400608001,2,13
779,04320400608004,1,13
780,04320501610002,3,13
781,04321401003007,1,13
782,04321401003008,1,13
783,04321600405004,1,13
784,04321600405010,2,13
785,04321801602004,3,13
786,04330600803078,1,13
787,04330600803123,1,13
788,04330600803138,1,4
789,04330600803138,1,5
790,04330600803138,1,7
791,04330600803138,1,8
792,04331301403001,1,13
793,04331301403086,1,2
794,04331301403086,1,5
795,04331301403086,1,7
796,04331301403086,1,8
797,04331301403171,1,2
798,04331301403171,1,7
799,04331301403171,1,8
800,04340300103033,3,13
801,04340300103055,3,13
802,04340300103096,3,13
803,04340300103100,3,13
804,04340501201009,1,13
805,04340501201011,3,13
806,04350203701004,2,13
807,04350204302005,3,13
808,04370100405002,3,6
809,04370100405002,3,7
810,04370100405002,3,8
811,04380301901005,5,1
812,04380301901005,5,4
813,04380304202001,2,1
814,04381001704002,1,13
815,04381001704006,1,13
816,04381001704008,1,13
817,04381100521044,3,13
818,04381100716078,1,6
819,04381100716078,1,7
820,04381100716078,1,8
821,04390302201001,3,6
822,04390302201001,3,7
823,04390302201001,3,8
824,04390700103001,3,7
825,04390700103001,3,8
826,04390700103001,3,9
827,04390700103003,3,6
828,04390700103003,3,7
829,04390700103003,3,8
830,04390700103003,3,9
831,04390700103010,3,6
832,04390700103010,3,7
833,04390700103010,3,8
834,04390700103010,3,9
835,04390700103011,3,5
836,04390700103011,3,6
837,04390700103011,3,7
838,04390700103011,3,8
839,04390700103011,3,9
840,04390700103012,1,6
841,04390700103012,1,7
842,04390700103012,1,8
843,05410400634003,2,1
844,05410700901091,2,13
845,06470301201007,1,5
846,06470301201007,1,6
847,06470301201007,1,7
848,06470301201007,1,8
849,06470301201008,1,13
850,06470301201009,1,5
851,06470301201009,1,6
852,06470301201009,1,7
853,06470301201009,1,8
854,06470301201010,1,13
855,06470301201011,1,5
856,06470301201011,1,6
857,06470301201011,1,7
858,06470301201011,1,8
859,06470301201012,1,5
860,06470301201012,1,6
861,06470301201012,1,7
862,06470301201012,1,8
863,06470301201012,1,9
864,06470305101001,1,6
865,06470305101001,1,7
866,06470305101001,1,8
867,06470305101005,1,13
868,06470305101007,1,13
869,06470305101008,3,13
870,07500600204080,3,5
871,07500600204080,3,6
872,07500600204080,3,7
873,07500600204080,3,8
874,07500600204080,3,9
875,07500600204080,3,10
876,07510100104005,1,13
877,07510100104007,1,13
878,07511000702007,3,6
879,07511000702007,3,7
880,07511000702007,3,8
881,07511000702007,3,9
882,07520301304074,1,5
883,07520301304074,1,6
884,07520301304074,1,7
885,07520301304074,1,8
886,07520301304074,1,9
887,07520301304108,1,4
888,07520301304108,1,5
889,07520301304108,1,6
890,07520301304108,1,7
891,07520301304125,1,4
892,07520301304125,1,5
893,07520301304125,1,6
894,07520301304125,1,7
895,07520301304125,1,8
896,07520301304125,1,9
897,07520500901005,1,5
898,07520500901005,1,6
899,07520500901005,1,7
900,07520500901005,1,8
901,07520500901005,1,9
902,07520500901049,1,4
903,07520500901049,1,5
904,07520500901049,1,6
905,07520500901049,1,7
906,07520500901049,1,8
907,07520500901049,1,9
908,07520500901082,1,4
909,07520500901082,1,5
910,07520500901082,1,6
911,07520500901082,1,7
912,07520500901082,1,8
913,07520500901082,1,9
914,07520500901093,1,4
915,07520500901093,1,5
916,07520500901093,1,6
917,07520500901093,1,7
918,07520500901093,1,8
919,07520500901093,1,9
920,07520701406006,1,5
921,07520701406006,1,6
922,07520701406006,1,7
923,07520701406006,1,8
924,07520701406008,1,5
925,07520701406008,1,6
926,07520701406008,1,7
927,07520701406008,1,8
928,07520701406008,1,9
929,07520701406026,1,5
930,07520701406026,1,6
931,07520701406026,1,7
932,07520701406026,1,8
933,07520701406026,1,9
934,07520701406026,1,10
935,07520701406044,1,5
936,07520701406044,1,6
937,07520701406044,1,7
938,07520701406044,1,8
939,07530300603058,1,1
940,07530300603058,1,4
941,07530300603058,1,6
942,07530300603058,1,7
943,07530300603058,1,8
944,07530300603076,1,1
945,07530300603076,1,4
946,07530300603076,1,7
947,07530300603076,1,8
948,07530300603094,1,5
949,07530300603094,1,6
950,07530300603094,1,7
951,07530300603094,1,8
952,07530300603112,1,4
953,07530300603112,1,5
954,07530300603112,1,7
955,07530300603112,1,8
956,07530300603130,1,4
957,07530300603130,1,5
958,07530300603130,1,7
959,07530300603130,1,8
960,07530300603148,1,4
961,07530300603148,1,5
962,07530300603148,1,7
963,07530300603148,1,8
964,07530302901186,1,5
965,07530302901186,1,6
966,07530302901186,1,7
967,07530302901186,1,8
968,07530302901186,1,9
969,07530302901238,1,13
970,07530302901264,1,7
971,07530302901264,1,8
972,07530302901264,1,9
973,07530302901264,1,10
974,07530302901264,1,11
975,07530302901264,1,12
976,07530302901290,1,6
977,07530302901290,1,7
978,07530302901290,1,8
979,07530302901290,1,9
980,07530302901290,1,10
981,07530302901290,1,11
982,07530302901290,1,12
983,07530400605003,3,6
984,07530400605003,3,7
985,07530400605003,3,8
986,07530400605007,3,6
987,07530400605007,3,7
988,07530400605007,3,8
989,07530400605011,3,6
990,07530400605011,3,7
991,07530400605011,3,8
992,07530400605011,3,9
993,07530400605019,3,6
994,07530400605019,3,7
995,07530400605019,3,8
996,07530400605023,3,6
997,07530400605023,3,7
998,07530400605023,3,8
999,07540401003002,1,13
1000,07540401003018,1,13
1001,07540401003114,1,13
1002,07540401003146,1,4
1003,07540401003146,1,5
1004,07540401003146,1,7
1005,07540401003146,1,8
1006,07540401003146,1,10
1007,07540401003178,1,4
1008,07540401003178,1,5
1009,07540401003178,1,7
1010,07540401003178,1,8
1011,07540401003178,1,10
1012,07540401303091,1,4
1013,07540401303091,1,5
1014,07540401303091,1,7
1015,07540401303091,1,8
1016,07540401303091,1,9
1017,07540401303113,1,5
1018,07540401303113,1,6
1019,07540401303113,1,7
1020,07540401303113,1,8
1021,07540401303135,1,6
1022,07540401303135,1,7
1023,07540401303135,1,8
1024,07540401303135,1,9
1025,07540401303157,1,4
1026,07540401303157,1,5
1027,07540401303157,1,7
1028,07540401303157,1,8
1029,07540401303179,1,13
1030,07540401303201,1,13
1031,07540401303223,1,6
1032,07540401303223,1,7
1033,07540401303223,1,8
1034,07540401303223,1,9
1035,07540401303223,1,10
1036,07540401303223,1,11
1037,07540401303223,1,12
1038,07540401303245,1,13
1039,07540700103059,3,12
1040,07540700103091,3,12
1041,07540700202003,3,7
1042,07540700202003,3,8
1043,07550200101025,1,4
1044,07550200101025,1,5
1045,07550200101025,1,6
1046,07550200101025,1,7
1047,07550200101025,1,8
1048,07550200101025,1,9
1049,07550200101033,1,6
1050,07550200101033,1,7
1051,07550200101033,1,8
1052,07550200101065,1,4
1053,07550200101065,1,5
1054,07550200101065,1,6
1055,07550200101065,1,7
1056,07550200101065,1,8
1057,07550200101065,1,9
1058,07550200101093,1,5
1059,07550200101093,1,6
1060,07550200101093,1,7
1061,07550200101093,1,8
1062,07550200109015,3,6
1063,07550200109015,3,7
1064,07550200109015,3,8
1065,07550200109033,3,6
1066,07550200109033,3,7
1067,07550200109033,3,8
1068,07550200109051,3,6
1069,07550200109051,3,7
1070,07550200109051,3,8
1071,07550200109069,3,6
1072,07550200109069,3,7
1073,07550200109069,3,8
1074,07551300314019,3,5
1075,07551300314019,3,6
1076,07551300314019,3,7
1077,07551300314053,3,6
1078,07551300314053,3,7
1079,07551300314053,3,8
1080,07551300314104,3,6
1081,07551300314104,3,7
1082,07551300314104,3,8
1083,07551300314121,3,6
1084,07551300314121,3,7
1085,07551300314121,3,8
1086,07551300314138,3,6
1087,07551300314138,3,7
1088,07551300314138,3,8
1089,07551300314189,3,6
1090,07551300314189,3,7
1091,07551300314189,3,8
1092,07560201903038,1,2
1093,07560201903038,1,4
1094,07560201903038,1,7
1095,07560201903038,1,8
1096,07560202402004,1,13
1097,07560202402052,1,13
1098,07570900601006,1,13
1099,07570900601008,1,13
1100,07570900601010,1,13
1101,07570900601012,1,13
1102,07570901802003,1,13
1103,07580600101004,1,6
1104,07580600101004,1,7
1105,07580600101004,1,8
1106,07580600101022,1,13
1107,07580600101040,1,6
1108,07580600101040,1,7
1109,07580600101040,1,8
1110,07580600101040,1,9
1111,07580600101040,1,10
1112,07580600101112,1,1
1113,07580600101112,1,6
1114,07580600101112,1,7
1115,07580600101112,1,8
1116,07580600101130,1,6
1117,07580600101130,1,7
1118,07580600101130,1,8
1119,07580600101148,1,6
1120,07580600101148,1,7
1121,07580600101148,1,8
1122,07580600101184,1,1
1123,07580600101184,1,6
1124,07580600101184,1,7
1125,07580600101184,1,8
1126,07580601309061,1,6
1127,07580601309061,1,7
1128,07580601309061,1,8
1129,07580601309080,1,7
1130,07580601309080,1,8
1131,07580601309080,1,9
1132,07580601309099,1,6
1133,07580601309099,1,7
1134,07580601309099,1,8
1135,07581600407068,3,6
1136,07581600407068,3,7
1137,07581600407068,3,8
1138,07581600407128,3,6
1139,07581600407128,3,7
1140,07581600407128,3,8
1141,07590401603009,1,13
1142,07590401603010,1,13
1143,07590401603011,1,13
1144,07590401603012,1,13
1145,07610101604066,1,5
1146,07610101604066,1,6
1147,07610101604066,1,7
1148,07610101604066,1,8
1149,07610101604066,1,9
1150,07610101604087,1,7
1151,07610101604087,1,8
1152,07610101604108,1,6
1153,07610101604108,1,7
1154,07610101604108,1,8
1155,07610101604129,1,6
1156,07610101604129,1,7
1157,07610101604129,1,8
1158,07610101604129,1,9
1159,07610101604150,1,6
1160,07610101604150,1,7
1161,07610101604150,1,8
1162,07610101604150,1,9
1163,07610101604150,1,10
1164,07610101604150,1,11
1165,07610101604234,1,5
1166,07610101604234,1,6
1167,07610101604234,1,7
1168,07610101604234,1,8
1169,07630101203071,1,6
1170,07630101203071,1,7
1171,07630101203071,1,8
1172,07630101203071,1,9
1173,07630101203103,1,7
1174,07630101203103,1,8
1175,07630101203119,1,6
1176,07630101203119,1,7
1177,07630101203119,1,8
1178,07630101203119,1,9
1179,07630101203135,1,6
1180,07630101203135,1,7
1181,07630101203135,1,8
1182,07630101203151,1,1
1183,07630101203151,1,6
1184,07630101203151,1,7
1185,07630101203151,1,8
1186,07630102501149,1,5
1187,07630102501149,1,6
1188,07630102501149,1,7
1189,07630102501149,1,8
1190,07630102501149,1,9
1191,07630102501167,1,5
1192,07630102501167,1,6
1193,07630102501167,1,7
1194,07630102501167,1,8
1195,07630102501167,1,9
1196,07630102501185,1,5
1197,07630102501185,1,6
1198,07630102501185,1,7
1199,07630102501185,1,8
1200,07630102501185,1,9
1201,07630102501203,1,5
1202,07630102501203,1,6
1203,07630102501203,1,7
1204,07630102501203,1,8
1205,07630102501203,1,9
1206,07640101801005,1,6
1207,07640101801005,1,7
1208,07640101801005,1,8
1209,07640101801005,1,9
1210,07640101801008,1,5
1211,07640101801008,1,6
1212,07640101801008,1,7
1213,07640101801008,1,9
1214,07640101801008,1,10
1215,07640101801023,1,5
1216,07640101801023,1,6
1217,07640101801023,1,7
1218,07640101801023,1,8
1219,07640101801024,1,6
1220,07640101801024,1,7
1221,07640101801024,1,8
1222,07640101801024,1,9
1223,07640101801043,1,4
1224,07640101801043,1,5
1225,07640101801043,1,6
1226,07640101801043,1,7
1227,07640101801043,1,8
1228,07640101801043,1,9
1229,07640101801081,1,5
1230,07640101801081,1,6
1231,07640101801081,1,7
1232,07640101801081,1,8
1233,07640101801100,1,6
1234,07640101801100,1,7
1235,07640101801100,1,8
1236,07640101801100,1,10
1237,07640300502002,1,6
1238,07640300502002,1,7
1239,07640300502002,1,8
1240,07640300502002,1,9
1241,07640300502005,1,7
1242,07640300502005,1,8
1243,07640300502006,1,7
1244,07640300502006,1,8
1245,07640300502008,1,13
1246,07650101206151,1,5
1247,07650101206151,1,6
1248,07650101206151,1,7
1249,07650101206169,1,13
1250,07650101206187,1,3
1251,07650101206187,1,4
1252,07650101206187,1,5
1253,07650101206187,1,6
1254,07650101206187,1,7
1255,07650101206187,1,8
1256,07650101206205,1,4
1257,07650101206205,1,5
1258,07650101206205,1,6
1259,07650101206205,1,7
1260,07650101206205,1,8
1261,07650105703081,1,5
1262,07650105703081,1,6
1263,07650105703081,1,7
1264,07650105703081,1,8
1265,07650105703081,1,9
1266,07650105703099,1,3
1267,07650105703099,1,4
1268,07650105703099,1,5
1269,07650105703099,1,6
1270,07650105703099,1,7
1271,07650105703099,1,8
1272,07650105703099,1,9
1273,07650105703117,1,4
1274,07650105703117,1,5
1275,07650105703117,1,6
1276,07650105703117,1,7
1277,07650105703117,1,8
1278,07650105703117,1,9
1279,07650105703135,1,3
1280,07650105703135,1,4
1281,07650105703135,1,5
1282,07650105703135,1,6
1283,07650105703135,1,7
1284,07650105703135,1,8
1285,07650105703153,1,4
1286,07650105703153,1,6
1287,07650105703153,1,7
1288,07650105703153,1,8
1289,07661900703020,3,6
1290,07661900703020,3,7
1291,07661900703020,3,8
1292,07661900703146,3,6
1293,07661900703146,3,7
1294,07661900703146,3,8
1295,07661900703164,3,6
1296,07661900703164,3,7
1297,07661900703164,3,8
1298,12670500701005,1,13
1299,12690101901007,1,13
1300,12690101901008,1,13
1301,12690101901009,1,13
1302,12690101901012,1,13
1303,13700101901011,3,7
1304,13700101901011,3,8
1305,13700101901011,3,9
1306,13700101901011,3,10
1307,13700101901011,3,11
1308,14720100113009,3,11
1309,14720100113013,3,13
1310,14720100113020,1,13
1311,14720100113020,3,13
1312,14720100222002,3,13
1313,14720100222004,5,13
1314,14720100315004,4,7
1315,14720100315004,4,8
1316,14720100315004,4,9
1317,14720100315004,4,10
1318,14720100315005,5,13
1319,14720100315006,3,7
1320,14720100315006,3,8
1321,14720100315006,3,9
1322,14720100315006,3,10
1323,14720100315006,3,11
1324,14720100315054,3,13
1325,14720100315068,5,7
1326,14720100315068,5,8
1327,14720100315068,5,9
1328,14720100315068,5,10
1329,14720100315068,5,11
1330,14720100315089,3,13
1331,14720100315103,3,7
1332,14720100315103,3,8
1333,14720100315103,3,9
1334,14720100315103,3,10
1335,14720100315103,3,11
1336,14720100315138,3,13
1337,14720100326002,3,6
1338,14720100326002,3,7
1339,14720100326002,3,8
1340,14720100326002,3,9
1341,14720100326002,3,10
1342,14720100326002,3,11
1343,14720100326004,3,7
1344,14720100326004,3,8
1345,14720100326004,3,9
1346,14720100326005,3,9
1347,14720100326005,3,10
1348,14720100326005,3,11
1349,14720100326005,3,12
1350,14720100326007,3,6
1351,14720100326007,3,7
1352,14720100326007,3,8
1353,14720100326007,3,9
1354,14720100326007,3,10
1355,14720100326007,3,11
1356,14720100326012,3,6
1357,14720100326012,3,7
1358,14720100326012,3,8
1359,14720100326012,3,9
1360,14720100326012,3,10
1361,14720100326012,3,11
1362,14720100326016,3,6
1363,14720100326016,3,7
1364,14720100326016,3,8
1365,14720100326016,3,9
1366,14720100326016,3,10
1367,14720100326016,3,11
1368,14720100326016,3,12
1369,14720100326020,3,13
1370,14720100549036,3,7
1371,14720100549036,3,8
1372,14720100549036,3,9
1373,14720100549048,3,6
1374,14720100549048,3,7
1375,14720100549048,3,8
1376,14720100549048,3,9
1377,14720100549060,3,7
1378,14720100549060,3,8
1379,14720100549060,3,9
1380,14720100633003,1,10
1381,14720100702002,1,9
1382,14720100702002,1,10
1383,14720100702002,1,11
1384,14720100702005,1,7
1385,14720100702005,1,8
1386,14720100702005,1,9
1387,14720100702005,1,10
1388,14720100702005,1,11
1389,14720100702005,1,12
1390,14720100702006,3,3
1391,14720100702006,3,5
1392,14720100702006,3,8
1393,14720100702006,3,9
1394,14720100702006,3,10
1395,14720100702006,3,12
1396,14720100702010,2,7
1397,14720100702010,2,9
1398,14720100702010,2,10
1399,14720100702010,3,7
1400,14720100702010,3,8
1401,14720100702010,3,9
1402,14720100702010,3,10
1403,14720100702010,3,11
1404,14720100702010,3,12
1405,14720100702011,3,5
1406,14720100702011,3,6
1407,14720100702011,3,7
1408,14720100702011,3,8
1409,14720100702011,3,9
1410,14720100702011,3,10
1411,14720100702011,4,3
1412,14720100702011,4,6
1413,14720100702011,4,7
1414,14720100702011,4,8
1415,14720100702011,4,9
1416,14720100702011,4,11
1417,14720100702013,3,6
1418,14720100702013,3,8
1419,14720100702013,3,9
1420,14720100702013,3,10
1421,14720100702017,3,13
1422,14730200527001,3,13
1423,14730200527001,5,13
1424,14730200527003,2,6
1425,14730200527003,2,7
1426,14740300273002,3,7
1427,14740300273002,3,8
1428,14740300273002,3,9
1429,14740300273005,3,13
1430,14740300273012,3,6
1431,14740300273012,3,7
1432,14740300273012,3,8
1433,14740300546037,3,6
1434,14740300546037,3,7
1435,14740300546037,3,8
1436,14760500307001,3,13
1437,14760500307004,3,13
1438,14760500307014,3,13
1439,14760500318006,1,6
1440,14760500318006,1,7
1441,14760500318006,1,8
1442,14760500318006,1,10
1443,14760500318007,2,5
1444,14760500318007,2,6
1445,14760500318007,2,7
1446,14760500318010,2,6
1447,14760500318010,2,7
1448,14760500318010,2,8
1449,14760500318011,2,13
1450,14760500318012,3,13
1451,14760500318017,3,6
1452,14760500318017,3,7
1453,14760500318017,3,8
1454,14760500318017,3,10
1455,14760500409002,3,13
1456,14760500409012,3,7
1457,14760500409012,3,8
1458,14760500409012,3,9
1459,14760500430001,3,13
1460,14760500430002,3,13
1461,14760500430011,2,13
1462,14760500430011,3,13
1463,14760500430015,2,13
1464,14760500507015,3,13
1465,14760500507017,5,13
1466,14760500507019,3,13
1467,14760500507020,3,13
1468,14760500517003,1,13
1469,14760500517003,3,13
1470,14760500517005,3,13
1471,14760500517006,4,13
1472,14760500517007,3,13
1473,14760500517008,3,13
1474,14760500517009,3,13
1475,14760500517013,1,13
1476,14760500517013,3,13
1477,14760500517014,3,13
1478,14760500517018,3,13
1479,14760500517019,3,13
1480,14760500517044,3,13
1481,14760500532001,3,13
1482,14760500613005,3,6
1483,14760500613005,3,7
1484,14760500613005,3,8
1485,14760500613008,2,7
1486,14760500613008,2,8
1487,14760500613009,3,7
1488,14760500613009,3,8
1489,14760500613014,3,7
1490,14760500613014,3,8
1491,14760500613020,3,7
1492,14760500613020,3,8
1493,14760500811072,3,5
1494,14760500811072,3,6
1495,14760500811072,3,7
1496,14760500811072,3,8
1497,14760500811072,3,9
1498,14760500811072,3,10
1499,14770600201006,3,6
1500,14770600201006,3,7
1501,14770600201006,3,8
1502,14770600201006,3,9
1503,14770600201007,3,6
1504,14770600201007,3,7
1505,14770600201007,3,8
1506,14770600201007,3,9
1507,14770600201007,3,10
1508,14770600201011,1,13
1509,14770600201012,3,6
1510,14770600201012,3,7
1511,14770600201012,3,8
1512,14770600201012,3,9
1513,14770600201012,3,10
1514,14770600305006,2,4
1515,14770600305006,2,9
1516,14770600305006,2,12
1517,14770600305016,1,1
1518,14770600305016,1,2
1519,14770600305016,1,3
1520,14770600305016,1,10
1521,14770600404001,2,6
1522,14770600404001,2,7
1523,14770600404001,2,8
1524,14770600404001,2,12
1525,14770600404003,2,6
1526,14770600404003,2,7
1527,14770600404003,2,8
1528,14770600404008,2,6
1529,14770600404008,2,7
1530,14770600404008,2,8
1531,14770600404019,3,7
1532,14770600404019,3,8
1533,14770600528098,3,13
1534,14770600528099,2,6
1535,14770600528099,2,7
1536,14770600528099,2,8
1537,14770600625012,2,7
1538,14770600625012,2,8
1539,14770600625015,2,7
1540,14770600625015,2,8
1541,14770600821003,3,7
1542,14770600821003,3,8
1543,14770600821003,3,9
1544,14770600821003,3,10
1545,14770600821005,2,11
1546,14770600821005,2,12
1547,14770600821006,3,6
1548,14770600821006,3,7
1549,14770600821006,3,8
1550,14770600821018,3,7
1551,14770600821018,3,8
1552,14770600821033,3,7
1553,14770600821033,3,8
1554,14770600821033,3,11
1555,14770600821048,3,7
1556,14770600821048,3,8
1557,14770600821048,3,9
1558,14780700220003,2,13
1559,14780700220004,2,6
1560,14780700220004,2,7
1561,14780700220004,2,8
1562,14780700220004,2,11
1563,14780700220004,2,12
1564,14780700220005,2,6
1565,14780700220005,2,7
1566,14780700220005,2,8
1567,14780700220007,2,6
1568,14780700220007,2,7
1569,14780700220007,2,8
1570,14780700220007,2,9
1571,14780700220010,2,6
1572,14780700220010,2,7
1573,14780700220010,2,8
1574,14780700220011,2,6
1575,14780700220011,2,7
1576,14780700220011,2,8
1577,14780700220011,2,12
1578,14790800152005,3,13
1579,14790800152008,3,13
1580,14790800152010,3,13
1581,14790800152011,3,13
1582,14790800204010,3,1
1583,14790800204010,3,6
1584,14790800204010,3,7
1585,14790800204010,3,8
1586,14790800217017,3,13
1587,14790800503007,3,6
1588,14790800503007,3,7
1589,14790800503007,3,8
1590,14790800503012,3,13
1591,14790800503016,3,1
1592,14790800503016,3,6
1593,14790800503016,3,7
1594,14790800503016,3,8
1595,14790800503016,3,12
1596,14790800503017,3,13
1597,14790800514017,3,1
1598,14790800514017,3,7
1599,14790800514017,3,8
1600,14790800514017,3,9
1601,14790800514018,3,13
1602,14790800611001,3,13
1603,14790800611012,3,13
1604,14790800611013,3,13
1605,14790800611016,3,13
1606,14790800611019,3,13
1607,14790800622001,2,13
1608,14790800622006,3,5
1609,14790800622006,3,6
1610,14790800622006,3,7
1611,14790800622006,3,8
1612,14790800733001,1,13
1613,14790800733002,4,13
1614,14790800733002,5,6
1615,14790800733002,5,7
1616,14790800733002,5,8
1617,14790800733003,4,7
1618,14790800733006,5,13
1619,14790800733007,1,13
1620,14790800733007,2,6
1621,14790800733007,2,7
1622,14790800733007,2,8
1623,14790800733007,2,11
1624,14790800733007,2,12
1625,14790800733008,3,13
1626,14790800733008,4,6
1627,14790800733008,4,7
1628,14790800733010,3,13
1629,14790800733010,4,13
1630,14790800733012,1,13
1631,14790800733012,4,13
1632,14790800733012,5,13
1633,14790800733013,4,13
1634,14790800733014,4,6
1635,14790800733014,4,7
1636,14790800733014,4,8
1637,14790800733017,1,6
1638,14790800733017,1,7
1639,14790800733017,1,8
1640,14790800733019,1,13
1641,14790800733020,2,13
1642,14790800812004,3,13
1643,14790800812009,3,13
1644,14790800812025,3,6
1645,14790800812025,3,7
1646,14790800812025,3,8
1647,14790800812025,3,9
1648,14790800812025,3,10
1649,14790800812025,3,11
1650,14790800812060,3,13
1651,14790800812067,2,13
1652,14790800812074,3,13
1653,14790800812081,3,13
1654,14800900214037,1,5
1655,14800900214037,1,6
1656,14800900214037,1,7
1657,14800900559064,5,13
1658,14800900559086,2,6
1659,14800900559086,2,7
1660,14800900559086,2,8
1661,14800900559086,2,9
1662,14800900559086,2,10
1663,14800900559086,2,11
1664,14800900559086,2,12
1665,14811000201028,3,6
1666,14811000201028,3,7
1667,14811000201028,3,8
1668,14811000201028,3,12
