,HHID,T5
0,01010200116005,1
1,01010200116059,1
2,01010200116077,1
3,01010200116095,1
4,01010200116104,1
5,01010301101004,1
6,01010301101005,1
7,01010301101012,1
8,01010301101016,3
9,01010301101016,9
10,01010301101020,1
11,01010301101022,3
12,01010301101022,5
13,01010301101022,9
14,01010301101028,6
15,01010301101028,9
16,01010301101034,2
17,01010301101034,3
18,01010301101034,4
19,01010301101034,5
20,01010301101034,6
21,01010301101034,9
22,01010301101040,1
23,01010301101046,1
24,01010301101052,1
25,01010400404008,1
26,01010400404027,1
27,01010400404046,1
28,01010400404060,1
29,01010400404103,1
30,01010400404122,1
31,01010400404160,1
32,01010400404178,1
33,01010400404197,1
34,01010400804007,6
35,01010400804027,1
36,01010400804047,1
37,01010400804067,1
38,01010400804087,1
39,01010400804107,3
40,01010400804127,1
41,01010400804147,1
42,01010400804167,1
43,01010400804187,3
44,01010400804207,1
45,01010400804227,1
46,01020600113003,1
47,01020600113019,1
48,01020600113027,1
49,01020600113035,1
50,01020600113043,1
51,01020600113051,1
52,01020600113059,1
53,01020600113067,1
54,01020600113091,1
55,01020801604004,9
56,01020801604014,1
57,01020801604024,3
58,01020801604034,2
59,01020801604054,9
60,01020801604064,2
61,01020801604064,3
62,01020801604074,1
63,01020801604084,1
64,01020801604100,2
65,01020801604135,1
66,01020801604170,2
67,01020801604170,3
68,01020901705002,2
69,01020901705002,3
70,01020901705002,4
71,01020901705034,2
72,01020901705034,3
73,01020901705034,4
74,01020901705050,1
75,01020901705066,9
76,01020901705082,9
77,01020901705098,1
78,01020901705114,1
79,01020901705162,1
80,01020901705178,1
81,01021200418002,1
82,01021200418057,1
83,01021200418068,1
84,01021200418079,1
85,01021200418101,1
86,01021200418112,1
87,01021200418123,1
88,01030300103004,1
89,01030300103017,1
90,01030300103030,1
91,01030300103043,1
92,01030300103056,1
93,01030300103108,1
94,01030300103121,1
95,01030300103134,1
96,01030600403012,1
97,01030600403017,9
98,01030600403036,6
99,01030600403049,1
100,01030600403072,9
101,01030600403092,9
102,01030600403116,1
103,01030600403164,1
104,01030600403173,1
105,01030600403183,6
106,01030600403185,1
107,01030800402015,1
108,01030800402028,1
109,01030800402041,1
110,01030800402054,1
111,01030800402067,1
112,01030800402119,1
113,01030800402132,1
114,01041100201005,3
115,01041100201020,1
116,01041100201035,1
117,01041100201050,1
118,01041100201065,1
119,01041100201080,1
120,01041100201110,1
121,01041100201125,1
122,01041100201140,1
123,01041100201155,1
124,01041100201170,3
125,01050100110009,1
126,01050100110013,1
127,01050100110022,1
128,01050100110031,1
129,01050100110067,1
130,01050100110094,1
131,01050100110103,1
132,01050101108006,1
133,01050101108019,1
134,01050101108032,1
135,01050101108045,3
136,01050101108058,1
137,01050101108071,5
138,01050101108084,1
139,01050101108097,1
140,01050101108110,1
141,01050101108123,1
142,01050101108136,1
143,01060100317022,1
144,01060100317062,1
145,01060100317072,1
146,01060100317082,1
147,01060100317092,1
148,01060100317112,1
149,01060200127002,1
150,01060200127003,1
151,01060200127031,1
152,01060200127045,1
153,01060200127072,1
154,01060200127156,1
155,01060200506004,1
156,01060200506015,1
157,01060200506037,1
158,01060200506048,1
159,01060200506059,1
160,01060200506103,1
161,01060200506114,1
162,01060200506125,8
163,02070101804001,1
164,02070101804021,1
165,02070101804031,1
166,02070101804071,1
167,02070101804091,1
168,02070101901014,1
169,02070101901038,1
170,02070101901074,1
171,02070101901098,1
172,02070101901134,1
173,02070200101003,1
174,02070200101027,1
175,02070200101035,1
176,02070200101051,1
177,02070200101067,1
178,02070200101075,1
179,02070200101083,1
180,02070300104027,2
181,02070300104038,1
182,02070300104049,1
183,02070300104060,1
184,02070300104071,1
185,02070300104104,1
186,02070300111025,2
187,02070300111045,1
188,02070300111055,1
189,02070300111085,1
190,02070300111095,1
191,02070300205006,1
192,02070300205011,1
193,02070300205016,1
194,02070300205021,1
195,02070300205036,2
196,02070300205041,1
197,02070300205046,1
198,02070300212007,1
199,02070300212015,1
200,02070300212031,1
201,02070300212039,1
202,02070300212063,1
203,02070300212071,1
204,02070300212095,1
205,02070501103033,1
206,02070501103041,1
207,02070501103049,1
208,02070501103103,1
209,02070501103133,1
210,02070501302028,1
211,02070501302040,1
212,02070501302052,1
213,02070501302064,1
214,02070501302076,1
215,02070501302112,1
216,02070501302136,1
217,02080300102022,1
218,02080300102036,1
219,02080300102064,1
220,02080300102092,1
221,02080300102148,1
222,02080300404004,1
223,02080300404015,1
224,02080300404026,1
225,02080300404037,1
226,02080300404048,1
227,02080300404092,1
228,02080300404104,1
229,02080300404130,1
230,02080300404156,1
231,02090100104056,1
232,02090100104068,1
233,02090100104092,2
234,02090100104116,1
235,02090100104128,1
236,02090100104140,2
237,02090100104140,3
238,02090200123004,1
239,02090200123018,1
240,02090200123032,1
241,02090200123046,1
242,02090200123060,1
243,02090200123074,1
244,02090200123088,2
245,02090200123088,9
246,02090200123102,1
247,02090200123116,1
248,02090200123130,1
249,02090200123144,1
250,02090200123158,1
251,02100100401146,1
252,02100100401186,1
253,02100100401206,1
254,02100100501005,1
255,02100100501062,1
256,02100100501119,1
257,02100100501195,1
258,02100100501214,1
259,02100200904016,1
260,02100200904049,1
261,02100200904060,1
262,02100200904071,1
263,02100200904093,1
264,02100200904104,1
265,02100200904126,1
266,03110300605013,1
267,03110300605030,1
268,03110300605047,1
269,03110300605064,1
270,03110300605081,1
271,03110300605098,1
272,03110300605115,1
273,03110300605132,1
274,03110300605149,1
275,03110300605166,1
276,03110300605183,1
277,03110300605200,1
278,03110301501010,1
279,03110301501025,1
280,03110301501040,3
281,03110301501040,7
282,03110301501055,1
283,03110301501070,1
284,03110301501085,1
285,03110301501100,3
286,03110301501115,1
287,03110301501130,1
288,03110301501145,1
289,03110301501160,1
290,03110301501175,1
291,03110800110001,1
292,03110800110003,1
293,03110800110008,1
294,03110800110030,1
295,03110800110052,1
296,03110800110074,1
297,03110800110140,10
298,03110800110162,1
299,03110800110184,1
300,03110800701014,1
301,03110800701029,1
302,03110800701044,1
303,03110800701059,3
304,03110800701074,3
305,03110800701089,2
306,03110800701089,3
307,03110800701104,1
308,03110800701119,3
309,03110800701134,1
310,03110800701149,1
311,03110800701164,1
312,03110800701179,1
313,03111700101002,1
314,03111700101037,1
315,03111700101061,8
316,03111700101109,1
317,03111700101157,1
318,03111700101181,4
319,03111700101181,8
320,03111700101181,9
321,03111800604007,1
322,03111800604026,1
323,03111800604045,1
324,03111800604064,1
325,03111800604083,1
326,03111800604102,1
327,03111800604121,1
328,03111800604140,1
329,03111800604197,1
330,03111800604216,1
331,03111801205008,1
332,03111801205017,1
333,03111801205026,1
334,03111801205035,1
335,03111801205044,1
336,03111801205053,1
337,03111801205062,1
338,03111801205080,1
339,03111801205089,1
340,03111801205098,1
341,03111802013001,1
342,03111802013004,8
343,03111802013018,8
344,03111802013032,1
345,03111802013046,1
346,03111802013060,8
347,03111802013074,1
348,03111802013102,8
349,03111802013116,1
350,03111802013130,1
351,03111802013144,1
352,03112101007015,2
353,03112101007015,3
354,03112101007031,6
355,03112101007047,7
356,03112101007063,3
357,03112101007063,6
358,03112101007079,1
359,03112101007095,1
360,03112101007111,2
361,03112101007127,2
362,03112101007127,6
363,03112101007143,1
364,03112101007159,1
365,03112101007191,1
366,03120102608012,2
367,03120102608012,6
368,03120102608028,2
369,03120102608044,2
370,03120102608044,6
371,03120102608060,2
372,03120102608076,1
373,03120102608092,1
374,03120102608108,3
375,03120102608124,1
376,03120102608140,2
377,03120102608140,6
378,03120102608156,2
379,03120102608172,2
380,03120102608172,6
381,03120102608188,2
382,03120200303028,1
383,03120200303049,1
384,03120200303070,1
385,03120200303091,1
386,03120200303133,1
387,03120200303154,1
388,03120200303175,1
389,03120200303196,1
390,03120200303217,1
391,03120300709007,1
392,03120300709022,1
393,03120300709037,1
394,03120300709052,1
395,03120300709067,2
396,03120300709067,6
397,03120300709082,2
398,03120300709097,1
399,03120300709112,1
400,03120300709127,2
401,03120300709142,1
402,03120300709157,2
403,03120300709172,1
404,03120302401010,2
405,03120302401027,2
406,03120302401044,2
407,03120302401044,6
408,03120302401061,2
409,03120302401078,2
410,03120302401095,2
411,03120302401112,1
412,03120302401129,2
413,03120302401146,1
414,03120302401163,1
415,03120302401180,1
416,03120302401197,1
417,03121000302003,1
418,03121000302023,1
419,03121000302053,1
420,03121000302083,1
421,03121000302113,1
422,03130200801006,2
423,03130200801006,3
424,03130200801017,1
425,03130200801026,1
426,03130200801042,1
427,03130200801063,1
428,03130200801080,1
429,03130200801100,1
430,03130200801109,5
431,03130200801119,1
432,03130200801142,1
433,03130200801169,1
434,03130200801174,1
435,03130202504009,1
436,03130202504029,9
437,03130202504049,1
438,03130202504069,1
439,03130202504089,1
440,03130202504109,1
441,03130202504129,1
442,03130202504149,1
443,03130202504169,2
444,03130202504189,2
445,03130202504209,1
446,03130202504229,2
447,03130202504229,3
448,03130401201028,1
449,03130401201046,1
450,03130401201064,1
451,03130401201082,1
452,03130401201100,6
453,03130401201118,2
454,03130401201118,3
455,03130401201136,2
456,03130401201136,3
457,03130401201136,4
458,03130401201154,2
459,03130401201190,1
460,03130401201235,1
461,03130401201280,1
462,03130803001016,1
463,03130803001024,1
464,03130803001042,2
465,03130803001042,3
466,03130803001052,2
467,03130803001052,3
468,03130803001067,2
469,03130803001075,1
470,03130803001083,1
471,03130803001100,1
472,03130803001108,1
473,03130803001122,9
474,03130803001154,1
475,03130803001204,1
476,03131000101001,1
477,03131000101014,6
478,03131000101032,6
479,03131000101050,6
480,03131000101068,6
481,03131000101086,1
482,03131000101104,1
483,03131000101176,8
484,03131000101194,6
485,03140400104008,7
486,03140400104017,1
487,03140400104026,1
488,03140400104035,1
489,03140400104044,1
490,03140400104080,4
491,03140400104080,6
492,03140400104107,1
493,03140901602005,3
494,03140901602020,3
495,03140901602035,1
496,03140901602050,1
497,03140901602065,1
498,03140901602080,1
499,03140901602095,1
500,03140901602110,2
501,03140901602125,1
502,03140901602140,1
503,03140901602155,1
504,03140901602170,1
505,03141000205007,1
506,03141000205024,1
507,03141000205058,1
508,03141000205092,1
509,03141000205109,1
510,03141000205126,1
511,03141000205143,1
512,03141000205164,3
513,03141000205178,1
514,03141000205192,1
515,03141001902009,1
516,03141001902025,1
517,03141001902041,3
518,03141001902057,3
519,03141001902073,1
520,03141001902089,1
521,03141001902105,1
522,03141001902121,1
523,03141001902137,1
524,03141001902153,9
525,03141001902169,1
526,03141001902185,1
527,03141202605009,1
528,03141202605013,1
529,03141202605018,1
530,03141202605031,1
531,03141202605036,1
532,03141202605049,1
533,03141202605067,1
534,03141202605085,1
535,03141202605103,1
536,03141202605139,1
537,03141202605157,1
538,03141700416030,1
539,03141700416054,1
540,03141700416066,6
541,03141700416090,1
542,03141700416114,9
543,03141700416126,7
544,03141700416138,1
545,03141800307011,1
546,03141800307050,1
547,03141800307063,1
548,03141800307076,1
549,03141800307102,7
550,03141800307115,1
551,03141800307115,7
552,03141800307120,1
553,03141800307141,1
554,03141800618012,1
555,03141800618026,1
556,03141800618040,1
557,03141800618047,1
558,03141800618054,9
559,03141800618061,1
560,03141800618068,1
561,03141800618075,1
562,03141800910019,1
563,03141800910031,9
564,03141800910043,1
565,03141800910067,1
566,03141800910091,1
567,03141800910103,7
568,03141800910115,1
569,03141800910139,1
570,03150300101020,1
571,03150300101040,1
572,03150300101060,1
573,03150300101080,1
574,03150300101100,1
575,03150300101120,1
576,03150300101140,1
577,03150300101160,1
578,03150300101180,1
579,03150300101200,1
580,03150300101220,1
581,03150300101240,1
582,03150300905019,1
583,03150300905023,1
584,03150300905039,1
585,03150300905059,1
586,03150300905079,1
587,03150300905099,1
588,03150300905119,1
589,03150300905139,1
590,03150300905179,1
591,03150300905199,1
592,03150300905219,1
593,03150300905239,1
594,03150800103013,5
595,03150800103028,1
596,03150800103043,1
597,03150800103058,1
598,03150800103073,1
599,03150800103088,2
600,03150800103118,1
601,03150800103133,1
602,03150800103148,1
603,03150800103163,8
604,03151900506012,1
605,03151900506027,1
606,03151900506042,1
607,03151900506057,1
608,03151900506072,1
609,03151900506087,1
610,03151900506102,1
611,03151900506117,1
612,03151900506132,1
613,03151900506147,1
614,03151900506162,1
615,03151900506177,1
616,03152000107003,1
617,03152000107005,1
618,03152000107007,5
619,03152000107009,1
620,03152000107066,1
621,03152000107103,1
622,03152000407001,1
623,03152000407008,6
624,03152000407012,1
625,03152000407023,5
626,03152000407045,4
627,03152000407045,5
628,03152000407056,4
629,03152000407067,1
630,03152000407078,6
631,03152000407100,1
632,03152000407122,1
633,03152000705001,1
634,03152000705011,1
635,03152000705025,1
636,03152000705039,6
637,03152000705053,1
638,03152000705081,1
639,03152000705095,4
640,03152000705109,1
641,03152000705123,1
642,03152000705137,1
643,03160201902005,1
644,03160201902053,1
645,03160201902065,1
646,03160201902077,1
647,03160201902089,1
648,03160201902113,2
649,03160201902125,1
650,03160201902137,10
651,03160204005008,1
652,03160204005022,3
653,03160204005022,4
654,03160204005050,1
655,03160204005064,1
656,03160204005078,1
657,03160204005092,1
658,03160204005106,3
659,03160204005148,9
660,03160500103010,1
661,03160500103049,1
662,03160500103062,1
663,03160500103088,1
664,03160500103101,1
665,03160500103114,1
666,03160500103153,1
667,03160600803010,1
668,03160600803026,9
669,03160600803058,1
670,03160600803074,1
671,03160600803090,1
672,03160600803106,1
673,03160600803122,1
674,03160600803138,1
675,03161500214007,1
676,03161500214018,1
677,03161500214029,1
678,03161500214062,1
679,03161500214073,1
680,03161500214084,1
681,03161500214106,1
682,03161500214117,1
683,03161500214128,1
684,03170400206005,1
685,03170400206025,1
686,03170400206045,1
687,03170400206065,1
688,03170400206085,1
689,03170400206105,9
690,03170400206125,1
691,03170400206145,2
692,03170400206165,1
693,03170400206185,1
694,03170400206205,3
695,03170400206225,1
696,03170401804019,1
697,03170401804043,1
698,03170401804067,1
699,03170401804091,1
700,03170401804115,1
701,03170401804163,9
702,03170401804187,1
703,03170401804211,2
704,03170401804235,1
705,03170401804283,1
706,03170403702010,1
707,03170403702050,1
708,03170403702070,2
709,03170403702110,1
710,03170403702130,9
711,03170403702150,2
712,03170403702170,1
713,03170403702190,3
714,03170403702210,1
715,03170403702230,1
716,03170500110018,1
717,03170500110045,2
718,03170500110072,1
719,03170500110099,1
720,03170500110126,2
721,03170500110153,1
722,03170500110180,2
723,03170500110207,2
724,03170500110234,1
725,03170500110261,1
726,03170500110288,2
727,03170500110315,1
728,03170601005004,1
729,03170601005016,1
730,03170601005028,2
731,03170601005040,1
732,03170601005052,1
733,03170601005064,1
734,03170601005100,1
735,03170601005112,2
736,03170601005124,1
737,03170601005136,1
738,03180100102002,1
739,03180100102005,1
740,03180100102008,1
741,03180100102035,1
742,03180100102111,1
743,03180100102130,6
744,03180100102149,1
745,03180100102168,1
746,03180201302007,1
747,03180201302024,1
748,03180201302041,1
749,03180201302058,1
750,03180201302075,2
751,03180201302075,3
752,03180201302092,1
753,03180201302109,2
754,03180201302109,3
755,03180201302126,2
756,03180201302143,1
757,03180201302160,1
758,03180201302177,1
759,03180201302194,1
760,03180302503003,1
761,03180302503035,1
762,03180302503051,1
763,03180302503067,1
764,03180302503099,2
765,03180302503099,3
766,03180302503131,1
767,03180302503147,1
768,03180302503163,1
769,03180302503179,1
770,03180700305077,6
771,03180700305089,1
772,03180700305101,6
773,03180700305113,1
774,03180700305125,6
775,03180700305137,1
776,03190201401010,1
777,03190201401028,1
778,03190201401046,1
779,03190201401064,1
780,03190201401082,1
781,03190201401100,9
782,03190201401118,1
783,03190201401136,1
784,03190201401154,1
785,03190201401172,1
786,03190201401190,1
787,03190201401208,1
788,03190202501009,4
789,03190202501030,2
790,03190202501051,1
791,03190202501072,1
792,03190202501093,1
793,03190202501114,1
794,03190202501135,1
795,03190202501156,1
796,03190202501177,1
797,03190202501198,9
798,03190202501219,1
799,03190202501240,1
800,03190402004013,1
801,03190402004031,1
802,03190402004046,1
803,03190402004067,1
804,03190402004082,1
805,03190402004100,1
806,03190402004118,1
807,03190402004136,1
808,03190402004154,6
809,03190402004172,7
810,03190402004190,1
811,03190402004208,1
812,03200100113021,1
813,03200100113042,1
814,03200100113063,1
815,03200100113084,1
816,03200100113105,1
817,03200100113126,1
818,03200100113147,3
819,03200100113147,9
820,03200100113168,1
821,03200100113189,1
822,03200100113210,1
823,03200100113231,1
824,03200100113252,1
825,03200100807010,1
826,03200100807020,1
827,03200100807048,1
828,03200100807076,1
829,03200100807082,1
830,03200100807104,1
831,03200100807132,1
832,03200100807154,1
833,03200100807160,1
834,03200100807188,1
835,03200100807216,1
836,03200100807244,1
837,03200200209001,1
838,03200200209010,1
839,03200200209019,7
840,03200200209028,1
841,03200200209064,1
842,03200200209073,1
843,03200200209100,1
844,03210100412010,1
845,03210100412027,1
846,03210100412044,1
847,03210100412061,1
848,03210100412129,1
849,03210100412146,1
850,03210100412163,1
851,03210100412180,1
852,03210100808032,1
853,03210100808049,1
854,03210100808083,1
855,03210100808100,3
856,03210100808100,7
857,03210100808134,1
858,03210100808202,1
859,03210101214002,1
860,03210101214028,1
861,03210101214041,1
862,03210101214054,1
863,03210101214067,1
864,03210101214080,1
865,03210101214093,1
866,03210101214106,1
867,03210101214132,1
868,03210300832020,2
869,03210300832067,2
870,03210300832114,2
871,03210300832161,1
872,03210300832208,2
873,03210300832255,2
874,03210300832302,1
875,03210300832349,1
876,03210300832396,1
877,03210300832443,1
878,03210300832490,1
879,03210300832537,1
880,04220201601001,1
881,04220201601003,2
882,04220201601004,1
883,04220201601008,2
884,04220201601009,2
885,04220201601010,2
886,04220201601012,2
887,04220202602001,1
888,04220202602004,1
889,04220202602007,2
890,04220202602010,1
891,04220202602012,1
892,04220800303002,1
893,04220800303004,2
894,04220800303006,9
895,04220800303007,1
896,04220800303008,1
897,04220800303009,1
898,04220800303011,1
899,04220800303012,1
900,04221700103002,6
901,04221700103004,6
902,04221700103006,6
903,04221700103006,7
904,04221700103007,6
905,04221700103009,6
906,04221700103011,2
907,04221700103011,6
908,04230200302002,1
909,04230200302004,1
910,04230200302005,1
911,04230200302006,1
912,04230200302007,1
913,04230200302010,1
914,04230200302011,1
915,04230200302012,1
916,04231300304004,1
917,04231300304007,1
918,04231300304009,2
919,04231300304011,1
920,04231301905001,1
921,04231301905002,1
922,04231301905007,1
923,04231301905008,1
924,04231301905010,1
925,04231301905011,2
926,04231700111001,1
927,04231700111003,1
928,04231700111006,1
929,04231700111009,1
930,04231700304001,1
931,04231700304002,1
932,04231700304003,1
933,04231700304004,1
934,04231700304005,1
935,04231700304010,1
936,04231700304011,1
937,04231700417002,1
938,04231700417003,1
939,04231700417004,1
940,04231700417005,1
941,04231700417006,1
942,04231700417008,1
943,04231700417009,1
944,04231700417010,2
945,04231700417011,1
946,04231700602002,1
947,04231700602004,1
948,04231700602018,1
949,04240101704001,1
950,04240101704002,1
951,04240101704003,1
952,04240101704004,1
953,04240101704005,1
954,04240101704006,1
955,04240101704007,1
956,04240101704008,1
957,04240101704009,1
958,04240101704010,1
959,04240101704011,1
960,04240101704012,1
961,04240602203002,1
962,04240602203005,1
963,04240602203007,1
964,04240602203008,1
965,04240602203009,1
966,04240602203010,1
967,04240602203011,1
968,04240602203012,1
969,04241600101002,1
970,04241600101004,1
971,04241600101005,1
972,04241600101007,5
973,04241600101009,1
974,04241600101010,5
975,04241600101012,4
976,04241600101012,5
977,04242000217001,1
978,04242000217005,5
979,04242000217006,1
980,04242000217007,2
981,04242000217007,5
982,04242000217008,2
983,04242000217008,5
984,04242000217008,6
985,04242000217010,1
986,04242204001001,1
987,04242204001003,1
988,04242204001004,1
989,04242204001005,1
990,04242204001006,1
991,04242204001007,1
992,04242204001008,1
993,04242204001009,1
994,04242204001010,1
995,04242204001011,1
996,04242204001012,1
997,04250302905002,2
998,04250302905003,2
999,04250302905004,2
1000,04250302905005,1
1001,04250302905007,2
1002,04250302905009,1
1003,04250302905010,2
1004,04250302905011,2
1005,04250800404001,1
1006,04250800404002,1
1007,04250800404003,1
1008,04250800404004,1
1009,04250800404005,1
1010,04250800404006,1
1011,04250800404007,1
1012,04250800404008,2
1013,04250800404010,2
1014,04250800404011,2
1015,04250800404012,2
1016,04251103105001,1
1017,04251103105005,1
1018,04251103105007,1
1019,04251103105009,1
1020,04251103105012,1
1021,04251103502002,2
1022,04251103502003,2
1023,04251103502004,2
1024,04251103502007,2
1025,04251103502008,2
1026,04251103502009,2
1027,04251103502010,2
1028,04251103502011,2
1029,04251103502012,2
1030,04260500101001,2
1031,04260500101004,1
1032,04260500101007,1
1033,04260500101008,1
1034,04260500101009,1
1035,04260500101010,1
1036,04260500101012,1
1037,04260801102002,1
1038,04260801102004,8
1039,04260801102005,2
1040,04260801102006,9
1041,04260801102008,1
1042,04260801102011,6
1043,04260801102012,1
1044,04260803103001,1
1045,04260803103002,2
1046,04260803103003,1
1047,04260803103005,1
1048,04260803103007,1
1049,04260803103008,1
1050,04260803103009,2
1051,04260803103010,1
1052,04261400105001,1
1053,04261400105002,1
1054,04261400105005,2
1055,04261400105008,1
1056,04261400105010,1
1057,04261400105011,1
1058,04261500308003,1
1059,04261500308004,1
1060,04261500308005,1
1061,04261500308008,1
1062,04261500308009,1
1063,04261500308010,1
1064,04261701902001,1
1065,04261701902002,1
1066,04261701902003,2
1067,04261701902003,6
1068,04261701902005,1
1069,04261701902006,2
1070,04261701902006,10
1071,04261701902008,1
1072,04261701902010,2
1073,04261701902011,1
1074,04270101002002,2
1075,04270101002005,2
1076,04270101002006,1
1077,04270101002007,1
1078,04270101002008,1
1079,04270101002010,1
1080,04270101002012,1
1081,04271202206001,1
1082,04271202206002,1
1083,04271202206003,1
1084,04271202206004,1
1085,04271202206005,1
1086,04271202206006,1
1087,04271202206007,1
1088,04271202206009,1
1089,04271202206010,1
1090,04271202206011,1
1091,04271202206012,1
1092,04271800107003,1
1093,04271800107004,1
1094,04271800107005,1
1095,04271800107024,1
1096,04271800107084,1
1097,04271800107124,1
1098,04280201505001,1
1099,04280201505002,1
1100,04280201505004,1
1101,04280201505005,1
1102,04280201505008,1
1103,04280201505011,1
1104,04280201505012,1
1105,04280203203003,6
1106,04280203203004,1
1107,04280203203005,1
1108,04280203203006,1
1109,04280203203009,1
1110,04280203203010,1
1111,04280300107021,1
1112,04280300107034,1
1113,04280300107047,1
1114,04280300107060,1
1115,04280300107073,1
1116,04280300107086,1
1117,04280300107099,1
1118,04280300107138,1
1119,04280900511014,1
1120,04280900511029,6
1121,04280900511059,1
1122,04280900511119,1
1123,04280900511134,1
1124,04280900511149,1
1125,04280900803005,1
1126,04280900803031,1
1127,04280900803044,1
1128,04280900803070,1
1129,04280900803083,1
1130,04280900803109,1
1131,04280900803122,1
1132,04280900803148,1
1133,04290100110001,1
1134,04290100110002,1
1135,04290100110003,1
1136,04290100110004,1
1137,04290100110005,1
1138,04290100110006,1
1139,04290100110010,1
1140,04290100110011,1
1141,04290100110012,1
1142,04290500106002,1
1143,04290500106003,1
1144,04290500106004,1
1145,04290500106006,1
1146,04290500106008,1
1147,04290500106009,1
1148,04290500106011,1
1149,04290500106012,1
1150,04291500905001,1
1151,04291500905003,6
1152,04291500905004,1
1153,04291500905005,1
1154,04291500905006,1
1155,04291500905009,1
1156,04291500905010,1
1157,04291500905011,1
1158,04291500905012,1
1159,04291501302001,1
1160,04291501302002,1
1161,04291501302003,1
1162,04291501302005,2
1163,04291501302009,6
1164,04291501302011,1
1165,04291501302012,1
1166,04291801901004,1
1167,04291801901008,1
1168,04291801901011,1
1169,04291801901012,1
1170,04292500402001,1
1171,04292500402002,1
1172,04292500402007,1
1173,04292500402010,1
1174,04292500402011,1
1175,04300203306002,7
1176,04300203306003,1
1177,04300203306004,7
1178,04300203306009,1
1179,04300203306011,2
1180,04300203306012,1
1181,04300400106001,1
1182,04300400106002,1
1183,04300400106003,1
1184,04300400106004,1
1185,04300400106006,1
1186,04300400106007,1
1187,04300400106008,1
1188,04300400106009,1
1189,04300400106011,1
1190,04300400106012,1
1191,04300800105001,1
1192,04300800105002,1
1193,04300800105006,2
1194,04300800105007,1
1195,04300800105008,2
1196,04300800105008,9
1197,04300800105009,1
1198,04300800105010,8
1199,04300800105012,1
1200,04300800210001,1
1201,04300800210002,1
1202,04300800210008,1
1203,04300800210009,1
1204,04300800210010,1
1205,04300800210011,1
1206,04300800210012,1
1207,04300802504001,1
1208,04300802504002,1
1209,04300802504003,1
1210,04300802504006,1
1211,04300802504012,1
1212,04301301004001,1
1213,04301301004006,1
1214,04301301004011,1
1215,04301301004012,1
1216,04310302803001,1
1217,04310302803004,1
1218,04310302803006,1
1219,04310302803008,1
1220,04310302803009,1
1221,04310302803011,1
1222,04311102101001,1
1223,04311102101002,1
1224,04311102101003,1
1225,04311102101004,1
1226,04311102101005,1
1227,04311102101007,1
1228,04311102101008,1
1229,04311102101010,2
1230,04311102101011,1
1231,04311102101012,2
1232,04311103311001,1
1233,04311103311002,1
1234,04311103311003,1
1235,04311103311005,1
1236,04311103311006,1
1237,04311103311007,1
1238,04311103311009,1
1239,04311103311010,1
1240,04311103311012,1
1241,04311200105003,1
1242,04311200105004,1
1243,04311200105005,1
1244,04311200105007,1
1245,04311200105008,1
1246,04311200105012,1
1247,04320400608002,1
1248,04320400608004,1
1249,04320400608005,2
1250,04320400608007,2
1251,04320400608009,1
1252,04320400608011,1
1253,04320501610001,1
1254,04320501610002,1
1255,04320501610003,1
1256,04320501610004,1
1257,04320501610005,1
1258,04320501610006,1
1259,04320501610007,2
1260,04320501610008,1
1261,04320501610009,1
1262,04320501610010,1
1263,04320501610011,2
1264,04320501610012,2
1265,04320600302001,1
1266,04320600302002,1
1267,04320600302003,1
1268,04320600302004,1
1269,04320600302005,1
1270,04320600302006,1
1271,04320600302007,1
1272,04320600302008,1
1273,04320600302009,1
1274,04320600302010,2
1275,04320600302012,1
1276,04321100307002,1
1277,04321100307003,1
1278,04321100307004,1
1279,04321100307005,1
1280,04321100307006,1
1281,04321100307007,1
1282,04321100307008,1
1283,04321100307009,1
1284,04321100307010,1
1285,04321100307011,2
1286,04321100307012,1
1287,04321100505001,1
1288,04321100505002,1
1289,04321100505003,1
1290,04321100505004,1
1291,04321100505005,1
1292,04321100505006,1
1293,04321100505007,1
1294,04321100505008,1
1295,04321100505009,1
1296,04321100505010,1
1297,04321100505012,5
1298,04321200208020,1
1299,04321200208033,1
1300,04321200208046,1
1301,04321200208085,1
1302,04321200208098,1
1303,04321200208111,1
1304,04321200208124,1
1305,04321200208150,1
1306,04321401003001,1
1307,04321401003002,1
1308,04321401003003,1
1309,04321401003004,1
1310,04321401003005,1
1311,04321401003006,1
1312,04321401003007,1
1313,04321401003008,1
1314,04321401003009,1
1315,04321401003010,1
1316,04321401003011,1
1317,04321401003012,1
1318,04321600405001,1
1319,04321600405002,1
1320,04321600405003,1
1321,04321600405004,1
1322,04321600405005,2
1323,04321600405006,1
1324,04321600405008,1
1325,04321600405009,1
1326,04321600405010,7
1327,04321600405011,1
1328,04321600405011,9
1329,04321600405012,4
1330,04321801602001,1
1331,04321801602002,1
1332,04321801602003,1
1333,04321801602004,1
1334,04321801602005,1
1335,04321801602006,1
1336,04321801602007,2
1337,04321801602011,1
1338,04321801602012,1
1339,04330600803003,1
1340,04330600803018,1
1341,04330600803033,1
1342,04330600803048,1
1343,04330600803063,1
1344,04330600803078,1
1345,04330600803093,1
1346,04330600803108,1
1347,04330600803123,1
1348,04330600803138,1
1349,04330600803153,1
1350,04330600803168,1
1351,04330801809005,1
1352,04330801809021,1
1353,04330801809037,1
1354,04330801809053,1
1355,04330801809069,1
1356,04330801809085,1
1357,04330801809101,1
1358,04330801809117,1
1359,04330801809133,1
1360,04330801809149,1
1361,04330801809165,1
1362,04330801809181,1
1363,04331301403001,1
1364,04331301403018,1
1365,04331301403052,1
1366,04331301403069,1
1367,04331301403086,1
1368,04331301403103,1
1369,04331301403120,1
1370,04331301403137,1
1371,04331301403154,1
1372,04331301403171,1
1373,04331301403188,1
1374,04340201103001,2
1375,04340201103002,1
1376,04340201103003,1
1377,04340201103004,2
1378,04340201103005,2
1379,04340201103006,2
1380,04340201103007,2
1381,04340201103008,2
1382,04340201103009,2
1383,04340300103004,1
1384,04340300103008,1
1385,04340300103012,1
1386,04340300103033,1
1387,04340300103055,1
1388,04340300103075,1
1389,04340300103096,1
1390,04340300103100,1
1391,04340300103117,1
1392,04340300103138,1
1393,04340300103159,1
1394,04340300103180,1
1395,04340501201004,1
1396,04340501201005,1
1397,04340501201006,1
1398,04340501201007,1
1399,04340501201011,1
1400,04340900114017,1
1401,04340900114035,1
1402,04340900114053,1
1403,04340900114071,1
1404,04340900114089,1
1405,04340900114107,1
1406,04340900114125,6
1407,04340900114143,1
1408,04340900114161,1
1409,04340900114179,1
1410,04340900114197,1
1411,04340900114215,1
1412,04350203701001,1
1413,04350203701002,1
1414,04350203701003,1
1415,04350203701004,1
1416,04350203701005,1
1417,04350203701006,1
1418,04350203701007,2
1419,04350203701009,2
1420,04350203701010,2
1421,04350203701011,2
1422,04350203701012,2
1423,04350204302001,1
1424,04350204302002,1
1425,04350204302003,1
1426,04350204302004,1
1427,04350204302005,1
1428,04350204302006,1
1429,04350204302008,2
1430,04350204302009,2
1431,04350602101001,1
1432,04350602101001,2
1433,04350602101002,2
1434,04350602101002,4
1435,04350602101002,6
1436,04350602101003,1
1437,04350602101008,1
1438,04350602101009,2
1439,04350602101011,2
1440,04350602101012,1
1441,04351100115011,1
1442,04351100115037,1
1443,04351100115063,1
1444,04351100115089,1
1445,04351100115128,1
1446,04351100115154,1
1447,04360100202001,1
1448,04360100202002,1
1449,04360100202004,1
1450,04360100202007,1
1451,04360100202009,1
1452,04360100202010,1
1453,04360100202011,1
1454,04360100513002,1
1455,04360100513010,1
1456,04360100513018,1
1457,04360100513034,1
1458,04360100513042,1
1459,04360100513058,1
1460,04360100513082,1
1461,04360100513090,1
1462,04360101005002,1
1463,04360101005003,1
1464,04360101005006,1
1465,04360101005009,9
1466,04360101005011,1
1467,04360101005012,1
1468,04360101402001,1
1469,04360101402002,1
1470,04360101402003,1
1471,04360101402005,1
1472,04360101402006,1
1473,04360101402007,1
1474,04360101402008,1
1475,04360101402010,1
1476,04370100405002,6
1477,04370100405003,1
1478,04370100405005,6
1479,04370100405006,1
1480,04370100405007,2
1481,04370100405008,1
1482,04370100405010,2
1483,04370100405012,1
1484,04370100805002,1
1485,04370100805003,1
1486,04370100805005,2
1487,04370100805006,1
1488,04370100805007,1
1489,04370100805010,1
1490,04370101213002,2
1491,04370101213002,6
1492,04370101213003,1
1493,04370101213004,6
1494,04370101213005,1
1495,04370101213007,1
1496,04370101213008,1
1497,04370101213010,5
1498,04370101213010,6
1499,04370101213011,1
1500,04380301901001,1
1501,04380301901002,4
1502,04380301901002,5
1503,04380301901003,3
1504,04380301901003,5
1505,04380301901004,5
1506,04380301901005,1
1507,04380301901005,3
1508,04380301901006,1
1509,04380301901006,7
1510,04380301901007,2
1511,04380301901008,2
1512,04380301901009,1
1513,04380301901010,2
1514,04380301901011,1
1515,04380301901012,1
1516,04380304202001,3
1517,04380304202002,1
1518,04380304202002,4
1519,04380304202002,6
1520,04380304202003,2
1521,04380304202003,5
1522,04380304202007,1
1523,04380304202008,1
1524,04380304202009,1
1525,04380304202010,2
1526,04380304202011,1
1527,04380304202012,2
1528,04380801605002,1
1529,04380801605003,1
1530,04380801605004,1
1531,04380801605005,1
1532,04380801605006,1
1533,04380801605007,1
1534,04380801605008,1
1535,04380801605009,1
1536,04380801605010,1
1537,04380801605011,1
1538,04380801605012,5
1539,04381000108001,1
1540,04381000108004,1
1541,04381000108007,1
1542,04381000108015,1
1543,04381000108039,1
1544,04381000108063,1
1545,04381000108087,1
1546,04381000108111,1
1547,04381000108135,1
1548,04381000108159,1
1549,04381000108183,1
1550,04381000108207,1
1551,04381001704002,1
1552,04381001704006,1
1553,04381001704007,2
1554,04381100116005,1
1555,04381100116006,1
1556,04381100116008,1
1557,04381100116009,1
1558,04381100116010,9
1559,04381100116011,1
1560,04381100402001,1
1561,04381100402003,1
1562,04381100402004,1
1563,04381100402005,1
1564,04381100402006,1
1565,04381100402008,1
1566,04381100402010,1
1567,04381100521008,1
1568,04381100521017,1
1569,04381100521044,1
1570,04381100521062,1
1571,04381100521080,1
1572,04381100521098,1
1573,04381100716003,1
1574,04381100716006,1
1575,04381100716016,1
1576,04381100716028,1
1577,04381100716078,1
1578,04381100716096,1
1579,04390300402002,2
1580,04390300402004,1
1581,04390300402005,1
1582,04390300402006,1
1583,04390300402009,1
1584,04390300402011,1
1585,04390300601003,1
1586,04390300601006,1
1587,04390300601009,2
1588,04390300601012,1
1589,04390302201001,6
1590,04390302201004,1
1591,04390302201007,1
1592,04390302201011,2
1593,04390302201012,2
1594,04390700103001,1
1595,04390700103003,1
1596,04390700103004,1
1597,04390700103005,1
1598,04390700103008,1
1599,04390700103010,1
1600,04390700103011,1
1601,04390700103012,1
1602,04391000302001,1
1603,04391000302002,1
1604,04391000302003,1
1605,04391000302004,6
1606,04391000302005,1
1607,04391000302006,1
1608,04391000302007,1
1609,04391000302008,1
1610,04391000302010,2
1611,05400100401002,1
1612,05400100401005,1
1613,05400100401008,1
1614,05400100401011,1
1615,05400100401012,1
1616,05400100401014,1
1617,05400100401017,1
1618,05400100401020,1
1619,05400100401023,1
1620,05400100401026,1
1621,05400100401036,1
1622,05400100401060,1
1623,05400101201003,1
1624,05400101201008,1
1625,05400101201011,2
1626,05400101201011,3
1627,05400101201011,9
1628,05400101201013,1
1629,05400101201018,1
1630,05400101201023,1
1631,05400101201028,1
1632,05400101201033,2
1633,05400101201033,3
1634,05400101201034,3
1635,05400101201034,9
1636,05400101201038,2
1637,05400101201038,9
1638,05400101201043,2
1639,05400101201043,3
1640,05400101201057,2
1641,05400101201057,4
1642,05400101201057,9
1643,05400300103005,2
1644,05400300103005,3
1645,05400300103010,1
1646,05400300103014,2
1647,05400300103014,3
1648,05400300103014,9
1649,05400300103023,2
1650,05400300103023,3
1651,05400300103030,1
1652,05400300103032,2
1653,05400300103032,9
1654,05400300103041,2
1655,05400300103041,9
1656,05400300103047,1
1657,05400300103050,1
1658,05400300103059,1
1659,05400300103068,1
1660,05400300103077,1
1661,05400301101001,2
1662,05400301101001,3
1663,05400301101001,9
1664,05400301101013,2
1665,05400301101013,3
1666,05400301101013,9
1667,05400301101025,2
1668,05400301101037,2
1669,05400301101037,3
1670,05400301101049,2
1671,05400301101049,3
1672,05400301101049,9
1673,05400301101061,2
1674,05400301101073,1
1675,05400301101085,1
1676,05400301101097,1
1677,05400301101109,1
1678,05400301101121,1
1679,05400301101133,1
1680,05400401501020,1
1681,05400401501048,1
1682,05400401501076,1
1683,05400401501104,1
1684,05400401501132,1
1685,05400401501160,1
1686,05400401501188,1
1687,05400401501216,1
1688,05400401501244,1
1689,05400401501270,1
1690,05400401501286,1
1691,05400401501302,1
1692,05400601201005,1
1693,05400601201015,1
1694,05400601201025,1
1695,05400601201035,1
1696,05400601201045,1
1697,05400601201055,1
1698,05400601201065,1
1699,05400601201075,1
1700,05400601201085,1
1701,05400601201095,1
1702,05400601201105,1
1703,05400601201115,1
1704,05410400405001,1
1705,05410400405015,1
1706,05410400405059,1
1707,05410400405070,1
1708,05410400405103,1
1709,05410400634003,9
1710,05410400634019,6
1711,05410400634067,1
1712,05410400634115,1
1713,05410400634131,1
1714,05410403801005,2
1715,05410403801014,1
1716,05410403801059,1
1717,05410403801068,1
1718,05410403801086,1
1719,05410403801095,1
1720,05410415801002,1
1721,05410415801015,1
1722,05410415801026,1
1723,05410415801044,1
1724,05410415801050,1
1725,05410415801054,1
1726,05410600103004,1
1727,05410600103012,1
1728,05410600103028,1
1729,05410600103036,1
1730,05410600103052,1
1731,05410600103060,1
1732,05410600103068,1
1733,05410600103076,1
1734,05410600103084,1
1735,05410600103092,1
1736,05410603406003,2
1737,05410603406016,1
1738,05410603406029,2
1739,05410603406029,9
1740,05410603406042,1
1741,05410603406055,1
1742,05410603406068,1
1743,05410603406081,1
1744,05410603406094,1
1745,05410603406107,2
1746,05410603406120,1
1747,05410603406133,1
1748,05410603406146,2
1749,05410700301001,1
1750,05410700301002,1
1751,05410700301005,1
1752,05410700301009,1
1753,05410700301010,2
1754,05410700301018,2
1755,05410700301018,3
1756,05410700301026,2
1757,05410700301026,3
1758,05410700301026,9
1759,05410700301034,1
1760,05410700301042,1
1761,05410700301050,2
1762,05410700301066,1
1763,05410700901007,1
1764,05410700901021,2
1765,05410700901021,4
1766,05410700901035,1
1767,05410700901049,1
1768,05410700901063,2
1769,05410700901077,2
1770,05410700901077,9
1771,05410700901091,9
1772,05410700901105,1
1773,05410700901119,1
1774,05410700901133,2
1775,05410700901147,1
1776,05410700901161,9
1777,05420299912007,1
1778,05420299912017,1
1779,05420299912027,1
1780,05420299912037,1
1781,05420299912047,1
1782,05420299912067,3
1783,05420299912067,6
1784,05420299912067,9
1785,05420299912077,2
1786,05420299912077,4
1787,05420299912077,6
1788,05420299912087,2
1789,05420299912087,4
1790,05420299912087,7
1791,05420299912097,2
1792,05420299912097,3
1793,05420299912097,5
1794,05420299912097,9
1795,05420299912107,2
1796,05420299912107,5
1797,05420299912107,9
1798,05420299912117,1
1799,06460301303013,9
1800,06460301303028,1
1801,06460301303058,1
1802,06460301303073,1
1803,06460301303088,8
1804,06460301303103,1
1805,06460301303118,1
1806,06460301303133,1
1807,06460301303148,1
1808,06460301303163,1
1809,06460301303178,1
1810,06460500108002,1
1811,06460500108003,1
1812,06460500108004,1
1813,06460500108005,1
1814,06460500108006,1
1815,06460500108007,1
1816,06460500108008,1
1817,06460500108009,1
1818,06460500108010,1
1819,06460500108011,1
1820,06460500108012,1
1821,06460701104012,1
1822,06460701104028,1
1823,06460701104044,9
1824,06460701104060,1
1825,06460701104076,7
1826,06460701104092,1
1827,06460701104108,1
1828,06460701104124,1
1829,06460701104140,1
1830,06460701104156,1
1831,06460701104172,1
1832,06460701104188,1
1833,06460701302014,1
1834,06460701302030,1
1835,06460701302046,1
1836,06460701302062,1
1837,06460701302078,1
1838,06460701302094,1
1839,06460701302110,1
1840,06460701302126,1
1841,06460701302142,1
1842,06460701302158,8
1843,06460701302174,3
1844,06460701302190,1
1845,06470300204001,1
1846,06470300204002,1
1847,06470300204003,1
1848,06470300204004,1
1849,06470300204005,1
1850,06470300204007,1
1851,06470300204009,1
1852,06470300204010,1
1853,06470300204011,1
1854,06470300204012,1
1855,06470300314001,1
1856,06470300314002,1
1857,06470300314003,1
1858,06470300314004,1
1859,06470300314005,1
1860,06470300314006,1
1861,06470300314007,1
1862,06470300314008,1
1863,06470300314009,1
1864,06470300314010,1
1865,06470300314011,1
1866,06470300314012,1
1867,06470301201001,1
1868,06470301201002,1
1869,06470301201003,1
1870,06470301201004,1
1871,06470301201005,1
1872,06470301201006,1
1873,06470301201007,2
1874,06470301201008,1
1875,06470301201010,9
1876,06470301201011,1
1877,06470301201012,1
1878,06470305101001,1
1879,06470305101002,6
1880,06470305101004,2
1881,06470305101005,1
1882,06470305101006,6
1883,06470305101011,1
1884,06480200101001,1
1885,06480200101002,1
1886,06480200101004,1
1887,06480200101005,1
1888,06480200101006,1
1889,06480200101007,1
1890,06480200101008,1
1891,06480200101009,1
1892,06480200101010,1
1893,06480200101012,1
1894,06480201401002,1
1895,06480201401004,1
1896,06480201401006,2
1897,06480201401007,2
1898,06480201401008,1
1899,06480201401009,1
1900,06480201401010,2
1901,06480201401011,6
1902,06480201401012,2
1903,06490800103001,1
1904,06490800103002,1
1905,06490800103003,1
1906,06490800103004,1
1907,06490800103006,1
1908,06490800103007,1
1909,06490800103008,1
1910,06490800103009,1
1911,06490800103010,1
1912,07500600204010,1
1913,07500600204024,1
1914,07500600204038,6
1915,07500600204052,1
1916,07500600204066,6
1917,07500600204080,6
1918,07500600204094,1
1919,07500600204108,1
1920,07500600204122,1
1921,07500600204136,1
1922,07500600204150,1
1923,07500600204164,1
1924,07500601802001,1
1925,07500601802003,7
1926,07500601802013,1
1927,07500601802023,1
1928,07500601802033,1
1929,07500601802043,1
1930,07500601802044,1
1931,07500601802053,6
1932,07500601802063,6
1933,07500601802073,1
1934,07500601802083,1
1935,07500601802087,1
1936,07500901704001,6
1937,07500901704002,6
1938,07500901704003,6
1939,07500901704004,6
1940,07500901704005,1
1941,07500901704025,1
1942,07500901704049,6
1943,07500901704073,6
1944,07500901704097,6
1945,07500901704101,6
1946,07500901704121,6
1947,07500901704145,6
1948,07501400105001,1
1949,07501400105004,1
1950,07501400105006,1
1951,07501400105007,1
1952,07501400105008,1
1953,07501400105010,1
1954,07501400105011,1
1955,07501400105012,1
1956,07510100104001,1
1957,07510100104002,1
1958,07510100104003,1
1959,07510100104004,1
1960,07510100104005,1
1961,07510100104006,1
1962,07510100104007,1
1963,07510100104008,1
1964,07510100104009,1
1965,07510100104010,1
1966,07510100104011,1
1967,07510100104012,1
1968,07511000702001,6
1969,07511000702002,1
1970,07511000702003,6
1971,07511000702004,6
1972,07511000702005,6
1973,07511000702006,6
1974,07511000702007,6
1975,07511000702043,6
1976,07511000702086,6
1977,07511000702129,6
1978,07511000702172,6
1979,07511000702215,6
1980,07511100128001,1
1981,07511100128003,1
1982,07511100128004,1
1983,07511100128005,1
1984,07511100128006,1
1985,07511100128007,1
1986,07511100128010,1
1987,07511100128011,1
1988,07511100128012,1
1989,07511100224004,1
1990,07511100224005,1
1991,07511100224007,1
1992,07511100224009,1
1993,07511100224010,1
1994,07511100224011,1
1995,07511100224012,1
1996,07520100101001,1
1997,07520100101002,1
1998,07520100101003,1
1999,07520100101004,1
2000,07520100101005,1
2001,07520100101006,1
2002,07520100101007,1
2003,07520100101008,1
2004,07520100101009,1
2005,07520100101011,1
2006,07520301304006,6
2007,07520301304023,1
2008,07520301304040,1
2009,07520301304057,1
2010,07520301304074,6
2011,07520301304091,6
2012,07520301304108,1
2013,07520301304125,1
2014,07520301304142,1
2015,07520301304159,1
2016,07520301304176,1
2017,07520301304193,1
2018,07520500901005,1
2019,07520500901016,6
2020,07520500901027,1
2021,07520500901038,5
2022,07520500901049,3
2023,07520500901060,3
2024,07520500901071,1
2025,07520500901082,3
2026,07520500901093,3
2027,07520500901104,1
2028,07520500901115,1
2029,07520500901126,6
2030,07520701406006,1
2031,07520701406008,2
2032,07520701406017,1
2033,07520701406026,2
2034,07520701406028,1
2035,07520701406044,2
2036,07520701406062,1
2037,07520701406080,1
2038,07520701406098,6
2039,07520701406116,1
2040,07520701406134,1
2041,07520701406152,1
2042,07530300603004,1
2043,07530300603022,1
2044,07530300603040,1
2045,07530300603058,1
2046,07530300603076,1
2047,07530300603094,1
2048,07530300603112,1
2049,07530300603130,1
2050,07530300603148,1
2051,07530300603166,1
2052,07530300603184,1
2053,07530300603202,1
2054,07530302901004,1
2055,07530302901030,1
2056,07530302901056,1
2057,07530302901082,1
2058,07530302901108,1
2059,07530302901134,1
2060,07530302901160,1
2061,07530302901186,1
2062,07530302901212,1
2063,07530302901238,1
2064,07530302901264,1
2065,07530302901290,1
2066,07530400605007,1
2067,07530400605011,1
2068,07530400605019,1
2069,07530400605023,1
2070,07530400605027,6
2071,07530400605031,1
2072,07530400605039,1
2073,07540401003002,1
2074,07540401003018,1
2075,07540401003034,1
2076,07540401003050,1
2077,07540401003066,1
2078,07540401003082,2
2079,07540401003098,1
2080,07540401003114,1
2081,07540401003130,1
2082,07540401003146,1
2083,07540401003162,1
2084,07540401003178,1
2085,07540401303003,1
2086,07540401303025,1
2087,07540401303047,1
2088,07540401303069,1
2089,07540401303091,1
2090,07540401303113,1
2091,07540401303135,1
2092,07540401303157,1
2093,07540401303179,1
2094,07540401303201,1
2095,07540401303223,1
2096,07540401303245,1
2097,07540700103011,1
2098,07540700103019,1
2099,07540700103027,1
2100,07540700103059,1
2101,07540700103067,1
2102,07540700103083,1
2103,07540700103091,1
2104,07540700202001,1
2105,07540700202002,1
2106,07540700202006,1
2107,07540700202008,1
2108,07540700202010,1
2109,07540700202011,1
2110,07540700202012,1
2111,07540700315013,1
2112,07540700315024,1
2113,07540700315035,1
2114,07540700315057,1
2115,07540700315068,1
2116,07540700315079,1
2117,07540700315090,1
2118,07540700315101,1
2119,07540700315112,1
2120,07540700315123,1
2121,07550200101001,6
2122,07550200101009,1
2123,07550200101015,1
2124,07550200101017,1
2125,07550200101025,2
2126,07550200101033,1
2127,07550200101041,1
2128,07550200101049,1
2129,07550200101054,6
2130,07550200101057,2
2131,07550200101065,1
2132,07550200101093,1
2133,07550200109015,1
2134,07550200109033,6
2135,07550200109051,1
2136,07550200109069,1
2137,07550200109087,1
2138,07550200109105,3
2139,07550200109123,1
2140,07550200109141,1
2141,07550200109159,1
2142,07550200109177,1
2143,07550200109195,1
2144,07550200109213,1
2145,07551300102003,1
2146,07551300102022,1
2147,07551300102060,1
2148,07551300102079,3
2149,07551300102117,1
2150,07551300102136,1
2151,07551300102174,2
2152,07551300102212,1
2153,07551300206004,1
2154,07551300206021,1
2155,07551300206038,1
2156,07551300206055,1
2157,07551300206072,1
2158,07551300206089,1
2159,07551300206106,1
2160,07551300206123,1
2161,07551300206140,1
2162,07551300206157,1
2163,07551300206174,1
2164,07551300206191,1
2165,07551300314002,1
2166,07551300314019,1
2167,07551300314036,1
2168,07551300314053,1
2169,07551300314070,1
2170,07551300314087,1
2171,07551300314138,1
2172,07551300314155,1
2173,07551300314172,1
2174,07551300314189,1
2175,07560200303001,1
2176,07560200303005,1
2177,07560200303033,1
2178,07560200303049,1
2179,07560200303081,1
2180,07560200303097,1
2181,07560200303113,1
2182,07560200303129,1
2183,07560200303145,1
2184,07560200303161,1
2185,07560200303177,1
2186,07560201903003,1
2187,07560201903010,1
2188,07560201903017,1
2189,07560201903024,1
2190,07560201903031,1
2191,07560201903038,1
2192,07560201903045,1
2193,07560201903050,1
2194,07560201903052,1
2195,07560201903059,1
2196,07560201903118,1
2197,07560201903186,1
2198,07560202402004,1
2199,07560202402006,4
2200,07560202402021,1
2201,07560202402029,1
2202,07560202402038,1
2203,07560202402052,1
2204,07560202402055,1
2205,07560202402072,5
2206,07560202402089,1
2207,07560202402106,1
2208,07560202402123,1
2209,07560202402140,4
2210,07570900601001,1
2211,07570900601002,1
2212,07570900601004,1
2213,07570900601005,1
2214,07570900601006,1
2215,07570900601007,1
2216,07570900601008,1
2217,07570900601009,1
2218,07570900601010,1
2219,07570900601011,1
2220,07570900601012,1
2221,07570901802001,1
2222,07570901802003,1
2223,07570901802004,1
2224,07570901802006,1
2225,07570901802007,1
2226,07570901802008,1
2227,07570901802009,1
2228,07570901802010,1
2229,07570901802011,1
2230,07580100101001,1
2231,07580100101003,1
2232,07580100101005,1
2233,07580100101009,1
2234,07580100101021,1
2235,07580100101039,1
2236,07580100101057,1
2237,07580100101075,1
2238,07580100101093,1
2239,07580100101111,1
2240,07580100101129,1
2241,07580100101147,1
2242,07580600101004,1
2243,07580600101022,1
2244,07580600101040,1
2245,07580600101058,1
2246,07580600101076,1
2247,07580600101094,1
2248,07580600101112,1
2249,07580600101130,1
2250,07580600101148,1
2251,07580600101166,1
2252,07580600101184,1
2253,07580600101202,1
2254,07580601309004,1
2255,07580601309023,1
2256,07580601309042,1
2257,07580601309061,1
2258,07580601309080,1
2259,07580601309099,1
2260,07580601309118,1
2261,07580601309137,1
2262,07580601309156,6
2263,07580601309175,1
2264,07580601309194,1
2265,07580601309213,1
2266,07581600112007,1
2267,07581600112025,1
2268,07581600112043,1
2269,07581600112061,1
2270,07581600112079,1
2271,07581600112115,1
2272,07581600112170,1
2273,07581600112187,1
2274,07581600112205,1
2275,07581600302008,1
2276,07581600302024,1
2277,07581600302040,1
2278,07581600302056,1
2279,07581600302072,1
2280,07581600302088,1
2281,07581600302104,1
2282,07581600302120,1
2283,07581600302136,1
2284,07581600302152,1
2285,07581600302168,1
2286,07581600302184,1
2287,07581600407023,1
2288,07581600407038,1
2289,07581600407053,1
2290,07581600407068,1
2291,07581600407083,1
2292,07581600407113,3
2293,07581600407128,1
2294,07581600407143,1
2295,07581600407158,1
2296,07581600407173,1
2297,07590401603001,1
2298,07590401603005,1
2299,07590401603006,1
2300,07590401603007,1
2301,07590401603008,1
2302,07590401603009,1
2303,07590401603010,1
2304,07590401603011,1
2305,07590401603012,1
2306,07590700102006,1
2307,07590700102023,1
2308,07590700102040,1
2309,07590700102057,1
2310,07590700102074,1
2311,07590700102091,1
2312,07590700102108,1
2313,07590700102125,1
2314,07590700102142,1
2315,07590700102159,1
2316,07590700102176,1
2317,07590700102193,1
2318,07590800501001,1
2319,07590800501002,9
2320,07590800501003,1
2321,07590800501004,1
2322,07590800501005,1
2323,07590800501006,1
2324,07590800501007,1
2325,07590800501008,1
2326,07590800501009,1
2327,07590800501010,9
2328,07590800501011,1
2329,07590800501012,1
2330,07600102304004,1
2331,07600102304007,1
2332,07600102304009,1
2333,07600102304012,1
2334,07610101505006,1
2335,07610101505009,1
2336,07610101505015,1
2337,07610101505024,1
2338,07610101505033,1
2339,07610101505042,1
2340,07610101505051,1
2341,07610101505058,1
2342,07610101505060,1
2343,07610101505069,1
2344,07610101505078,1
2345,07610101505107,1
2346,07610101604003,1
2347,07610101604024,1
2348,07610101604045,1
2349,07610101604066,1
2350,07610101604087,1
2351,07610101604129,1
2352,07610101604150,1
2353,07610101604171,3
2354,07610101604192,1
2355,07610101604213,3
2356,07610101604234,1
2357,07620300101001,1
2358,07620300101002,1
2359,07620300101004,1
2360,07620300101007,1
2361,07620300101020,1
2362,07620300101038,3
2363,07620300101056,1
2364,07620300101074,1
2365,07620300101092,1
2366,07620300101110,1
2367,07620300101128,1
2368,07620300101146,1
2369,07630101203007,1
2370,07630101203023,5
2371,07630101203039,5
2372,07630101203055,5
2373,07630101203071,1
2374,07630101203087,1
2375,07630101203103,1
2376,07630101203119,1
2377,07630101203135,1
2378,07630101203151,1
2379,07630101203167,5
2380,07630101203183,5
2381,07630102501005,1
2382,07630102501023,1
2383,07630102501041,1
2384,07630102501059,1
2385,07630102501077,1
2386,07630102501095,1
2387,07630102501113,3
2388,07630102501113,8
2389,07630102501131,1
2390,07630102501149,1
2391,07630102501167,1
2392,07630102501185,1
2393,07630102501203,1
2394,07640101801005,9
2395,07640101801008,1
2396,07640101801023,1
2397,07640101801024,9
2398,07640101801038,1
2399,07640101801043,1
2400,07640101801062,1
2401,07640101801081,1
2402,07640101801100,1
2403,07640101801119,8
2404,07640101801138,1
2405,07640101801157,1
2406,07640300502002,1
2407,07640300502005,1
2408,07640300502006,9
2409,07640300502008,9
2410,07640300502011,1
2411,07640300502014,1
2412,07640300502017,1
2413,07640300502020,1
2414,07640300502023,1
2415,07640300502026,1
2416,07640300502062,1
2417,07640300502118,1
2418,07650101206007,1
2419,07650101206025,1
2420,07650101206043,1
2421,07650101206061,1
2422,07650101206079,1
2423,07650101206097,1
2424,07650101206115,1
2425,07650101206133,1
2426,07650101206151,1
2427,07650101206169,1
2428,07650101206187,1
2429,07650101206205,1
2430,07650105703009,5
2431,07650105703027,1
2432,07650105703045,1
2433,07650105703063,1
2434,07650105703081,1
2435,07650105703099,6
2436,07650105703117,1
2437,07650105703135,9
2438,07650105703153,1
2439,07650105703171,1
2440,07650105703189,1
2441,07650105703207,1
2442,07661900106001,2
2443,07661900106002,1
2444,07661900106005,2
2445,07661900106006,1
2446,07661900106007,1
2447,07661900106008,1
2448,07661900421004,1
2449,07661900421013,1
2450,07661900421022,1
2451,07661900421031,1
2452,07661900421040,1
2453,07661900421049,1
2454,07661900421058,1
2455,07661900421067,1
2456,07661900421076,1
2457,07661900421085,1
2458,07661900421094,1
2459,07661900421103,1
2460,07661900703002,1
2461,07661900703011,1
2462,07661900703012,1
2463,07661900703020,1
2464,07661900703038,1
2465,07661900703056,1
2466,07661900703074,1
2467,07661900703092,1
2468,07661900703182,1
2469,12670300101002,1
2470,12670300101003,1
2471,12670300101008,1
2472,12670300101010,1
2473,12670500701001,1
2474,12670500701002,1
2475,12670500701003,1
2476,12670500701004,1
2477,12670500701005,1
2478,12670500701006,1
2479,12670500701007,1
2480,12670500701008,1
2481,12670500701009,1
2482,12670500701010,1
2483,12670500701011,1
2484,12670500701012,1
2485,12670600303006,1
2486,12670600303009,1
2487,12670600303011,5
2488,12680100101001,1
2489,12680100101002,1
2490,12680100101005,1
2491,12680100101007,1
2492,12680100101008,1
2493,12680100101010,1
2494,12680100101012,1
2495,12690101901001,1
2496,12690101901002,1
2497,12690101901003,1
2498,12690101901004,1
2499,12690101901005,1
2500,12690101901006,1
2501,12690101901007,1
2502,12690101901008,1
2503,12690101901009,1
2504,12690101901010,1
2505,12690101901011,1
2506,12690101901012,1
2507,13700100405006,1
2508,13700100405007,8
2509,13700100405009,1
2510,13700100405012,1
2511,13700100901001,1
2512,13700100901002,1
2513,13700100901003,1
2514,13700100901004,1
2515,13700100901007,1
2516,13700100901010,1
2517,13700100901011,1
2518,13700101407002,1
2519,13700101407005,1
2520,13700101407007,1
2521,13700101407010,1
2522,13700101407011,9
2523,13700101407012,1
2524,13700101901002,5
2525,13700101901004,2
2526,13700101901005,5
2527,13700101901008,1
2528,13700101901010,1
2529,13700101901012,1
2530,14720100113001,2
2531,14720100113002,2
2532,14720100113003,2
2533,14720100113004,2
2534,14720100113006,2
2535,14720100113006,3
2536,14720100113007,2
2537,14720100113008,2
2538,14720100113009,2
2539,14720100113010,2
2540,14720100113011,2
2541,14720100113012,2
2542,14720100113012,3
2543,14720100113013,2
2544,14720100113014,2
2545,14720100113015,3
2546,14720100113016,2
2547,14720100113017,2
2548,14720100113018,2
2549,14720100113019,2
2550,14720100113020,1
2551,14720100211001,1
2552,14720100211002,1
2553,14720100211003,2
2554,14720100211004,1
2555,14720100211005,1
2556,14720100211006,1
2557,14720100211007,1
2558,14720100211008,1
2559,14720100211009,1
2560,14720100211010,1
2561,14720100211011,2
2562,14720100211012,2
2563,14720100211013,1
2564,14720100211014,1
2565,14720100211015,1
2566,14720100211016,1
2567,14720100211017,1
2568,14720100211018,2
2569,14720100211019,1
2570,14720100211020,1
2571,14720100222001,2
2572,14720100222002,1
2573,14720100222002,5
2574,14720100222002,6
2575,14720100222003,2
2576,14720100222003,4
2577,14720100222004,9
2578,14720100222005,1
2579,14720100222006,1
2580,14720100222007,1
2581,14720100222008,1
2582,14720100222009,1
2583,14720100222010,1
2584,14720100222011,6
2585,14720100222012,6
2586,14720100222013,1
2587,14720100222014,1
2588,14720100222015,1
2589,14720100222016,1
2590,14720100222017,1
2591,14720100222018,1
2592,14720100222019,1
2593,14720100222020,1
2594,14720100315003,1
2595,14720100315004,1
2596,14720100315005,1
2597,14720100315006,1
2598,14720100315012,1
2599,14720100315047,1
2600,14720100315054,1
2601,14720100315061,1
2602,14720100315068,1
2603,14720100315075,1
2604,14720100315082,1
2605,14720100315089,4
2606,14720100315096,1
2607,14720100315103,1
2608,14720100315110,3
2609,14720100315117,1
2610,14720100315124,1
2611,14720100315131,3
2612,14720100315138,1
2613,14720100326001,2
2614,14720100326002,1
2615,14720100326003,1
2616,14720100326004,1
2617,14720100326005,1
2618,14720100326006,1
2619,14720100326007,1
2620,14720100326008,1
2621,14720100326009,1
2622,14720100326010,1
2623,14720100326011,1
2624,14720100326012,1
2625,14720100326013,1
2626,14720100326014,1
2627,14720100326015,1
2628,14720100326016,1
2629,14720100326017,1
2630,14720100326018,1
2631,14720100326019,1
2632,14720100326020,1
2633,14720100406001,1
2634,14720100406002,1
2635,14720100406003,4
2636,14720100406003,6
2637,14720100406004,1
2638,14720100406005,1
2639,14720100406006,1
2640,14720100406007,1
2641,14720100406008,2
2642,14720100406009,1
2643,14720100406010,1
2644,14720100406011,1
2645,14720100406012,2
2646,14720100512001,1
2647,14720100512002,1
2648,14720100512003,1
2649,14720100512004,1
2650,14720100512006,1
2651,14720100512007,1
2652,14720100512008,1
2653,14720100512009,1
2654,14720100512010,1
2655,14720100512011,1
2656,14720100512012,1
2657,14720100512013,1
2658,14720100512014,1
2659,14720100512015,1
2660,14720100512016,1
2661,14720100512017,1
2662,14720100512018,1
2663,14720100512019,1
2664,14720100512020,1
2665,14720100549006,1
2666,14720100549012,1
2667,14720100549018,1
2668,14720100549024,1
2669,14720100549030,1
2670,14720100549036,1
2671,14720100549042,1
2672,14720100549048,9
2673,14720100549054,5
2674,14720100549060,1
2675,14720100549066,1
2676,14720100549072,1
2677,14720100549078,1
2678,14720100549084,1
2679,14720100549090,1
2680,14720100549096,1
2681,14720100549102,1
2682,14720100549114,1
2683,14720100549120,1
2684,14720100560001,1
2685,14720100560002,1
2686,14720100560007,1
2687,14720100560008,1
2688,14720100560017,1
2689,14720100560024,1
2690,14720100560031,1
2691,14720100560038,1
2692,14720100560059,1
2693,14720100560066,1
2694,14720100560073,1
2695,14720100560080,1
2696,14720100633001,1
2697,14720100633002,1
2698,14720100633003,6
2699,14720100633004,6
2700,14720100633005,1
2701,14720100633006,6
2702,14720100633007,5
2703,14720100633007,6
2704,14720100633008,1
2705,14720100633019,5
2706,14720100633052,1
2707,14720100633058,5
2708,14720100633064,1
2709,14720100633070,1
2710,14720100633076,1
2711,14720100633082,5
2712,14720100633088,5
2713,14720100633094,1
2714,14720100633100,1
2715,14720100633106,1
2716,14720100633117,5
2717,14720100702001,1
2718,14720100702002,1
2719,14720100702003,1
2720,14720100702004,1
2721,14720100702005,1
2722,14720100702006,1
2723,14720100702007,1
2724,14720100702008,1
2725,14720100702009,1
2726,14720100702010,1
2727,14720100702011,1
2728,14720100702012,1
2729,14720100702013,1
2730,14720100702014,1
2731,14720100702015,1
2732,14720100702016,1
2733,14720100702017,1
2734,14720100702018,1
2735,14720100702019,1
2736,14720100702020,1
2737,14730200238003,2
2738,14730200238022,2
2739,14730200238041,1
2740,14730200238060,2
2741,14730200238079,1
2742,14730200238098,2
2743,14730200238117,2
2744,14730200238136,2
2745,14730200238155,1
2746,14730200238174,1
2747,14730200238193,1
2748,14730200238212,2
2749,14730200527001,1
2750,14730200527002,1
2751,14730200527003,1
2752,14730200527004,1
2753,14730200527005,1
2754,14730200527006,1
2755,14730200527007,1
2756,14730200527008,9
2757,14730200527009,1
2758,14730200527010,1
2759,14730200527011,1
2760,14730200527012,1
2761,14730200833004,1
2762,14730200833013,1
2763,14730200833014,1
2764,14730200833015,1
2765,14730200833016,1
2766,14730200833021,1
2767,14730200833106,6
2768,14730200833123,2
2769,14730200833140,2
2770,14730200833140,8
2771,14730200833157,1
2772,14730200833174,1
2773,14730200833191,1
2774,14740300273001,1
2775,14740300273002,1
2776,14740300273003,1
2777,14740300273004,1
2778,14740300273005,6
2779,14740300273006,1
2780,14740300273007,1
2781,14740300273008,1
2782,14740300273009,1
2783,14740300273010,1
2784,14740300273011,1
2785,14740300273012,8
2786,14740300546001,1
2787,14740300546013,1
2788,14740300546025,6
2789,14740300546037,6
2790,14740300546049,5
2791,14740300546061,2
2792,14740300546061,6
2793,14740300546073,6
2794,14740300546085,1
2795,14740300546097,1
2796,14740300546109,6
2797,14740300546121,6
2798,14740300546133,1
2799,14740301003006,10
2800,14740301003030,1
2801,14740301003054,1
2802,14740301003078,1
2803,14740301003126,1
2804,14740301003161,1
2805,14740301003174,1
2806,14740301003176,1
2807,14740301003180,1
2808,14740301003222,1
2809,14740301003246,1
2810,14740301003268,1
2811,14750400317001,6
2812,14750400317002,1
2813,14750400317003,8
2814,14750400317004,1
2815,14750400317005,1
2816,14750400317006,6
2817,14750400317007,3
2818,14750400317008,9
2819,14750400317009,6
2820,14750400317009,9
2821,14750400317010,1
2822,14750400317011,1
2823,14750400317012,5
2824,14750400612001,1
2825,14750400612002,1
2826,14750400612003,1
2827,14750400612004,1
2828,14750400612005,1
2829,14750400612006,1
2830,14750400612007,1
2831,14750400612008,1
2832,14750400612009,1
2833,14750400612010,1
2834,14750400612011,1
2835,14750400612012,1
2836,14750401001001,1
2837,14750401001002,1
2838,14750401001003,9
2839,14750401001004,6
2840,14750401001004,8
2841,14750401001005,1
2842,14750401001006,1
2843,14750401001007,1
2844,14750401001008,8
2845,14750401001009,9
2846,14750401001010,1
2847,14750401001011,1
2848,14750401001012,6
2849,14760500307001,1
2850,14760500307002,1
2851,14760500307003,1
2852,14760500307004,1
2853,14760500307005,1
2854,14760500307006,1
2855,14760500307007,1
2856,14760500307008,1
2857,14760500307009,1
2858,14760500307010,1
2859,14760500307011,1
2860,14760500307012,1
2861,14760500307013,1
2862,14760500307014,1
2863,14760500307015,1
2864,14760500307016,1
2865,14760500307017,1
2866,14760500307018,1
2867,14760500307019,1
2868,14760500307020,1
2869,14760500318001,4
2870,14760500318002,1
2871,14760500318003,10
2872,14760500318004,1
2873,14760500318005,1
2874,14760500318006,2
2875,14760500318007,9
2876,14760500318008,2
2877,14760500318009,2
2878,14760500318010,6
2879,14760500318011,1
2880,14760500318012,9
2881,14760500318013,1
2882,14760500318014,1
2883,14760500318015,1
2884,14760500318016,10
2885,14760500318017,1
2886,14760500318018,1
2887,14760500318019,1
2888,14760500318020,1
2889,14760500330001,1
2890,14760500330002,1
2891,14760500330003,1
2892,14760500330004,1
2893,14760500330005,1
2894,14760500330006,1
2895,14760500330007,1
2896,14760500330008,1
2897,14760500330009,1
2898,14760500330010,1
2899,14760500330011,1
2900,14760500330012,1
2901,14760500330013,1
2902,14760500330014,1
2903,14760500330015,1
2904,14760500330016,1
2905,14760500330017,1
2906,14760500330018,1
2907,14760500330019,1
2908,14760500330021,1
2909,14760500409001,1
2910,14760500409002,2
2911,14760500409003,2
2912,14760500409004,1
2913,14760500409005,1
2914,14760500409006,1
2915,14760500409007,1
2916,14760500409008,1
2917,14760500409009,1
2918,14760500409010,1
2919,14760500409011,1
2920,14760500409012,1
2921,14760500409013,1
2922,14760500409014,1
2923,14760500409016,1
2924,14760500409017,1
2925,14760500409018,1
2926,14760500409019,1
2927,14760500409020,1
2928,14760500430001,1
2929,14760500430002,1
2930,14760500430003,1
2931,14760500430004,1
2932,14760500430005,1
2933,14760500430006,1
2934,14760500430007,1
2935,14760500430008,1
2936,14760500430009,1
2937,14760500430010,1
2938,14760500430011,1
2939,14760500430012,1
2940,14760500430013,1
2941,14760500430014,1
2942,14760500430015,1
2943,14760500430016,1
2944,14760500430017,1
2945,14760500430018,1
2946,14760500430019,1
2947,14760500430020,1
2948,14760500507001,1
2949,14760500507002,1
2950,14760500507003,1
2951,14760500507004,1
2952,14760500507005,1
2953,14760500507006,1
2954,14760500507007,1
2955,14760500507008,1
2956,14760500507009,1
2957,14760500507010,1
2958,14760500507011,5
2959,14760500507011,6
2960,14760500507012,1
2961,14760500507013,1
2962,14760500507014,1
2963,14760500507015,1
2964,14760500507016,1
2965,14760500507017,1
2966,14760500507018,1
2967,14760500507019,1
2968,14760500507020,1
2969,14760500517001,5
2970,14760500517002,5
2971,14760500517002,9
2972,14760500517003,1
2973,14760500517004,8
2974,14760500517005,1
2975,14760500517006,1
2976,14760500517007,1
2977,14760500517008,5
2978,14760500517009,1
2979,14760500517010,2
2980,14760500517010,5
2981,14760500517011,2
2982,14760500517011,5
2983,14760500517011,9
2984,14760500517012,2
2985,14760500517012,5
2986,14760500517013,5
2987,14760500517014,5
2988,14760500517015,5
2989,14760500517015,9
2990,14760500517016,5
2991,14760500517016,9
2992,14760500517018,5
2993,14760500517018,9
2994,14760500517019,5
2995,14760500517019,9
2996,14760500517020,2
2997,14760500517020,5
2998,14760500517044,9
2999,14760500527001,1
3000,14760500527002,1
3001,14760500527003,1
3002,14760500527004,2
3003,14760500527005,1
3004,14760500527006,1
3005,14760500527007,1
3006,14760500527008,1
3007,14760500527009,1
3008,14760500527010,1
3009,14760500527011,1
3010,14760500527012,1
3011,14760500527013,2
3012,14760500527014,3
3013,14760500527015,1
3014,14760500527016,1
3015,14760500527017,1
3016,14760500527018,2
3017,14760500527019,1
3018,14760500527020,1
3019,14760500532001,1
3020,14760500532002,1
3021,14760500532003,1
3022,14760500532004,1
3023,14760500532005,1
3024,14760500532006,3
3025,14760500532007,1
3026,14760500532008,1
3027,14760500532009,1
3028,14760500532010,1
3029,14760500532011,1
3030,14760500532012,1
3031,14760500532013,1
3032,14760500532014,1
3033,14760500532015,1
3034,14760500532016,1
3035,14760500532017,1
3036,14760500532018,1
3037,14760500532019,1
3038,14760500532020,1
3039,14760500613002,5
3040,14760500613002,6
3041,14760500613003,6
3042,14760500613004,6
3043,14760500613005,6
3044,14760500613006,6
3045,14760500613007,6
3046,14760500613008,2
3047,14760500613008,6
3048,14760500613009,6
3049,14760500613010,1
3050,14760500613011,6
3051,14760500613012,6
3052,14760500613013,1
3053,14760500613014,6
3054,14760500613015,6
3055,14760500613016,1
3056,14760500613017,6
3057,14760500613018,5
3058,14760500613018,6
3059,14760500613019,2
3060,14760500613019,5
3061,14760500613019,6
3062,14760500613020,1
3063,14760500802001,1
3064,14760500802002,1
3065,14760500802003,1
3066,14760500802004,1
3067,14760500802005,1
3068,14760500802006,1
3069,14760500802007,1
3070,14760500802008,1
3071,14760500802009,1
3072,14760500802010,1
3073,14760500802011,1
3074,14760500802012,1
3075,14760500802017,5
3076,14760500802018,5
3077,14760500802019,5
3078,14760500802020,5
3079,14760500802065,1
3080,14760500802070,1
3081,14760500802075,1
3082,14760500802080,1
3083,14760500811002,1
3084,14760500811007,1
3085,14760500811012,1
3086,14760500811017,1
3087,14760500811022,1
3088,14760500811027,1
3089,14760500811032,1
3090,14760500811037,1
3091,14760500811042,9
3092,14760500811047,1
3093,14760500811052,1
3094,14760500811057,1
3095,14760500811062,1
3096,14760500811067,1
3097,14760500811072,1
3098,14760500811077,1
3099,14760500811082,1
3100,14760500811087,1
3101,14760500811092,1
3102,14760500811097,1
3103,14770600201001,1
3104,14770600201002,5
3105,14770600201002,8
3106,14770600201003,1
3107,14770600201004,1
3108,14770600201005,1
3109,14770600201006,1
3110,14770600201007,1
3111,14770600201008,1
3112,14770600201010,1
3113,14770600201011,1
3114,14770600201012,1
3115,14770600201017,1
3116,14770600305001,1
3117,14770600305002,1
3118,14770600305004,1
3119,14770600305006,1
3120,14770600305008,1
3121,14770600305009,1
3122,14770600305010,1
3123,14770600305011,1
3124,14770600305012,1
3125,14770600305013,1
3126,14770600305014,1
3127,14770600305015,1
3128,14770600305016,1
3129,14770600305017,5
3130,14770600305017,9
3131,14770600305018,1
3132,14770600305019,1
3133,14770600305020,1
3134,14770600305022,1
3135,14770600404001,3
3136,14770600404002,2
3137,14770600404003,1
3138,14770600404005,2
3139,14770600404006,1
3140,14770600404007,1
3141,14770600404008,9
3142,14770600404009,1
3143,14770600404010,1
3144,14770600404011,1
3145,14770600404012,1
3146,14770600404013,3
3147,14770600404014,1
3148,14770600404015,1
3149,14770600404016,1
3150,14770600404017,1
3151,14770600404018,2
3152,14770600404019,2
3153,14770600404020,1
3154,14770600528001,1
3155,14770600528002,1
3156,14770600528010,1
3157,14770600528014,1
3158,14770600528015,1
3159,14770600528016,1
3160,14770600528017,1
3161,14770600528018,6
3162,14770600528026,1
3163,14770600528034,1
3164,14770600528042,1
3165,14770600528058,1
3166,14770600528066,1
3167,14770600528074,2
3168,14770600528082,1
3169,14770600528090,2
3170,14770600528098,1
3171,14770600528098,2
3172,14770600528099,1
3173,14770600528146,1
3174,14770600528154,5
3175,14770600625001,1
3176,14770600625008,1
3177,14770600625009,1
3178,14770600625011,1
3179,14770600625012,1
3180,14770600625013,1
3181,14770600625014,1
3182,14770600625015,1
3183,14770600625016,1
3184,14770600625017,1
3185,14770600625018,1
3186,14770600625019,1
3187,14770600625020,1
3188,14770600625022,1
3189,14770600625029,1
3190,14770600625036,1
3191,14770600625043,1
3192,14770600625050,1
3193,14770600625064,1
3194,14770600821003,1
3195,14770600821005,1
3196,14770600821006,1
3197,14770600821007,1
3198,14770600821008,1
3199,14770600821009,1
3200,14770600821010,1
3201,14770600821011,1
3202,14770600821012,1
3203,14770600821018,1
3204,14770600821033,1
3205,14770600821048,1
3206,14770600929002,1
3207,14770600929003,1
3208,14770600929004,1
3209,14770600929005,1
3210,14770600929006,1
3211,14770600929007,1
3212,14770600929008,2
3213,14770600929009,1
3214,14770600929010,1
3215,14770600929012,1
3216,14770600929014,1
3217,14770600929015,1
3218,14770600929016,1
3219,14770600929017,1
3220,14770600929018,1
3221,14770600929019,1
3222,14770600929020,1
3223,14780700220001,1
3224,14780700220002,5
3225,14780700220002,8
3226,14780700220003,1
3227,14780700220004,1
3228,14780700220005,6
3229,14780700220006,2
3230,14780700220007,1
3231,14780700220008,1
3232,14780700220009,1
3233,14780700220010,1
3234,14780700220011,6
3235,14780700220012,8
3236,14780700220012,9
3237,14780700524001,2
3238,14780700524002,2
3239,14780700524003,1
3240,14780700524005,1
3241,14780700524006,1
3242,14780700524007,1
3243,14780700524008,1
3244,14780700524009,1
3245,14780700524010,1
3246,14780700524011,2
3247,14780700524012,1
3248,14780700911001,1
3249,14780700911003,3
3250,14780700911004,1
3251,14780700911005,1
3252,14780700911006,1
3253,14780700911007,1
3254,14780700911008,1
3255,14780700911014,1
3256,14780700911037,1
3257,14780700911080,1
3258,14780700911089,6
3259,14790800116001,1
3260,14790800116002,5
3261,14790800116003,4
3262,14790800116012,1
3263,14790800116021,1
3264,14790800116030,1
3265,14790800116039,1
3266,14790800116057,1
3267,14790800116066,1
3268,14790800116093,1
3269,14790800116111,1
3270,14790800116120,1
3271,14790800116129,1
3272,14790800116138,1
3273,14790800116147,1
3274,14790800116156,1
3275,14790800116165,1
3276,14790800116174,1
3277,14790800152001,1
3278,14790800152002,1
3279,14790800152003,1
3280,14790800152004,1
3281,14790800152005,1
3282,14790800152006,1
3283,14790800152007,6
3284,14790800152008,1
3285,14790800152009,1
3286,14790800152010,1
3287,14790800152011,1
3288,14790800152012,1
3289,14790800204001,1
3290,14790800204002,1
3291,14790800204003,2
3292,14790800204004,1
3293,14790800204005,1
3294,14790800204006,1
3295,14790800204007,7
3296,14790800204008,1
3297,14790800204009,1
3298,14790800204010,1
3299,14790800204011,1
3300,14790800204012,1
3301,14790800204013,1
3302,14790800204014,1
3303,14790800204015,2
3304,14790800204016,1
3305,14790800204017,1
3306,14790800204018,1
3307,14790800204019,1
3308,14790800204020,1
3309,14790800217001,7
3310,14790800217001,8
3311,14790800217002,1
3312,14790800217003,1
3313,14790800217004,1
3314,14790800217005,1
3315,14790800217006,1
3316,14790800217007,1
3317,14790800217008,1
3318,14790800217009,1
3319,14790800217010,1
3320,14790800217011,1
3321,14790800217012,1
3322,14790800217013,1
3323,14790800217014,1
3324,14790800217015,1
3325,14790800217016,1
3326,14790800217017,1
3327,14790800217018,2
3328,14790800217019,1
3329,14790800217020,1
3330,14790800503001,1
3331,14790800503002,1
3332,14790800503003,1
3333,14790800503004,1
3334,14790800503005,1
3335,14790800503006,1
3336,14790800503007,1
3337,14790800503008,1
3338,14790800503009,1
3339,14790800503010,1
3340,14790800503011,1
3341,14790800503012,1
3342,14790800503013,1
3343,14790800503014,1
3344,14790800503015,1
3345,14790800503016,1
3346,14790800503017,9
3347,14790800503018,1
3348,14790800503019,1
3349,14790800503020,1
3350,14790800514001,1
3351,14790800514002,1
3352,14790800514003,1
3353,14790800514004,1
3354,14790800514005,1
3355,14790800514006,1
3356,14790800514007,1
3357,14790800514008,1
3358,14790800514009,1
3359,14790800514010,1
3360,14790800514011,3
3361,14790800514012,1
3362,14790800514013,1
3363,14790800514014,1
3364,14790800514015,1
3365,14790800514016,1
3366,14790800514017,1
3367,14790800514018,1
3368,14790800514019,1
3369,14790800514020,1
3370,14790800611001,1
3371,14790800611002,1
3372,14790800611003,1
3373,14790800611004,1
3374,14790800611005,1
3375,14790800611006,1
3376,14790800611007,1
3377,14790800611008,1
3378,14790800611009,1
3379,14790800611010,1
3380,14790800611011,1
3381,14790800611012,1
3382,14790800611013,1
3383,14790800611014,1
3384,14790800611015,1
3385,14790800611016,1
3386,14790800611017,1
3387,14790800611018,1
3388,14790800611019,1
3389,14790800611020,1
3390,14790800622001,1
3391,14790800622002,1
3392,14790800622003,1
3393,14790800622004,1
3394,14790800622005,1
3395,14790800622006,1
3396,14790800622007,1
3397,14790800622008,1
3398,14790800622009,1
3399,14790800622010,1
3400,14790800622011,1
3401,14790800622012,1
3402,14790800622013,1
3403,14790800622014,1
3404,14790800622015,1
3405,14790800622016,1
3406,14790800622017,1
3407,14790800622018,1
3408,14790800622019,1
3409,14790800622020,1
3410,14790800720002,1
3411,14790800720010,1
3412,14790800720011,1
3413,14790800720012,1
3414,14790800720013,1
3415,14790800720014,1
3416,14790800720015,1
3417,14790800720016,1
3418,14790800720018,1
3419,14790800720022,1
3420,14790800720026,1
3421,14790800720026,8
3422,14790800720034,1
3423,14790800720042,1
3424,14790800720050,1
3425,14790800720058,1
3426,14790800720066,1
3427,14790800720074,1
3428,14790800720082,1
3429,14790800720090,1
3430,14790800720098,1
3431,14790800733001,1
3432,14790800733002,8
3433,14790800733003,10
3434,14790800733004,1
3435,14790800733005,1
3436,14790800733006,1
3437,14790800733007,1
3438,14790800733008,1
3439,14790800733009,1
3440,14790800733010,1
3441,14790800733011,1
3442,14790800733012,8
3443,14790800733013,1
3444,14790800733014,1
3445,14790800733015,1
3446,14790800733016,1
3447,14790800733017,1
3448,14790800733018,1
3449,14790800733019,1
3450,14790800733020,1
3451,14790800812002,1
3452,14790800812004,1
3453,14790800812009,1
3454,14790800812011,1
3455,14790800812012,1
3456,14790800812016,1
3457,14790800812018,1
3458,14790800812025,1
3459,14790800812032,1
3460,14790800812039,1
3461,14790800812046,1
3462,14790800812053,1
3463,14790800812057,1
3464,14790800812060,1
3465,14790800812067,1
3466,14790800812074,1
3467,14790800812081,1
3468,14790800812088,1
3469,14790800812095,1
3470,14800900214007,1
3471,14800900214017,1
3472,14800900214027,3
3473,14800900214037,1
3474,14800900214047,1
3475,14800900214057,1
3476,14800900214067,7
3477,14800900214077,7
3478,14800900214087,3
3479,14800900214097,1
3480,14800900214107,2
3481,14800900214117,3
3482,14800900559009,1
3483,14800900559020,1
3484,14800900559031,1
3485,14800900559042,1
3486,14800900559053,1
3487,14800900559064,1
3488,14800900559075,1
3489,14800900559086,1
3490,14800900559097,1
3491,14800900559108,1
3492,14800900559119,1
3493,14800900559130,1
3494,14800900802004,1
3495,14800900802011,1
3496,14800900802018,1
3497,14800900802025,1
3498,14800900802032,4
3499,14800900802039,1
3500,14800900802046,3
3501,14800900802053,1
3502,14800900802060,1
3503,14800900802067,2
3504,14800900802074,7
3505,14800900802081,1
3506,14811000201003,1
3507,14811000201008,6
3508,14811000201013,1
3509,14811000201018,1
3510,14811000201023,2
3511,14811000201028,1
3512,14811000201033,3
3513,14811000201038,1
3514,14811000201043,1
3515,14811000201048,1
3516,14811000201053,1
3517,14811000201058,1
3518,14811000527009,1
3519,14811000527010,1
3520,14811000527020,1
3521,14811000527031,9
3522,14811000527042,1
3523,14811000527053,1
3524,14811000527064,1
3525,14811000527075,1
3526,14811000527086,9
3527,14811000527097,1
3528,14811000527119,1
3529,14811000527130,1
3530,14811000825005,1
3531,14811000825013,1
3532,14811000825021,1
3533,14811000825029,1
3534,14811000825037,1
3535,14811000825045,1
3536,14811000825053,1
3537,14811000825061,1
3538,14811000825069,1
3539,14811000825077,1
3540,14811000825085,1
3541,14811000825093,1
3542,15710100216013,1
3543,15710100216014,1
3544,15710100216015,1
3545,15710100216017,1
3546,15710100216018,1
3547,15710100216020,1
3548,15710100216021,1
3549,15710100216024,1
3550,15710100267001,1
3551,15710100267002,1
3552,15710100267003,1
3553,15710100267004,1
3554,15710100267006,1
3555,15710100267007,1
3556,15710100267008,1
3557,15710100267011,1
3558,15710100415001,1
3559,15710100415002,5
3560,15710100415004,1
3561,15710100415005,1
3562,15710100415006,1
3563,15710100415007,1
3564,15710100415009,1
3565,15710100415010,1
3566,15710100605001,2
3567,15710100605002,2
3568,15710100605003,5
3569,15710100605004,1
3570,15710100605007,1
3571,15710100810001,1
3572,15710100810002,3
3573,15710100810003,1
3574,15710100810005,1
3575,15710100810006,1
3576,15710100810007,1
3577,15710100810008,1
3578,15710100810009,3
3579,15710100810009,6
3580,15710100810010,1
3581,15710100810011,1
3582,15710100926001,1
3583,15710100926002,1
3584,15710100926003,1
3585,15710100926005,2
3586,15710100926006,1
3587,15710100926007,1
3588,15710100926008,1
3589,15710100926010,1
3590,15710100926011,1
3591,15710101201002,9
3592,15710101201003,1
3593,15710101201006,1
3594,15710101201008,1
3595,15710101201009,1
3596,15710101201010,1
3597,15710101201011,1
3598,15710101201012,2
3599,15710101301010,1
3600,15710101301028,1
3601,15710101301046,1
3602,15710101301064,1
3603,15710101301082,1
3604,15710101301100,1
3605,15710101301118,1
3606,15710101301136,1
3607,15710101301154,8
3608,15710101301172,1
3609,15710101301190,1
3610,15710101301208,1
